ISO-10303-21;
HEADER;
FILE_DESCRIPTION (( 'STEP AP214' ),
    '1' );
FILE_NAME ('ICP-20100.STEP',
    '2021-09-28T23:32:09',
    ( '' ),
    ( '' ),
    'SwSTEP 2.0',
    'SolidWorks 2020',
    '' );
FILE_SCHEMA (( 'AUTOMOTIVE_DESIGN' ));
ENDSEC;

DATA;
#1 = VERTEX_POINT ( 'NONE', #2494 ) ;
#2 = FACE_OUTER_BOUND ( 'NONE', #2636, .T. ) ;
#3 = ORIENTED_EDGE ( 'NONE', *, *, #1164, .T. ) ;
#4 = CARTESIAN_POINT ( 'NONE',  ( -0.7000000000000001776, 0.8499999999999999778, 0.6250000000000002220 ) ) ;
#5 = FILL_AREA_STYLE_COLOUR ( '', #3560 ) ;
#6 = VERTEX_POINT ( 'NONE', #3491 ) ;
#7 = DIRECTION ( 'NONE',  ( 1.000000000000000000, 0.000000000000000000, -0.000000000000000000 ) ) ;
#8 = ORIENTED_EDGE ( 'NONE', *, *, #4192, .T. ) ;
#9 = LINE ( 'NONE', #3415, #2802 ) ;
#10 = FACE_OUTER_BOUND ( 'NONE', #838, .T. ) ;
#11 = LINE ( 'NONE', #3397, #2048 ) ;
#12 = ORIENTED_EDGE ( 'NONE', *, *, #3331, .T. ) ;
#13 = DIRECTION ( 'NONE',  ( 1.000000000000000000, 0.000000000000000000, 8.673617379884034239E-17 ) ) ;
#14 = EDGE_CURVE ( 'NONE', #1837, #1143, #4178, .T. ) ;
#15 = CARTESIAN_POINT ( 'NONE',  ( -0.6250000000000008882, 0.03499999999999998251, -1.084202172485505420E-15 ) ) ;
#16 = EDGE_CURVE ( 'NONE', #3615, #713, #3861, .T. ) ;
#17 = ORIENTED_EDGE ( 'NONE', *, *, #357, .T. ) ;
#18 = LINE ( 'NONE', #1353, #3435 ) ;
#19 = ORIENTED_EDGE ( 'NONE', *, *, #1350, .T. ) ;
#20 = VECTOR ( 'NONE', #919, 1000.000000000000000 ) ;
#21 = EDGE_CURVE ( 'NONE', #1554, #1397, #108, .T. ) ;
#22 = VECTOR ( 'NONE', #2097, 1000.000000000000000 ) ;
#23 =( GEOMETRIC_REPRESENTATION_CONTEXT ( 3 ) GLOBAL_UNCERTAINTY_ASSIGNED_CONTEXT ( ( #2362 ) ) GLOBAL_UNIT_ASSIGNED_CONTEXT ( ( #2894, #1520, #2800 ) ) REPRESENTATION_CONTEXT ( 'NONE', 'WORKASPACE' ) );
#24 = DIRECTION ( 'NONE',  ( -1.000000000000000000, 0.000000000000000000, 1.445602896647339163E-16 ) ) ;
#25 = PRESENTATION_STYLE_ASSIGNMENT (( #692 ) ) ;
#26 = DIRECTION ( 'NONE',  ( -1.000000000000000000, 0.000000000000000000, -0.000000000000000000 ) ) ;
#27 = DIRECTION ( 'NONE',  ( -1.000000000000000000, -0.000000000000000000, -1.734723475976806848E-16 ) ) ;
#28 = VECTOR ( 'NONE', #1737, 1000.000000000000000 ) ;
#29 = ORIENTED_EDGE ( 'NONE', *, *, #3819, .F. ) ;
#30 = ORIENTED_EDGE ( 'NONE', *, *, #2585, .T. ) ;
#31 = CARTESIAN_POINT ( 'NONE',  ( -0.6250000000000000000, 0.03500000000000000333, 0.6250000000000009992 ) ) ;
#32 = FILL_AREA_STYLE ('',( #54 ) ) ;
#33 = VECTOR ( 'NONE', #900, 1000.000000000000000 ) ;
#34 = FACE_OUTER_BOUND ( 'NONE', #3501, .T. ) ;
#35 = CARTESIAN_POINT ( 'NONE',  ( 0.6249999999999997780, 0.2500000000000000000, 0.9250000000000002665 ) ) ;
#36 = CARTESIAN_POINT ( 'NONE',  ( 0.2399999999999991029, 0.7999999999999999334, 0.2399999999999991029 ) ) ;
#37 = VECTOR ( 'NONE', #3595, 1000.000000000000000 ) ;
#38 = LINE ( 'NONE', #4106, #2530 ) ;
#39 = CIRCLE ( 'NONE', #2025, 0.1750000000000000167 ) ;
#40 = AXIS2_PLACEMENT_3D ( 'NONE', #3144, #3811, #767 ) ;
#41 = CARTESIAN_POINT ( 'NONE',  ( 0.9249999999999999334, 0.2500000000000000000, 0.6250000000000001110 ) ) ;
#42 = AXIS2_PLACEMENT_3D ( 'NONE', #3941, #569, #4330 ) ;
#43 = CARTESIAN_POINT ( 'NONE',  ( -0.6250000000000000000, -0.000000000000000000, -0.9250000000000011546 ) ) ;
#44 = ORIENTED_EDGE ( 'NONE', *, *, #1164, .F. ) ;
#45 = EDGE_CURVE ( 'NONE', #1115, #2291, #757, .T. ) ;
#46 = EDGE_CURVE ( 'NONE', #888, #2516, #1137, .T. ) ;
#47 = LINE ( 'NONE', #3768, #2891 ) ;
#48 = DIRECTION ( 'NONE',  ( 0.000000000000000000, 1.000000000000000000, 0.000000000000000000 ) ) ;
#49 = FILL_AREA_STYLE_COLOUR ( '', #1273 ) ;
#50 = EDGE_CURVE ( 'NONE', #369, #4027, #1119, .T. ) ;
#51 = ADVANCED_FACE ( 'NONE', ( #509 ), #3221, .T. ) ;
#52 = VERTEX_POINT ( 'NONE', #536 ) ;
#53 = DIRECTION ( 'NONE',  ( 4.625929269271497944E-15, 0.000000000000000000, -1.000000000000000000 ) ) ;
#54 = FILL_AREA_STYLE_COLOUR ( '', #1798 ) ;
#55 = VECTOR ( 'NONE', #204, 1000.000000000000000 ) ;
#56 = DIRECTION ( 'NONE',  ( 0.000000000000000000, 0.000000000000000000, 1.000000000000000000 ) ) ;
#57 = CARTESIAN_POINT ( 'NONE',  ( -0.6250000000000000000, 0.03500000000000000333, 0.6250000000000009992 ) ) ;
#58 = LINE ( 'NONE', #3785, #2340 ) ;
#59 = DIRECTION ( 'NONE',  ( -1.000000000000000000, 0.000000000000000000, -7.228014483236698281E-17 ) ) ;
#60 = ORIENTED_EDGE ( 'NONE', *, *, #233, .T. ) ;
#61 = DIRECTION ( 'NONE',  ( 0.000000000000000000, 0.000000000000000000, 1.000000000000000000 ) ) ;
#62 = CARTESIAN_POINT ( 'NONE',  ( 1.807003620809169455E-16, 0.03499999999999998251, 0.1249999999999997086 ) ) ;
#63 = LINE ( 'NONE', #2417, #2683 ) ;
#64 = LINE ( 'NONE', #4214, #952 ) ;
#65 = CARTESIAN_POINT ( 'NONE',  ( 0.6250000000000011102, 0.000000000000000000, 0.1249999999999988065 ) ) ;
#66 = VERTEX_POINT ( 'NONE', #2675 ) ;
#67 = EDGE_CURVE ( 'NONE', #1954, #389, #1314, .T. ) ;
#68 = ORIENTED_EDGE ( 'NONE', *, *, #1896, .F. ) ;
#69 = CARTESIAN_POINT ( 'NONE',  ( 0.1249999999999999167, 0.000000000000000000, 9.035018104045866688E-18 ) ) ;
#70 = CARTESIAN_POINT ( 'NONE',  ( -1.807003620809169455E-16, 0.03499999999999998251, 0.1249999999999997086 ) ) ;
#71 = EDGE_CURVE ( 'NONE', #2076, #2549, #1275, .T. ) ;
#72 = EDGE_CURVE ( 'NONE', #510, #549, #2277, .T. ) ;
#73 = CARTESIAN_POINT ( 'NONE',  ( -0.6250000000000003331, 0.1499999999999999944, -0.9249999999999998224 ) ) ;
#74 = CARTESIAN_POINT ( 'NONE',  ( 1.000000000000000888, 0.03500000000000000333, -0.3750000000000000000 ) ) ;
#75 = FACE_OUTER_BOUND ( 'NONE', #2361, .T. ) ;
#76 = FACE_OUTER_BOUND ( 'NONE', #1910, .T. ) ;
#77 = ORIENTED_EDGE ( 'NONE', *, *, #3313, .F. ) ;
#78 = CARTESIAN_POINT ( 'NONE',  ( -0.6250000000000003331, 0.2999999999999999334, 0.8750000000000000000 ) ) ;
#79 = ORIENTED_EDGE ( 'NONE', *, *, #3133, .F. ) ;
#80 = CARTESIAN_POINT ( 'NONE',  ( -0.6250000000000003331, 0.1499999999999999944, 0.6250000000000001110 ) ) ;
#81 = PLANE ( 'NONE',  #3440 ) ;
#82 =( NAMED_UNIT ( * ) PLANE_ANGLE_UNIT ( ) SI_UNIT ( $, .RADIAN. ) );
#83 = VECTOR ( 'NONE', #2705, 1000.000000000000000 ) ;
#84 = ORIENTED_EDGE ( 'NONE', *, *, #1567, .F. ) ;
#85 = DIRECTION ( 'NONE',  ( 1.000000000000000000, 0.000000000000000000, -0.000000000000000000 ) ) ;
#86 = CIRCLE ( 'NONE', #2860, 0.05000000000000002359 ) ;
#87 =( LENGTH_UNIT ( ) NAMED_UNIT ( * ) SI_UNIT ( .MILLI., .METRE. ) );
#88 = CIRCLE ( 'NONE', #1936, 0.1499999999999999667 ) ;
#89 = ORIENTED_EDGE ( 'NONE', *, *, #3735, .T. ) ;
#90 = EDGE_CURVE ( 'NONE', #1474, #628, #2592, .T. ) ;
#91 = AXIS2_PLACEMENT_3D ( 'NONE', #3329, #1532, #573 ) ;
#92 = CARTESIAN_POINT ( 'NONE',  ( 0.6250000000000000000, 0.03500000000000000333, -0.6250000000000009992 ) ) ;
#93 = LINE ( 'NONE', #2828, #4171 ) ;
#94 = LINE ( 'NONE', #4127, #808 ) ;
#95 = EDGE_CURVE ( 'NONE', #3552, #2510, #3599, .T. ) ;
#96 = VECTOR ( 'NONE', #2108, 1000.000000000000000 ) ;
#97 = FACE_OUTER_BOUND ( 'NONE', #2835, .T. ) ;
#98 = LINE ( 'NONE', #2767, #2749 ) ;
#99 = DIRECTION ( 'NONE',  ( 0.000000000000000000, -1.000000000000000000, 0.000000000000000000 ) ) ;
#100 = VECTOR ( 'NONE', #606, 1000.000000000000000 ) ;
#101 = VECTOR ( 'NONE', #4039, 1000.000000000000000 ) ;
#102 = AXIS2_PLACEMENT_3D ( 'NONE', #1344, #2707, #1680 ) ;
#103 = VERTEX_POINT ( 'NONE', #987 ) ;
#104 = DIRECTION ( 'NONE',  ( -0.000000000000000000, -1.000000000000000000, -0.000000000000000000 ) ) ;
#105 = DIRECTION ( 'NONE',  ( -1.000000000000000000, -0.000000000000000000, -1.734723475976807094E-15 ) ) ;
#106 = AXIS2_PLACEMENT_3D ( 'NONE', #1443, #3912, #2925 ) ;
#107 = ORIENTED_EDGE ( 'NONE', *, *, #3337, .T. ) ;
#108 = LINE ( 'NONE', #489, #1616 ) ;
#109 = LINE ( 'NONE', #4118, #3427 ) ;
#110 = FACE_OUTER_BOUND ( 'NONE', #2524, .T. ) ;
#111 = ORIENTED_EDGE ( 'NONE', *, *, #3493, .T. ) ;
#112 = CARTESIAN_POINT ( 'NONE',  ( -0.3750000000000000000, 0.03499999999999998251, -0.9250000000000011546 ) ) ;
#113 = PLANE ( 'NONE',  #2819 ) ;
#114 = DIRECTION ( 'NONE',  ( 1.000000000000000000, 0.000000000000000000, -0.000000000000000000 ) ) ;
#115 = AXIS2_PLACEMENT_3D ( 'NONE', #3835, #3515, #1179 ) ;
#116 = CARTESIAN_POINT ( 'NONE',  ( -1.000000000000000888, 0.03500000000000000333, -0.3750000000000000000 ) ) ;
#117 = EDGE_CURVE ( 'NONE', #2836, #3193, #1686, .T. ) ;
#118 = ORIENTED_EDGE ( 'NONE', *, *, #1976, .T. ) ;
#119 = EDGE_CURVE ( 'NONE', #2521, #1837, #2324, .T. ) ;
#120 = DIRECTION ( 'NONE',  ( 4.915049848600948964E-15, 0.000000000000000000, -1.000000000000000000 ) ) ;
#121 = VECTOR ( 'NONE', #4057, 1000.000000000000000 ) ;
#122 = ORIENTED_EDGE ( 'NONE', *, *, #3927, .F. ) ;
#123 = FACE_OUTER_BOUND ( 'NONE', #3334, .T. ) ;
#124 = EDGE_LOOP ( 'NONE', ( #1924, #4189, #2438, #2124 ) ) ;
#125 = ORIENTED_EDGE ( 'NONE', *, *, #1919, .F. ) ;
#126 = ADVANCED_FACE ( 'NONE', ( #4024 ), #3641, .F. ) ;
#127 = AXIS2_PLACEMENT_3D ( 'NONE', #1092, #2771, #3733 ) ;
#128 = LINE ( 'NONE', #1860, #2098 ) ;
#129 =( NAMED_UNIT ( * ) PLANE_ANGLE_UNIT ( ) SI_UNIT ( $, .RADIAN. ) );
#130 = VERTEX_POINT ( 'NONE', #935 ) ;
#131 = FACE_OUTER_BOUND ( 'NONE', #2372, .T. ) ;
#132 = FACE_OUTER_BOUND ( 'NONE', #175, .T. ) ;
#133 = ORIENTED_EDGE ( 'NONE', *, *, #4149, .F. ) ;
#134 = APPLICATION_PROTOCOL_DEFINITION ( 'draft international standard', 'automotive_design', 1998, #4033 ) ;
#135 = ORIENTED_EDGE ( 'NONE', *, *, #447, .F. ) ;
#136 = DIRECTION ( 'NONE',  ( 0.000000000000000000, 0.000000000000000000, -1.000000000000000000 ) ) ;
#137 = FACE_OUTER_BOUND ( 'NONE', #3635, .T. ) ;
#138 = LINE ( 'NONE', #783, #243 ) ;
#139 = DIRECTION ( 'NONE',  ( -0.000000000000000000, -1.000000000000000000, -0.000000000000000000 ) ) ;
#140 = LINE ( 'NONE', #4169, #666 ) ;
#141 = VERTEX_POINT ( 'NONE', #4339 ) ;
#142 = ORIENTED_EDGE ( 'NONE', *, *, #1889, .F. ) ;
#143 = LINE ( 'NONE', #4130, #794 ) ;
#144 = ADVANCED_FACE ( 'NONE', ( #1961 ), #3317, .F. ) ;
#145 = ORIENTED_EDGE ( 'NONE', *, *, #4313, .T. ) ;
#146 = EDGE_CURVE ( 'NONE', #1093, #1554, #1933, .T. ) ;
#147 = DIRECTION ( 'NONE',  ( 8.673617379884034239E-17, 0.000000000000000000, -1.000000000000000000 ) ) ;
#148 = LINE ( 'NONE', #3901, #3076 ) ;
#149 = ORIENTED_EDGE ( 'NONE', *, *, #45, .T. ) ;
#150 = CARTESIAN_POINT ( 'NONE',  ( 0.2399999999999991029, 0.7999999999999999334, 0.2399999999999991029 ) ) ;
#151 = SURFACE_STYLE_FILL_AREA ( #2480 ) ;
#152 = COLOUR_RGB ( '',1.000000000000000000, 0.8117647058823529438, 0.5019607843137254832 ) ;
#153 = ORIENTED_EDGE ( 'NONE', *, *, #4254, .T. ) ;
#154 = ORIENTED_EDGE ( 'NONE', *, *, #3601, .T. ) ;
#155 = AXIS2_PLACEMENT_3D ( 'NONE', #3582, #2551, #492 ) ;
#156 = VECTOR ( 'NONE', #3172, 1000.000000000000000 ) ;
#157 = CARTESIAN_POINT ( 'NONE',  ( -0.3750000000000000000, 0.03499999999999998251, 0.6250000000000009992 ) ) ;
#158 = AXIS2_PLACEMENT_3D ( 'NONE', #3068, #2756, #1338 ) ;
#159 = LINE ( 'NONE', #2643, #2053 ) ;
#160 = AXIS2_PLACEMENT_3D ( 'NONE', #2768, #4212, #3186 ) ;
#161 = CARTESIAN_POINT ( 'NONE',  ( 0.3749999999999981681, 0.03500000000000000333, 1.000000000000001332 ) ) ;
#162 = DIRECTION ( 'NONE',  ( 0.000000000000000000, 0.000000000000000000, 1.000000000000000000 ) ) ;
#163 = EDGE_LOOP ( 'NONE', ( #1415, #3150, #1930, #921 ) ) ;
#164 = CARTESIAN_POINT ( 'NONE',  ( -0.6250000000000008882, 0.03500000000000000333, -0.2750000000000000222 ) ) ;
#165 = AXIS2_PLACEMENT_3D ( 'NONE', #2074, #48, #3091 ) ;
#166 = FACE_OUTER_BOUND ( 'NONE', #3519, .T. ) ;
#167 = ORIENTED_EDGE ( 'NONE', *, *, #2688, .T. ) ;
#168 = ORIENTED_EDGE ( 'NONE', *, *, #1028, .F. ) ;
#169 = VECTOR ( 'NONE', #3233, 1000.000000000000000 ) ;
#170 = ORIENTED_EDGE ( 'NONE', *, *, #4368, .F. ) ;
#171 = DIRECTION ( 'NONE',  ( -4.625929269271497944E-15, 0.000000000000000000, 1.000000000000000000 ) ) ;
#172 = ADVANCED_FACE ( 'NONE', ( #1650 ), #1610, .F. ) ;
#173 = DIRECTION ( 'NONE',  ( 0.000000000000000000, -1.000000000000000000, 0.000000000000000000 ) ) ;
#174 = VECTOR ( 'NONE', #2044, 1000.000000000000000 ) ;
#175 = EDGE_LOOP ( 'NONE', ( #1534, #89, #1108, #184 ) ) ;
#176 = ADVANCED_FACE ( 'NONE', ( #4001 ), #578, .T. ) ;
#177 = ORIENTED_EDGE ( 'NONE', *, *, #2689, .F. ) ;
#178 = CARTESIAN_POINT ( 'NONE',  ( -0.5750000000000001776, 0.8399999999999999689, -0.5749999999999999556 ) ) ;
#179 = DIRECTION ( 'NONE',  ( -0.000000000000000000, -1.000000000000000000, -0.000000000000000000 ) ) ;
#180 = EDGE_CURVE ( 'NONE', #291, #393, #1908, .T. ) ;
#181 = EDGE_CURVE ( 'NONE', #2291, #1646, #288, .T. ) ;
#182 = EDGE_LOOP ( 'NONE', ( #3591, #876, #662, #3510 ) ) ;
#183 = VECTOR ( 'NONE', #1011, 1000.000000000000000 ) ;
#184 = ORIENTED_EDGE ( 'NONE', *, *, #1111, .T. ) ;
#185 = EDGE_CURVE ( 'NONE', #4023, #6, #2937, .T. ) ;
#186 = EDGE_LOOP ( 'NONE', ( #1541, #1362, #3413, #17 ) ) ;
#187 = CARTESIAN_POINT ( 'NONE',  ( 0.000000000000000000, 0.03499999999999998251, 0.9250000000000009326 ) ) ;
#188 = DIRECTION ( 'NONE',  ( -1.000000000000000000, 0.000000000000000000, 8.673617379884034239E-17 ) ) ;
#189 = CARTESIAN_POINT ( 'NONE',  ( -0.6249999999999971134, -0.000000000000000000, -2.891205793294675467E-15 ) ) ;
#190 = CARTESIAN_POINT ( 'NONE',  ( -1.000000000000001554, 0.000000000000000000, 0.3749999999999982792 ) ) ;
#191 = DIRECTION ( 'NONE',  ( -1.445602896647339163E-16, 0.000000000000000000, -1.000000000000000000 ) ) ;
#192 = CARTESIAN_POINT ( 'NONE',  ( 0.000000000000000000, 0.000000000000000000, 0.9250000000000009326 ) ) ;
#193 = EDGE_LOOP ( 'NONE', ( #1312, #621, #196, #599 ) ) ;
#194 = DIRECTION ( 'NONE',  ( 1.000000000000000000, 0.000000000000000000, -0.000000000000000000 ) ) ;
#195 = ORIENTED_EDGE ( 'NONE', *, *, #3180, .F. ) ;
#196 = ORIENTED_EDGE ( 'NONE', *, *, #776, .T. ) ;
#197 = ORIENTED_EDGE ( 'NONE', *, *, #95, .T. ) ;
#198 = EDGE_LOOP ( 'NONE', ( #3254, #3820, #1195, #2996 ) ) ;
#199 = CARTESIAN_POINT ( 'NONE',  ( 0.2399999999999991029, 0.8499999999999999778, 0.3899999999999990696 ) ) ;
#200 = FACE_OUTER_BOUND ( 'NONE', #1626, .T. ) ;
#201 = VERTEX_POINT ( 'NONE', #1888 ) ;
#202 = VERTEX_POINT ( 'NONE', #910 ) ;
#203 = VECTOR ( 'NONE', #2106, 1000.000000000000000 ) ;
#204 = DIRECTION ( 'NONE',  ( -4.553649124439120201E-15, 0.000000000000000000, 1.000000000000000000 ) ) ;
#205 = FACE_OUTER_BOUND ( 'NONE', #1316, .T. ) ;
#206 = ADVANCED_FACE ( 'NONE', ( #3244 ), #3293, .F. ) ;
#207 = CARTESIAN_POINT ( 'NONE',  ( -1.000000000000000888, 0.000000000000000000, -1.000000000000000888 ) ) ;
#208 = CARTESIAN_POINT ( 'NONE',  ( 0.000000000000000000, -0.000000000000000000, -0.9250000000000011546 ) ) ;
#209 = EDGE_CURVE ( 'NONE', #3810, #2848, #2002, .T. ) ;
#210 = DIRECTION ( 'NONE',  ( -1.000000000000000000, 0.000000000000000000, -0.000000000000000000 ) ) ;
#211 = CARTESIAN_POINT ( 'NONE',  ( -0.5750000000000001776, 0.8499999999999999778, -0.4749999999999998668 ) ) ;
#212 = DIRECTION ( 'NONE',  ( 0.7071067811865477948, 0.000000000000000000, 0.7071067811865473507 ) ) ;
#213 = CARTESIAN_POINT ( 'NONE',  ( 0.6249999999999998890, 0.2500000000000000000, -0.9250000000000000444 ) ) ;
#214 = LINE ( 'NONE', #1949, #1267 ) ;
#215 = ORIENTED_EDGE ( 'NONE', *, *, #2339, .T. ) ;
#216 = LINE ( 'NONE', #875, #3568 ) ;
#217 = ORIENTED_EDGE ( 'NONE', *, *, #1426, .T. ) ;
#218 = DIRECTION ( 'NONE',  ( 0.000000000000000000, -1.000000000000000000, 0.000000000000000000 ) ) ;
#219 = CARTESIAN_POINT ( 'NONE',  ( -0.6250000000000003331, 0.2999999999999999334, -0.8749999999999997780 ) ) ;
#220 = EDGE_LOOP ( 'NONE', ( #1504, #1821, #3354, #2831 ) ) ;
#221 = EDGE_LOOP ( 'NONE', ( #1453, #2817, #1629, #2885 ) ) ;
#222 = DIRECTION ( 'NONE',  ( -1.000000000000000000, -0.000000000000000000, 1.734723475976806848E-16 ) ) ;
#223 = FILL_AREA_STYLE ('',( #4269 ) ) ;
#224 = DIRECTION ( 'NONE',  ( 1.000000000000000000, 0.000000000000000000, 0.000000000000000000 ) ) ;
#225 = DIRECTION ( 'NONE',  ( 1.000000000000000000, -0.000000000000000000, 1.734723475976806848E-16 ) ) ;
#226 = PLANE ( 'NONE',  #3959 ) ;
#227 = EDGE_CURVE ( 'NONE', #2228, #1192, #63, .T. ) ;
#228 = CARTESIAN_POINT ( 'NONE',  ( 0.2399999999999991307, 0.8249999999999998446, 0.3899999999999990696 ) ) ;
#229 = AXIS2_PLACEMENT_3D ( 'NONE', #1785, #2421, #4179 ) ;
#230 = DIRECTION ( 'NONE',  ( 0.000000000000000000, 0.000000000000000000, 1.000000000000000000 ) ) ;
#231 =( NAMED_UNIT ( * ) SI_UNIT ( $, .STERADIAN. ) SOLID_ANGLE_UNIT ( ) );
#232 = LINE ( 'NONE', #497, #1902 ) ;
#233 = EDGE_CURVE ( 'NONE', #52, #2842, #47, .T. ) ;
#234 = CARTESIAN_POINT ( 'NONE',  ( -0.1750000000000002387, 0.000000000000000000, 0.1750000000000003220 ) ) ;
#235 = ORIENTED_EDGE ( 'NONE', *, *, #3043, .T. ) ;
#236 = DIRECTION ( 'NONE',  ( 1.000000000000000000, -0.000000000000000000, 0.000000000000000000 ) ) ;
#237 = LINE ( 'NONE', #3665, #2013 ) ;
#238 = ORIENTED_EDGE ( 'NONE', *, *, #371, .F. ) ;
#239 = ORIENTED_EDGE ( 'NONE', *, *, #3717, .T. ) ;
#240 = DIRECTION ( 'NONE',  ( 0.000000000000000000, 0.000000000000000000, 1.000000000000000000 ) ) ;
#241 = PRESENTATION_STYLE_ASSIGNMENT (( #1560 ) ) ;
#242 = VECTOR ( 'NONE', #1319, 1000.000000000000000 ) ;
#243 = VECTOR ( 'NONE', #4165, 1000.000000000000000 ) ;
#244 = CARTESIAN_POINT ( 'NONE',  ( -0.5750000000000001776, 0.8399999999999999689, -0.5749999999999999556 ) ) ;
#245 = LINE ( 'NONE', #4228, #4203 ) ;
#246 = CARTESIAN_POINT ( 'NONE',  ( 0.6249999999999998890, 0.8499999999999999778, 0.7000000000000001776 ) ) ;
#247 = AXIS2_PLACEMENT_3D ( 'NONE', #612, #3253, #212 ) ;
#248 = SURFACE_SIDE_STYLE ('',( #3299 ) ) ;
#249 = DIRECTION ( 'NONE',  ( -0.000000000000000000, -1.000000000000000000, -0.000000000000000000 ) ) ;
#250 = CARTESIAN_POINT ( 'NONE',  ( -0.9250000000000000444, 0.03499999999999998251, -0.3750000000000000000 ) ) ;
#251 = DIRECTION ( 'NONE',  ( 8.673617379884036705E-17, -0.000000000000000000, 1.000000000000000000 ) ) ;
#252 = ORIENTED_EDGE ( 'NONE', *, *, #146, .T. ) ;
#253 = FACE_OUTER_BOUND ( 'NONE', #2850, .T. ) ;
#254 = ORIENTED_EDGE ( 'NONE', *, *, #2878, .F. ) ;
#255 = ADVANCED_FACE ( 'NONE', ( #4047 ), #1692, .T. ) ;
#256 = ORIENTED_EDGE ( 'NONE', *, *, #563, .T. ) ;
#257 = CLOSED_SHELL ( 'NONE', ( #3012, #265, #499, #3889, #3542, #913 ) ) ;
#258 = MANIFOLD_SOLID_BREP ( 'Pin[6]', #1398 ) ;
#259 = ORIENTED_EDGE ( 'NONE', *, *, #3463, .T. ) ;
#260 = PLANE ( 'NONE',  #4298 ) ;
#261 = ADVANCED_FACE ( 'NONE', ( #709 ), #2393, .T. ) ;
#262 = DIRECTION ( 'NONE',  ( -8.673617379884034239E-17, 0.000000000000000000, -1.000000000000000000 ) ) ;
#263 = UNCERTAINTY_MEASURE_WITH_UNIT (LENGTH_MEASURE( 1.000000000000000082E-05 ), #3432, 'distance_accuracy_value', 'NONE');
#264 = ORIENTED_EDGE ( 'NONE', *, *, #937, .F. ) ;
#265 = ADVANCED_FACE ( 'NONE', ( #2366 ), #663, .F. ) ;
#266 = CARTESIAN_POINT ( 'NONE',  ( -0.3750000000000000000, 0.03499999999999998251, 0.000000000000000000 ) ) ;
#267 = MANIFOLD_SOLID_BREP ( 'Pin[4]', #2964 ) ;
#268 = AXIS2_PLACEMENT_3D ( 'NONE', #4015, #2335, #2040 ) ;
#269 = ORIENTED_EDGE ( 'NONE', *, *, #1783, .F. ) ;
#270 = CARTESIAN_POINT ( 'NONE',  ( 0.000000000000000000, 0.03500000000000000333, 0.000000000000000000 ) ) ;
#271 = DIRECTION ( 'NONE',  ( 0.000000000000000000, -1.000000000000000000, 0.000000000000000000 ) ) ;
#272 = CARTESIAN_POINT ( 'NONE',  ( 1.000000000000001554, 0.03500000000000000333, 0.3749999999999982792 ) ) ;
#273 = CARTESIAN_POINT ( 'NONE',  ( 0.2399999999999991307, 0.8249999999999998446, 0.3899999999999990696 ) ) ;
#274 = VERTEX_POINT ( 'NONE', #4132 ) ;
#275 = FACE_OUTER_BOUND ( 'NONE', #3216, .T. ) ;
#276 = CARTESIAN_POINT ( 'NONE',  ( -0.1250000000000018319, 0.000000000000000000, 1.000000000000000444 ) ) ;
#277 = FACE_OUTER_BOUND ( 'NONE', #1937, .T. ) ;
#278 = CARTESIAN_POINT ( 'NONE',  ( 0.2399999999999991029, 0.7999999999999999334, 0.3899999999999990696 ) ) ;
#279 = DIRECTION ( 'NONE',  ( 1.000000000000000000, 0.000000000000000000, 0.000000000000000000 ) ) ;
#280 = CARTESIAN_POINT ( 'NONE',  ( 0.3750000000000031086, 0.000000000000000000, 1.843143693225370948E-15 ) ) ;
#281 = VERTEX_POINT ( 'NONE', #1089 ) ;
#282 = DIRECTION ( 'NONE',  ( -0.000000000000000000, -1.000000000000000000, -0.000000000000000000 ) ) ;
#283 = EDGE_CURVE ( 'NONE', #1339, #2703, #2453, .T. ) ;
#284 = ORIENTED_EDGE ( 'NONE', *, *, #1075, .F. ) ;
#285 = ORIENTED_EDGE ( 'NONE', *, *, #3086, .T. ) ;
#286 = EDGE_CURVE ( 'NONE', #390, #1251, #2972, .T. ) ;
#287 = EDGE_LOOP ( 'NONE', ( #4270, #2617 ) ) ;
#288 = LINE ( 'NONE', #3006, #2331 ) ;
#289 = LINE ( 'NONE', #1582, #3005 ) ;
#290 = ADVANCED_FACE ( 'NONE', ( #1800 ), #3147, .F. ) ;
#291 = VERTEX_POINT ( 'NONE', #213 ) ;
#292 = EDGE_LOOP ( 'NONE', ( #1508, #4000, #2176, #2569 ) ) ;
#293 = CARTESIAN_POINT ( 'NONE',  ( 0.6249999999999998890, 4.174873734152916960, -0.8749999999999998890 ) ) ;
#294 = FACE_OUTER_BOUND ( 'NONE', #4363, .T. ) ;
#295 = LINE ( 'NONE', #1614, #588 ) ;
#296 = CARTESIAN_POINT ( 'NONE',  ( -0.3750000000000000000, -0.000000000000000000, 0.000000000000000000 ) ) ;
#297 = ORIENTED_EDGE ( 'NONE', *, *, #1111, .F. ) ;
#298 = LINE ( 'NONE', #3370, #1175 ) ;
#299 = CARTESIAN_POINT ( 'NONE',  ( 1.000000000000000888, 0.03500000000000000333, -0.3750000000000000000 ) ) ;
#300 = DIRECTION ( 'NONE',  ( -1.000000000000000000, 0.000000000000000000, 0.000000000000000000 ) ) ;
#301 = ORIENTED_EDGE ( 'NONE', *, *, #3920, .T. ) ;
#302 = DIRECTION ( 'NONE',  ( -0.000000000000000000, -0.000000000000000000, 1.000000000000000000 ) ) ;
#303 = PRESENTATION_LAYER_ASSIGNMENT (  '', '', ( #3495 ) ) ;
#304 = VECTOR ( 'NONE', #579, 1000.000000000000000 ) ;
#305 = VECTOR ( 'NONE', #4249, 1000.000000000000000 ) ;
#306 = AXIS2_PLACEMENT_3D ( 'NONE', #4315, #1270, #552 ) ;
#307 = ORIENTED_EDGE ( 'NONE', *, *, #2030, .F. ) ;
#308 = CARTESIAN_POINT ( 'NONE',  ( 0.3749999999999985567, 0.03499999999999998251, 0.9250000000000009326 ) ) ;
#309 = DIRECTION ( 'NONE',  ( 0.000000000000000000, 0.000000000000000000, 1.000000000000000000 ) ) ;
#310 = VECTOR ( 'NONE', #99, 1000.000000000000000 ) ;
#311 = UNCERTAINTY_MEASURE_WITH_UNIT (LENGTH_MEASURE( 1.000000000000000082E-05 ), #3057, 'distance_accuracy_value', 'NONE');
#312 = VERTEX_POINT ( 'NONE', #2475 ) ;
#313 = ADVANCED_FACE ( 'NONE', ( #2949 ), #4232, .F. ) ;
#314 = SURFACE_STYLE_FILL_AREA ( #1399 ) ;
#315 = DIRECTION ( 'NONE',  ( 0.000000000000000000, 1.000000000000000000, 0.000000000000000000 ) ) ;
#316 = EDGE_CURVE ( 'NONE', #651, #1497, #544, .T. ) ;
#317 = ORIENTED_EDGE ( 'NONE', *, *, #695, .F. ) ;
#318 = ADVANCED_FACE ( 'NONE', ( #2905 ), #2792, .F. ) ;
#319 = EDGE_CURVE ( 'NONE', #4401, #1557, #1210, .T. ) ;
#320 = FACE_OUTER_BOUND ( 'NONE', #3095, .T. ) ;
#321 = CARTESIAN_POINT ( 'NONE',  ( 0.6250000000000015543, 0.03499999999999998251, 0.3749999999999989453 ) ) ;
#322 =( NAMED_UNIT ( * ) PLANE_ANGLE_UNIT ( ) SI_UNIT ( $, .RADIAN. ) );
#323 = VERTEX_POINT ( 'NONE', #3796 ) ;
#324 = VECTOR ( 'NONE', #2534, 1000.000000000000000 ) ;
#325 = EDGE_CURVE ( 'NONE', #2833, #52, #3382, .T. ) ;
#326 = DIRECTION ( 'NONE',  ( -1.000000000000000000, 0.000000000000000000, -0.000000000000000000 ) ) ;
#327 = AXIS2_PLACEMENT_3D ( 'NONE', #1125, #3825, #1099 ) ;
#328 = VECTOR ( 'NONE', #2553, 1000.000000000000000 ) ;
#329 = ADVANCED_FACE ( 'NONE', ( #871 ), #2606, .F. ) ;
#330 = VECTOR ( 'NONE', #522, 1000.000000000000000 ) ;
#331 = DIRECTION ( 'NONE',  ( 0.000000000000000000, -0.000000000000000000, -1.000000000000000000 ) ) ;
#332 = SURFACE_SIDE_STYLE ('',( #1993 ) ) ;
#333 = CARTESIAN_POINT ( 'NONE',  ( -0.6250000000000017764, 0.03500000000000000333, 0.9999999999999995559 ) ) ;
#334 = VERTEX_POINT ( 'NONE', #2237 ) ;
#335 = CARTESIAN_POINT ( 'NONE',  ( -0.6250000000000008882, 0.000000000000000000, -0.2750000000000000222 ) ) ;
#336 = MECHANICAL_DESIGN_GEOMETRIC_PRESENTATION_REPRESENTATION (  '', ( #2803 ), #1598 ) ;
#337 = PLANE ( 'NONE',  #2458 ) ;
#338 = CARTESIAN_POINT ( 'NONE',  ( -0.6250000000000015543, 0.03499999999999998251, 0.3749999999999989453 ) ) ;
#339 = VERTEX_POINT ( 'NONE', #4280 ) ;
#340 = ORIENTED_EDGE ( 'NONE', *, *, #3180, .T. ) ;
#341 = DIRECTION ( 'NONE',  ( 0.000000000000000000, -1.000000000000000000, 0.000000000000000000 ) ) ;
#342 = LINE ( 'NONE', #1067, #3077 ) ;
#343 = VECTOR ( 'NONE', #4241, 1000.000000000000000 ) ;
#344 = MANIFOLD_SOLID_BREP ( 'Pin[10]', #471 ) ;
#345 = ORIENTED_EDGE ( 'NONE', *, *, #1568, .F. ) ;
#346 = LINE ( 'NONE', #2304, #2012 ) ;
#347 = ORIENTED_EDGE ( 'NONE', *, *, #1004, .F. ) ;
#348 = AXIS2_PLACEMENT_3D ( 'NONE', #2084, #1079, #4126 ) ;
#349 = ORIENTED_EDGE ( 'NONE', *, *, #1735, .F. ) ;
#350 = ORIENTED_EDGE ( 'NONE', *, *, #14, .T. ) ;
#351 = APPLICATION_PROTOCOL_DEFINITION ( 'draft international standard', 'automotive_design', 1998, #2368 ) ;
#352 = EDGE_CURVE ( 'NONE', #3185, #1777, #1233, .T. ) ;
#353 = EDGE_CURVE ( 'NONE', #953, #3182, #3486, .T. ) ;
#354 = DIRECTION ( 'NONE',  ( 0.000000000000000000, -0.000000000000000000, -1.000000000000000000 ) ) ;
#355 = CARTESIAN_POINT ( 'NONE',  ( -0.6250000000000000000, 0.03500000000000000333, 0.6250000000000009992 ) ) ;
#356 = CARTESIAN_POINT ( 'NONE',  ( -1.000000000000000888, 0.000000000000000000, 0.9999999999999991118 ) ) ;
#357 = EDGE_CURVE ( 'NONE', #1699, #2842, #3232, .T. ) ;
#358 = LINE ( 'NONE', #706, #532 ) ;
#359 = CARTESIAN_POINT ( 'NONE',  ( -0.3750000000000000000, 0.000000000000000000, 0.6250000000000009992 ) ) ;
#360 = DIRECTION ( 'NONE',  ( 1.734723475976806848E-16, -0.000000000000000000, 1.000000000000000000 ) ) ;
#361 = SURFACE_STYLE_FILL_AREA ( #2719 ) ;
#362 = PLANE ( 'NONE',  #165 ) ;
#363 = LINE ( 'NONE', #388, #4065 ) ;
#364 = MANIFOLD_SOLID_BREP ( 'Module', #3459 ) ;
#365 = ORIENTED_EDGE ( 'NONE', *, *, #640, .T. ) ;
#366 = LINE ( 'NONE', #1342, #83 ) ;
#367 = CARTESIAN_POINT ( 'NONE',  ( -0.1750000000000002387, 0.03499999999999998251, 0.1750000000000003220 ) ) ;
#368 = CARTESIAN_POINT ( 'NONE',  ( 0.6249999999999998890, 4.174873734152916960, -0.8749999999999998890 ) ) ;
#369 = VERTEX_POINT ( 'NONE', #1618 ) ;
#370 = PLANE ( 'NONE',  #3309 ) ;
#371 = EDGE_CURVE ( 'NONE', #4338, #1789, #2628, .T. ) ;
#372 = DIRECTION ( 'NONE',  ( 1.000000000000000000, 0.000000000000000000, -0.000000000000000000 ) ) ;
#373 = DIRECTION ( 'NONE',  ( 4.915049848600948964E-15, -0.000000000000000000, -1.000000000000000000 ) ) ;
#374 = CARTESIAN_POINT ( 'NONE',  ( 0.2399999999999991029, 0.7999999999999999334, 0.2399999999999991029 ) ) ;
#375 = EDGE_CURVE ( 'NONE', #274, #4202, #3018, .T. ) ;
#376 = VECTOR ( 'NONE', #1928, 1000.000000000000000 ) ;
#377 = ADVANCED_FACE ( 'NONE', ( #277 ), #1012, .F. ) ;
#378 = FACE_OUTER_BOUND ( 'NONE', #4408, .T. ) ;
#379 = VECTOR ( 'NONE', #2846, 1000.000000000000000 ) ;
#380 = ORIENTED_EDGE ( 'NONE', *, *, #3704, .F. ) ;
#381 = CARTESIAN_POINT ( 'NONE',  ( 0.9249999999999998224, 0.3000000000000000444, -0.6250000000000001110 ) ) ;
#382 = VECTOR ( 'NONE', #1562, 1000.000000000000000 ) ;
#383 = AXIS2_PLACEMENT_3D ( 'NONE', #3798, #4094, #2434 ) ;
#384 = VECTOR ( 'NONE', #3051, 1000.000000000000000 ) ;
#385 = DIRECTION ( 'NONE',  ( 1.000000000000000000, 0.000000000000000000, -0.000000000000000000 ) ) ;
#386 = CARTESIAN_POINT ( 'NONE',  ( 0.9250000000000000444, 0.03499999999999998251, -0.1250000000000000000 ) ) ;
#387 = CIRCLE ( 'NONE', #3999, 0.1499999999999999667 ) ;
#388 = CARTESIAN_POINT ( 'NONE',  ( -0.6250000000000003331, 0.6749999999999999334, 0.8750000000000000000 ) ) ;
#389 = VERTEX_POINT ( 'NONE', #2287 ) ;
#390 = VERTEX_POINT ( 'NONE', #2039 ) ;
#391 = DIRECTION ( 'NONE',  ( -1.734723475976806306E-15, 0.000000000000000000, 1.000000000000000000 ) ) ;
#392 = VECTOR ( 'NONE', #2489, 1000.000000000000000 ) ;
#393 = VERTEX_POINT ( 'NONE', #3990 ) ;
#394 = LINE ( 'NONE', #472, #2244 ) ;
#395 = LINE ( 'NONE', #2751, #2462 ) ;
#396 = CARTESIAN_POINT ( 'NONE',  ( 0.9249999999999999334, 0.2500000000000000000, 0.6250000000000001110 ) ) ;
#397 = VECTOR ( 'NONE', #3287, 1000.000000000000000 ) ;
#398 = CARTESIAN_POINT ( 'NONE',  ( 0.1249999999999999167, 0.4255124837953336292, 9.035018104045866688E-18 ) ) ;
#399 = AXIS2_PLACEMENT_3D ( 'NONE', #3960, #3691, #4344 ) ;
#400 = DIRECTION ( 'NONE',  ( 0.000000000000000000, 0.000000000000000000, -1.000000000000000000 ) ) ;
#401 = VECTOR ( 'NONE', #1409, 1000.000000000000000 ) ;
#402 = EDGE_LOOP ( 'NONE', ( #4128, #417, #533, #1215 ) ) ;
#403 = LINE ( 'NONE', #1755, #3362 ) ;
#404 = ADVANCED_FACE ( 'NONE', ( #4379 ), #949, .T. ) ;
#405 = EDGE_CURVE ( 'NONE', #596, #4081, #4037, .T. ) ;
#406 = DIRECTION ( 'NONE',  ( -8.673617379884034239E-17, 0.000000000000000000, -1.000000000000000000 ) ) ;
#407 = CARTESIAN_POINT ( 'NONE',  ( 0.000000000000000000, 0.03500000000000000333, 0.000000000000000000 ) ) ;
#408 = FILL_AREA_STYLE_COLOUR ( '', #3433 ) ;
#409 = EDGE_CURVE ( 'NONE', #1497, #2291, #1242, .T. ) ;
#410 = ORIENTED_EDGE ( 'NONE', *, *, #1628, .T. ) ;
#411 = DIRECTION ( 'NONE',  ( 1.000000000000000000, -0.000000000000000000, -8.673617379884034239E-17 ) ) ;
#412 = LINE ( 'NONE', #3389, #1083 ) ;
#413 = CARTESIAN_POINT ( 'NONE',  ( 0.6249999999999998890, 0.6749999999999998224, -0.8749999999999998890 ) ) ;
#414 = CARTESIAN_POINT ( 'NONE',  ( 0.3750000000000000000, 0.000000000000000000, 0.6250000000000009992 ) ) ;
#415 = CARTESIAN_POINT ( 'NONE',  ( -0.6250000000000003331, 0.2999999999999999334, 0.6250000000000001110 ) ) ;
#416 = VECTOR ( 'NONE', #2501, 1000.000000000000000 ) ;
#417 = ORIENTED_EDGE ( 'NONE', *, *, #2209, .T. ) ;
#418 = VERTEX_POINT ( 'NONE', #2995 ) ;
#419 = AXIS2_PLACEMENT_3D ( 'NONE', #1257, #584, #1205 ) ;
#420 = LINE ( 'NONE', #3183, #4162 ) ;
#421 = DIRECTION ( 'NONE',  ( 0.000000000000000000, 0.000000000000000000, -1.000000000000000000 ) ) ;
#422 = LINE ( 'NONE', #811, #462 ) ;
#423 = ADVANCED_FACE ( 'NONE', ( #634 ), #3371, .F. ) ;
#424 = EDGE_CURVE ( 'NONE', #2960, #3571, #3060, .T. ) ;
#425 = ORIENTED_EDGE ( 'NONE', *, *, #1324, .T. ) ;
#426 = CARTESIAN_POINT ( 'NONE',  ( 1.000000000000001110, 0.03500000000000000333, 0.1249999999999982653 ) ) ;
#427 = CARTESIAN_POINT ( 'NONE',  ( -0.3749999999999971134, -0.000000000000000000, -1.734723475976798417E-15 ) ) ;
#428 = ADVANCED_FACE ( 'NONE', ( #10 ), #3966, .F. ) ;
#429 = FACE_OUTER_BOUND ( 'NONE', #795, .T. ) ;
#430 = DIRECTION ( 'NONE',  ( 1.000000000000000000, 0.000000000000000000, -0.000000000000000000 ) ) ;
#431 = PLANE ( 'NONE',  #1034 ) ;
#432 = ORIENTED_EDGE ( 'NONE', *, *, #535, .T. ) ;
#433 = CARTESIAN_POINT ( 'NONE',  ( -0.7250000000000009770, 0.000000000000000000, -0.3750000000000000000 ) ) ;
#434 = LINE ( 'NONE', #3791, #1451 ) ;
#435 = DIRECTION ( 'NONE',  ( 0.000000000000000000, -0.000000000000000000, -1.000000000000000000 ) ) ;
#436 = DIRECTION ( 'NONE',  ( 0.000000000000000000, 1.000000000000000000, 0.000000000000000000 ) ) ;
#437 = DIRECTION ( 'NONE',  ( 0.000000000000000000, 1.000000000000000000, -0.000000000000000000 ) ) ;
#438 = AXIS2_PLACEMENT_3D ( 'NONE', #3985, #2991, #1915 ) ;
#439 = STYLED_ITEM ( 'NONE', ( #3149 ), #3327 ) ;
#440 = AXIS2_PLACEMENT_3D ( 'NONE', #3130, #179, #1496 ) ;
#441 = VECTOR ( 'NONE', #1020, 1000.000000000000000 ) ;
#442 = ORIENTED_EDGE ( 'NONE', *, *, #1402, .F. ) ;
#443 = DIRECTION ( 'NONE',  ( 1.445602896647339114E-15, 0.000000000000000000, -1.000000000000000000 ) ) ;
#444 = LINE ( 'NONE', #2847, #2726 ) ;
#445 = VERTEX_POINT ( 'NONE', #654 ) ;
#446 = EDGE_LOOP ( 'NONE', ( #197, #2896, #238, #1037 ) ) ;
#447 = EDGE_CURVE ( 'NONE', #456, #2960, #2017, .T. ) ;
#448 = EDGE_CURVE ( 'NONE', #1820, #1843, #2709, .T. ) ;
#449 = DIRECTION ( 'NONE',  ( -1.000000000000000000, 0.000000000000000000, -0.000000000000000000 ) ) ;
#450 = ADVANCED_FACE ( 'NONE', ( #3761 ), #1392, .T. ) ;
#451 = CARTESIAN_POINT ( 'NONE',  ( -0.8750000000000002220, 0.6749999999999998224, 0.6250000000000001110 ) ) ;
#452 = CARTESIAN_POINT ( 'NONE',  ( -0.9250000000000000444, 0.03499999999999998251, 0.1249999999999983763 ) ) ;
#453 = AXIS2_PLACEMENT_3D ( 'NONE', #457, #1082, #400 ) ;
#454 = EDGE_CURVE ( 'NONE', #2823, #3111, #2064, .T. ) ;
#455 = DIRECTION ( 'NONE',  ( 4.625929269271501888E-15, -0.000000000000000000, -1.000000000000000000 ) ) ;
#456 = VERTEX_POINT ( 'NONE', #2426 ) ;
#457 = CARTESIAN_POINT ( 'NONE',  ( 0.6250000000000000000, 0.03500000000000000333, -0.6250000000000009992 ) ) ;
#458 = VERTEX_POINT ( 'NONE', #3081 ) ;
#459 = LINE ( 'NONE', #3876, #2381 ) ;
#460 = VECTOR ( 'NONE', #3325, 1000.000000000000000 ) ;
#461 = VECTOR ( 'NONE', #2232, 1000.000000000000000 ) ;
#462 = VECTOR ( 'NONE', #105, 1000.000000000000000 ) ;
#463 = VERTEX_POINT ( 'NONE', #35 ) ;
#464 = CIRCLE ( 'NONE', #609, 0.3000000000000000444 ) ;
#465 = EDGE_LOOP ( 'NONE', ( #1203, #770, #819, #1159 ) ) ;
#466 = DIRECTION ( 'NONE',  ( -0.000000000000000000, -1.000000000000000000, -0.000000000000000000 ) ) ;
#467 = LINE ( 'NONE', #1446, #2379 ) ;
#468 = ORIENTED_EDGE ( 'NONE', *, *, #4248, .T. ) ;
#469 = CARTESIAN_POINT ( 'NONE',  ( -0.9250000000000002665, 0.2500000000000000000, -0.6249999999999997780 ) ) ;
#470 = ORIENTED_EDGE ( 'NONE', *, *, #4227, .F. ) ;
#471 = CLOSED_SHELL ( 'NONE', ( #4405, #1274, #3734, #2550, #3914, #3339 ) ) ;
#472 = CARTESIAN_POINT ( 'NONE',  ( 0.1249999999999999722, 0.03500000000000000333, -0.6250000000000009992 ) ) ;
#473 = CARTESIAN_POINT ( 'NONE',  ( -0.9250000000000000444, 0.03499999999999998251, 0.000000000000000000 ) ) ;
#474 = EDGE_CURVE ( 'NONE', #3619, #2343, #395, .T. ) ;
#475 = DIRECTION ( 'NONE',  ( 0.000000000000000000, 0.000000000000000000, 1.000000000000000000 ) ) ;
#476 = EDGE_CURVE ( 'NONE', #2758, #1416, #1040, .T. ) ;
#477 = CARTESIAN_POINT ( 'NONE',  ( 0.3750000000000000000, 0.03500000000000000333, -0.6250000000000009992 ) ) ;
#478 = LINE ( 'NONE', #3121, #96 ) ;
#479 = EDGE_CURVE ( 'NONE', #3507, #1064, #1410, .T. ) ;
#480 = ORIENTED_EDGE ( 'NONE', *, *, #405, .F. ) ;
#481 = DIRECTION ( 'NONE',  ( 1.000000000000000000, 0.000000000000000000, -0.000000000000000000 ) ) ;
#482 = ORIENTED_EDGE ( 'NONE', *, *, #2470, .T. ) ;
#483 =( GEOMETRIC_REPRESENTATION_CONTEXT ( 3 ) GLOBAL_UNCERTAINTY_ASSIGNED_CONTEXT ( ( #1959 ) ) GLOBAL_UNIT_ASSIGNED_CONTEXT ( ( #1710, #730, #643 ) ) REPRESENTATION_CONTEXT ( 'NONE', 'WORKASPACE' ) );
#484 = ORIENTED_EDGE ( 'NONE', *, *, #3894, .T. ) ;
#485 = STYLED_ITEM ( 'NONE', ( #3771 ), #3217 ) ;
#486 = DIRECTION ( 'NONE',  ( -1.000000000000000000, 0.000000000000000000, 0.000000000000000000 ) ) ;
#487 = ORIENTED_EDGE ( 'NONE', *, *, #1542, .T. ) ;
#488 = ORIENTED_EDGE ( 'NONE', *, *, #2188, .T. ) ;
#489 = CARTESIAN_POINT ( 'NONE',  ( -0.3750000000000000000, 0.4255124837953336292, -0.6250000000000009992 ) ) ;
#490 = CARTESIAN_POINT ( 'NONE',  ( 0.1249999999999999722, 0.03500000000000000333, -0.6250000000000009992 ) ) ;
#491 = ORIENTED_EDGE ( 'NONE', *, *, #2548, .T. ) ;
#492 = DIRECTION ( 'NONE',  ( 0.000000000000000000, 0.000000000000000000, -1.000000000000000000 ) ) ;
#493 = CARTESIAN_POINT ( 'NONE',  ( 0.6250000000000011102, 0.4255124837953336292, 0.1249999999999988065 ) ) ;
#494 = DIRECTION ( 'NONE',  ( -0.000000000000000000, -1.000000000000000000, -0.000000000000000000 ) ) ;
#495 = EDGE_CURVE ( 'NONE', #3897, #3205, #2083, .T. ) ;
#496 = CARTESIAN_POINT ( 'NONE',  ( 0.000000000000000000, 0.000000000000000000, 0.000000000000000000 ) ) ;
#497 = CARTESIAN_POINT ( 'NONE',  ( -0.3750000000000000000, 0.4255124837953336292, 0.6250000000000009992 ) ) ;
#498 = ORIENTED_EDGE ( 'NONE', *, *, #3567, .T. ) ;
#499 = ADVANCED_FACE ( 'NONE', ( #4084 ), #703, .F. ) ;
#500 = CARTESIAN_POINT ( 'NONE',  ( 0.3750000000000000000, 0.03500000000000000333, 0.6250000000000009992 ) ) ;
#501 = ORIENTED_EDGE ( 'NONE', *, *, #4012, .T. ) ;
#502 = ADVANCED_FACE ( 'NONE', ( #320 ), #989, .T. ) ;
#503 = ORIENTED_EDGE ( 'NONE', *, *, #1703, .F. ) ;
#504 = DIRECTION ( 'NONE',  ( 0.000000000000000000, 0.000000000000000000, 1.000000000000000000 ) ) ;
#505 = EDGE_CURVE ( 'NONE', #1554, #1018, #1988, .T. ) ;
#506 = VERTEX_POINT ( 'NONE', #966 ) ;
#507 = ORIENTED_EDGE ( 'NONE', *, *, #16, .F. ) ;
#508 = ORIENTED_EDGE ( 'NONE', *, *, #1294, .F. ) ;
#509 = FACE_OUTER_BOUND ( 'NONE', #4063, .T. ) ;
#510 = VERTEX_POINT ( 'NONE', #3268 ) ;
#511 = CIRCLE ( 'NONE', #1583, 0.2500000000000000000 ) ;
#512 = ORIENTED_EDGE ( 'NONE', *, *, #3735, .F. ) ;
#513 = PRESENTATION_LAYER_ASSIGNMENT (  '', '', ( #1151 ) ) ;
#514 = EDGE_LOOP ( 'NONE', ( #839, #1964, #2770, #1447, #3219 ) ) ;
#515 = VECTOR ( 'NONE', #3297, 1000.000000000000000 ) ;
#516 = AXIS2_PLACEMENT_3D ( 'NONE', #2587, #1604, #1625 ) ;
#517 = CARTESIAN_POINT ( 'NONE',  ( -0.1250000000000014710, 0.000000000000000000, 0.9250000000000009326 ) ) ;
#518 = AXIS2_PLACEMENT_3D ( 'NONE', #4410, #4092, #2702 ) ;
#519 = CARTESIAN_POINT ( 'NONE',  ( -0.8750000000000002220, 4.174873734152916960, 0.6250000000000001110 ) ) ;
#520 = AXIS2_PLACEMENT_3D ( 'NONE', #2698, #3423, #707 ) ;
#521 = DIRECTION ( 'NONE',  ( 0.000000000000000000, 0.000000000000000000, 1.000000000000000000 ) ) ;
#522 = DIRECTION ( 'NONE',  ( -1.000000000000000000, 0.000000000000000000, -1.445602896647339114E-15 ) ) ;
#523 = EDGE_LOOP ( 'NONE', ( #1023, #1842, #1528, #4391 ) ) ;
#524 = DIRECTION ( 'NONE',  ( -8.673617379884039416E-16, 0.000000000000000000, 1.000000000000000000 ) ) ;
#525 = ORIENTED_EDGE ( 'NONE', *, *, #2638, .F. ) ;
#526 = DIRECTION ( 'NONE',  ( 0.000000000000000000, 0.000000000000000000, 1.000000000000000000 ) ) ;
#527 = ORIENTED_EDGE ( 'NONE', *, *, #978, .F. ) ;
#528 = DIRECTION ( 'NONE',  ( 1.000000000000000000, 0.000000000000000000, 1.445602896647339114E-15 ) ) ;
#529 = AXIS2_PLACEMENT_3D ( 'NONE', #1349, #1367, #4402 ) ;
#530 = DIRECTION ( 'NONE',  ( -1.734723475976806306E-15, 0.000000000000000000, 1.000000000000000000 ) ) ;
#531 = EDGE_CURVE ( 'NONE', #1120, #2889, #1744, .T. ) ;
#532 = VECTOR ( 'NONE', #1043, 1000.000000000000000 ) ;
#533 = ORIENTED_EDGE ( 'NONE', *, *, #985, .T. ) ;
#534 = STYLED_ITEM ( 'NONE', ( #4331 ), #364 ) ;
#535 = EDGE_CURVE ( 'NONE', #1251, #1084, #3446, .T. ) ;
#536 = CARTESIAN_POINT ( 'NONE',  ( 0.9249999999999999334, 0.1499999999999999944, 0.6250000000000001110 ) ) ;
#537 = DIRECTION ( 'NONE',  ( -1.000000000000000000, 0.000000000000000000, 0.000000000000000000 ) ) ;
#538 = ADVANCED_FACE ( 'NONE', ( #580 ), #648, .F. ) ;
#539 = VECTOR ( 'NONE', #3456, 1000.000000000000000 ) ;
#540 = CARTESIAN_POINT ( 'NONE',  ( -0.6250000000000003331, 0.2999999999999999334, 0.9250000000000000444 ) ) ;
#541 = CARTESIAN_POINT ( 'NONE',  ( 6.505213034913026604E-16, 0.000000000000000000, 0.3750000000000000000 ) ) ;
#542 = CARTESIAN_POINT ( 'NONE',  ( -0.1250000000000018319, 0.03500000000000000333, 1.000000000000000444 ) ) ;
#543 = CARTESIAN_POINT ( 'NONE',  ( -0.9250000000000000444, -0.000000000000000000, 0.000000000000000000 ) ) ;
#544 = LINE ( 'NONE', #2128, #3161 ) ;
#545 = DIRECTION ( 'NONE',  ( -0.000000000000000000, -1.000000000000000000, -0.000000000000000000 ) ) ;
#546 = AXIS2_PLACEMENT_3D ( 'NONE', #1736, #3424, #3030 ) ;
#547 = ORIENTED_EDGE ( 'NONE', *, *, #3108, .F. ) ;
#548 = CARTESIAN_POINT ( 'NONE',  ( 0.000000000000000000, 0.4255124837953336292, -0.9250000000000011546 ) ) ;
#549 = VERTEX_POINT ( 'NONE', #1913 ) ;
#550 = ORIENTED_EDGE ( 'NONE', *, *, #3470, .T. ) ;
#551 = CARTESIAN_POINT ( 'NONE',  ( -1.000000000000001110, 0.03500000000000000333, 0.1249999999999982653 ) ) ;
#552 = DIRECTION ( 'NONE',  ( 0.000000000000000000, -0.000000000000000000, -1.000000000000000000 ) ) ;
#553 = VERTEX_POINT ( 'NONE', #3344 ) ;
#554 = VECTOR ( 'NONE', #1878, 1000.000000000000000 ) ;
#555 = ORIENTED_EDGE ( 'NONE', *, *, #3390, .T. ) ;
#556 = EDGE_CURVE ( 'NONE', #1032, #3193, #2940, .T. ) ;
#557 = DIRECTION ( 'NONE',  ( 0.000000000000000000, -0.000000000000000000, -1.000000000000000000 ) ) ;
#558 = DIRECTION ( 'NONE',  ( -1.445602896647339163E-16, 0.000000000000000000, 1.000000000000000000 ) ) ;
#559 = VECTOR ( 'NONE', #3939, 1000.000000000000000 ) ;
#560 = ORIENTED_EDGE ( 'NONE', *, *, #2029, .F. ) ;
#561 = ORIENTED_EDGE ( 'NONE', *, *, #2110, .F. ) ;
#562 = EDGE_CURVE ( 'NONE', #1084, #2118, #1636, .T. ) ;
#563 = EDGE_CURVE ( 'NONE', #851, #4263, #1226, .T. ) ;
#564 = LINE ( 'NONE', #2989, #1533 ) ;
#565 = DIRECTION ( 'NONE',  ( 1.000000000000000000, 0.000000000000000000, 0.000000000000000000 ) ) ;
#566 = DIRECTION ( 'NONE',  ( 0.000000000000000000, -0.000000000000000000, 1.000000000000000000 ) ) ;
#567 = LINE ( 'NONE', #2624, #3049 ) ;
#568 = DIRECTION ( 'NONE',  ( -1.000000000000000000, 0.000000000000000000, 0.000000000000000000 ) ) ;
#569 = DIRECTION ( 'NONE',  ( 0.000000000000000000, -1.000000000000000000, 0.000000000000000000 ) ) ;
#570 =( NAMED_UNIT ( * ) PLANE_ANGLE_UNIT ( ) SI_UNIT ( $, .RADIAN. ) );
#571 = LINE ( 'NONE', #1922, #3882 ) ;
#572 = ORIENTED_EDGE ( 'NONE', *, *, #613, .T. ) ;
#573 = DIRECTION ( 'NONE',  ( 1.000000000000000000, 0.000000000000000000, -0.000000000000000000 ) ) ;
#574 = VERTEX_POINT ( 'NONE', #2639 ) ;
#575 = DIRECTION ( 'NONE',  ( 0.000000000000000000, 0.000000000000000000, -1.000000000000000000 ) ) ;
#576 = DIRECTION ( 'NONE',  ( 1.734723475976807094E-15, 0.000000000000000000, -1.000000000000000000 ) ) ;
#577 = EDGE_LOOP ( 'NONE', ( #1774, #4373, #616, #3644 ) ) ;
#578 = PLANE ( 'NONE',  #4234 ) ;
#579 = DIRECTION ( 'NONE',  ( 0.000000000000000000, 0.000000000000000000, -1.000000000000000000 ) ) ;
#580 = FACE_OUTER_BOUND ( 'NONE', #768, .T. ) ;
#581 = DIRECTION ( 'NONE',  ( -1.000000000000000000, -0.000000000000000000, -0.000000000000000000 ) ) ;
#582 = VECTOR ( 'NONE', #1117, 1000.000000000000000 ) ;
#583 = DIRECTION ( 'NONE',  ( -1.000000000000000000, 0.000000000000000000, 8.673617379884034239E-17 ) ) ;
#584 = DIRECTION ( 'NONE',  ( 0.000000000000000000, -1.000000000000000000, 0.000000000000000000 ) ) ;
#585 = COLOUR_RGB ( '',1.000000000000000000, 0.8117647058823529438, 0.5019607843137254832 ) ;
#586 = DIRECTION ( 'NONE',  ( -0.000000000000000000, -1.000000000000000000, -0.000000000000000000 ) ) ;
#587 = ADVANCED_FACE ( 'NONE', ( #2596 ), #4300, .F. ) ;
#588 = VECTOR ( 'NONE', #2283, 1000.000000000000000 ) ;
#589 = VECTOR ( 'NONE', #4237, 1000.000000000000000 ) ;
#590 = VECTOR ( 'NONE', #2822, 1000.000000000000000 ) ;
#591 = EDGE_CURVE ( 'NONE', #903, #3485, #1173, .T. ) ;
#592 = DIRECTION ( 'NONE',  ( 0.000000000000000000, 0.000000000000000000, -1.000000000000000000 ) ) ;
#593 = CARTESIAN_POINT ( 'NONE',  ( -0.9250000000000000444, 0.000000000000000000, -0.3750000000000000000 ) ) ;
#594 = FACE_OUTER_BOUND ( 'NONE', #3261, .T. ) ;
#595 = EDGE_CURVE ( 'NONE', #1646, #4117, #4219, .T. ) ;
#596 = VERTEX_POINT ( 'NONE', #917 ) ;
#597 = LINE ( 'NONE', #2633, #603 ) ;
#598 = CARTESIAN_POINT ( 'NONE',  ( -1.000000000000000888, 0.000000000000000000, -0.1250000000000000000 ) ) ;
#599 = ORIENTED_EDGE ( 'NONE', *, *, #283, .T. ) ;
#600 = ORIENTED_EDGE ( 'NONE', *, *, #4170, .T. ) ;
#601 = CARTESIAN_POINT ( 'NONE',  ( -0.9250000000000000444, 0.4255124837953336292, 0.000000000000000000 ) ) ;
#602 = PLANE ( 'NONE',  #3292 ) ;
#603 = VECTOR ( 'NONE', #1578, 1000.000000000000000 ) ;
#604 = VERTEX_POINT ( 'NONE', #2256 ) ;
#605 = VECTOR ( 'NONE', #3786, 1000.000000000000000 ) ;
#606 = DIRECTION ( 'NONE',  ( -1.000000000000000000, -0.000000000000000000, -1.734723475976806306E-15 ) ) ;
#607 = DIRECTION ( 'NONE',  ( 0.000000000000000000, 0.000000000000000000, 1.000000000000000000 ) ) ;
#608 = CARTESIAN_POINT ( 'NONE',  ( 0.6249999999999998890, 0.2999999999999999334, -0.8749999999999998890 ) ) ;
#609 = AXIS2_PLACEMENT_3D ( 'NONE', #1641, #1039, #3677 ) ;
#610 = SURFACE_SIDE_STYLE ('',( #1027 ) ) ;
#611 = LINE ( 'NONE', #3651, #676 ) ;
#612 = CARTESIAN_POINT ( 'NONE',  ( -0.1750000000000002387, 0.4255124837953336292, 0.1750000000000003220 ) ) ;
#613 = EDGE_CURVE ( 'NONE', #1093, #787, #564, .T. ) ;
#614 = CARTESIAN_POINT ( 'NONE',  ( -0.6250000000000003331, 4.174873734152916960, 0.6250000000000001110 ) ) ;
#615 = PLANE ( 'NONE',  #1407 ) ;
#616 = ORIENTED_EDGE ( 'NONE', *, *, #3420, .F. ) ;
#617 = CARTESIAN_POINT ( 'NONE',  ( 0.8749999999999998890, 4.174873734152916960, 0.6250000000000002220 ) ) ;
#618 = EDGE_CURVE ( 'NONE', #1388, #874, #1253, .T. ) ;
#619 = ADVANCED_FACE ( 'NONE', ( #2281 ), #3623, .F. ) ;
#620 = AXIS2_PLACEMENT_3D ( 'NONE', #601, #3978, #2985 ) ;
#621 = ORIENTED_EDGE ( 'NONE', *, *, #4376, .T. ) ;
#622 = DIRECTION ( 'NONE',  ( 1.000000000000000000, 0.000000000000000000, -0.000000000000000000 ) ) ;
#623 = CARTESIAN_POINT ( 'NONE',  ( -6.505213034913026604E-16, 0.4255124837953336292, 0.3750000000000000000 ) ) ;
#624 = UNCERTAINTY_MEASURE_WITH_UNIT (LENGTH_MEASURE( 1.000000000000000082E-05 ), #3777, 'distance_accuracy_value', 'NONE');
#625 = ORIENTED_EDGE ( 'NONE', *, *, #701, .T. ) ;
#626 = CARTESIAN_POINT ( 'NONE',  ( 0.1250000000000028311, 0.000000000000000000, 5.692061405549028441E-16 ) ) ;
#627 = LINE ( 'NONE', #1987, #944 ) ;
#628 = VERTEX_POINT ( 'NONE', #2303 ) ;
#629 = CARTESIAN_POINT ( 'NONE',  ( 0.000000000000000000, 0.03500000000000000333, 0.000000000000000000 ) ) ;
#630 = DIRECTION ( 'NONE',  ( 0.000000000000000000, -1.000000000000000000, 0.000000000000000000 ) ) ;
#631 = DIRECTION ( 'NONE',  ( 0.000000000000000000, -1.000000000000000000, 0.000000000000000000 ) ) ;
#632 =( NAMED_UNIT ( * ) PLANE_ANGLE_UNIT ( ) SI_UNIT ( $, .RADIAN. ) );
#633 = CARTESIAN_POINT ( 'NONE',  ( -1.000000000000000888, 0.1499999999999999944, -1.000000000000000888 ) ) ;
#634 = FACE_OUTER_BOUND ( 'NONE', #4299, .T. ) ;
#635 = PLANE ( 'NONE',  #3044 ) ;
#636 = LINE ( 'NONE', #2691, #883 ) ;
#637 = ADVANCED_FACE ( 'NONE', ( #3646 ), #1965, .F. ) ;
#638 = DIRECTION ( 'NONE',  ( -0.000000000000000000, -1.000000000000000000, -0.000000000000000000 ) ) ;
#639 = DIRECTION ( 'NONE',  ( 0.000000000000000000, -0.000000000000000000, -1.000000000000000000 ) ) ;
#640 = EDGE_CURVE ( 'NONE', #456, #445, #3730, .T. ) ;
#641 = ORIENTED_EDGE ( 'NONE', *, *, #2155, .F. ) ;
#642 = EDGE_CURVE ( 'NONE', #1363, #3192, #2162, .T. ) ;
#643 =( NAMED_UNIT ( * ) SI_UNIT ( $, .STERADIAN. ) SOLID_ANGLE_UNIT ( ) );
#644 = CARTESIAN_POINT ( 'NONE',  ( -0.7250000000000009770, 0.000000000000000000, -0.3750000000000000000 ) ) ;
#645 = ORIENTED_EDGE ( 'NONE', *, *, #3832, .T. ) ;
#646 = ADVANCED_FACE ( 'NONE', ( #1127 ), #1501, .F. ) ;
#647 = ORIENTED_EDGE ( 'NONE', *, *, #1890, .F. ) ;
#648 = PLANE ( 'NONE',  #4295 ) ;
#649 = LINE ( 'NONE', #1298, #864 ) ;
#650 = DIRECTION ( 'NONE',  ( 0.000000000000000000, -1.000000000000000000, 0.000000000000000000 ) ) ;
#651 = VERTEX_POINT ( 'NONE', #1482 ) ;
#652 = FACE_OUTER_BOUND ( 'NONE', #221, .T. ) ;
#653 = CARTESIAN_POINT ( 'NONE',  ( -0.3750000000000017208, 0.03500000000000000333, 1.000000000000000000 ) ) ;
#654 = CARTESIAN_POINT ( 'NONE',  ( 0.6250000000000008882, 0.000000000000000000, -0.3750000000000000000 ) ) ;
#655 = DIRECTION ( 'NONE',  ( -0.000000000000000000, -1.000000000000000000, -0.000000000000000000 ) ) ;
#656 = CARTESIAN_POINT ( 'NONE',  ( -0.6250000000000001110, 0.03500000000000000333, -1.000000000000000888 ) ) ;
#657 = ORIENTED_EDGE ( 'NONE', *, *, #2279, .F. ) ;
#658 = AXIS2_PLACEMENT_3D ( 'NONE', #2294, #2272, #3573 ) ;
#659 = FACE_OUTER_BOUND ( 'NONE', #2034, .T. ) ;
#660 = CIRCLE ( 'NONE', #158, 0.1750000000000000167 ) ;
#661 = LINE ( 'NONE', #62, #1158 ) ;
#662 = ORIENTED_EDGE ( 'NONE', *, *, #1489, .T. ) ;
#663 = PLANE ( 'NONE',  #3814 ) ;
#664 = DIRECTION ( 'NONE',  ( -1.000000000000000000, 0.000000000000000000, -1.445602896647339163E-16 ) ) ;
#665 = EDGE_CURVE ( 'NONE', #2842, #334, #3859, .T. ) ;
#666 = VECTOR ( 'NONE', #2140, 1000.000000000000000 ) ;
#667 = ADVANCED_FACE ( 'NONE', ( #97 ), #2138, .F. ) ;
#668 = CIRCLE ( 'NONE', #1240, 0.05000000000000002359 ) ;
#669 = ORIENTED_EDGE ( 'NONE', *, *, #71, .T. ) ;
#670 = CYLINDRICAL_SURFACE ( 'NONE', #3070, 0.1750000000000000167 ) ;
#671 = LINE ( 'NONE', #4119, #3003 ) ;
#672 = EDGE_CURVE ( 'NONE', #2173, #2760, #2049, .T. ) ;
#673 = AXIS2_PLACEMENT_3D ( 'NONE', #681, #993, #1642 ) ;
#674 = VERTEX_POINT ( 'NONE', #3404 ) ;
#675 = AXIS2_PLACEMENT_3D ( 'NONE', #684, #2411, #2667 ) ;
#676 = VECTOR ( 'NONE', #7, 1000.000000000000000 ) ;
#677 = CIRCLE ( 'NONE', #3305, 0.2499999999999998890 ) ;
#678 = AXIS2_PLACEMENT_3D ( 'NONE', #3502, #1816, #1103 ) ;
#679 = DIRECTION ( 'NONE',  ( 1.000000000000000000, -0.000000000000000000, 0.000000000000000000 ) ) ;
#680 = VECTOR ( 'NONE', #638, 1000.000000000000000 ) ;
#681 = CARTESIAN_POINT ( 'NONE',  ( 0.6999999999999998446, 0.6749999999999999334, 0.6250000000000002220 ) ) ;
#682 = PLANE ( 'NONE',  #2179 ) ;
#683 = EDGE_LOOP ( 'NONE', ( #1689, #669, #1552, #3858 ) ) ;
#684 = CARTESIAN_POINT ( 'NONE',  ( -0.6250000000000003331, 0.8499999999999999778, 0.6250000000000001110 ) ) ;
#685 = PRESENTATION_LAYER_ASSIGNMENT (  '', '', ( #2803 ) ) ;
#686 = LINE ( 'NONE', #280, #174 ) ;
#687 = CARTESIAN_POINT ( 'NONE',  ( -0.9250000000000000444, 0.000000000000000000, -0.1250000000000000000 ) ) ;
#688 = ORIENTED_EDGE ( 'NONE', *, *, #3653, .T. ) ;
#689 = ORIENTED_EDGE ( 'NONE', *, *, #1681, .F. ) ;
#690 = ORIENTED_EDGE ( 'NONE', *, *, #1374, .T. ) ;
#691 = DIRECTION ( 'NONE',  ( -1.000000000000000000, 0.000000000000000000, 2.891205793294679312E-16 ) ) ;
#692 = SURFACE_STYLE_USAGE ( .BOTH. , #3731 ) ;
#693 = LINE ( 'NONE', #2676, #384 ) ;
#694 = DIRECTION ( 'NONE',  ( -1.734723475976806306E-15, -0.000000000000000000, -1.000000000000000000 ) ) ;
#695 = EDGE_CURVE ( 'NONE', #3485, #903, #2160, .T. ) ;
#696 = ORIENTED_EDGE ( 'NONE', *, *, #1919, .T. ) ;
#697 = CARTESIAN_POINT ( 'NONE',  ( 0.9250000000000000444, 0.4255124837953336292, 0.1249999999999983763 ) ) ;
#698 = ADVANCED_FACE ( 'NONE', ( #2787 ), #3067, .F. ) ;
#699 = VECTOR ( 'NONE', #3584, 1000.000000000000000 ) ;
#700 = DIRECTION ( 'NONE',  ( 8.673617379884034239E-17, -0.000000000000000000, 1.000000000000000000 ) ) ;
#701 = EDGE_CURVE ( 'NONE', #3182, #3897, #3166, .T. ) ;
#702 = LINE ( 'NONE', #4082, #2953 ) ;
#703 = PLANE ( 'NONE',  #3151 ) ;
#704 = PLANE ( 'NONE',  #2260 ) ;
#705 = DIRECTION ( 'NONE',  ( 0.000000000000000000, -0.000000000000000000, -1.000000000000000000 ) ) ;
#706 = CARTESIAN_POINT ( 'NONE',  ( -0.6250000000000003331, 4.174873734152916960, 0.8750000000000000000 ) ) ;
#707 = DIRECTION ( 'NONE',  ( 1.000000000000000000, 0.000000000000000000, -0.000000000000000000 ) ) ;
#708 = ORIENTED_EDGE ( 'NONE', *, *, #3650, .F. ) ;
#709 = FACE_OUTER_BOUND ( 'NONE', #2700, .T. ) ;
#710 = DIRECTION ( 'NONE',  ( 0.000000000000000000, -0.000000000000000000, -1.000000000000000000 ) ) ;
#711 =( LENGTH_UNIT ( ) NAMED_UNIT ( * ) SI_UNIT ( .MILLI., .METRE. ) );
#712 = ORIENTED_EDGE ( 'NONE', *, *, #3524, .T. ) ;
#713 = VERTEX_POINT ( 'NONE', #1834 ) ;
#714 = PLANE ( 'NONE',  #4276 ) ;
#715 = ORIENTED_EDGE ( 'NONE', *, *, #479, .F. ) ;
#716 = ORIENTED_EDGE ( 'NONE', *, *, #325, .T. ) ;
#717 = LINE ( 'NONE', #1390, #183 ) ;
#718 = DIRECTION ( 'NONE',  ( 0.000000000000000000, -1.000000000000000000, 0.000000000000000000 ) ) ;
#719 = DIRECTION ( 'NONE',  ( 1.000000000000000000, 0.000000000000000000, -0.000000000000000000 ) ) ;
#720 = EDGE_CURVE ( 'NONE', #1856, #840, #1709, .T. ) ;
#721 = CARTESIAN_POINT ( 'NONE',  ( 0.1250000000000000000, 0.03500000000000000333, -1.000000000000000888 ) ) ;
#722 = EDGE_CURVE ( 'NONE', #1143, #202, #3871, .T. ) ;
#723 = VERTEX_POINT ( 'NONE', #2807 ) ;
#724 = CARTESIAN_POINT ( 'NONE',  ( 1.000000000000001110, 0.03500000000000000333, 0.1249999999999982653 ) ) ;
#725 =( GEOMETRIC_REPRESENTATION_CONTEXT ( 3 ) GLOBAL_UNCERTAINTY_ASSIGNED_CONTEXT ( ( #263 ) ) GLOBAL_UNIT_ASSIGNED_CONTEXT ( ( #3432, #2375, #3711 ) ) REPRESENTATION_CONTEXT ( 'NONE', 'WORKASPACE' ) );
#726 = ADVANCED_FACE ( 'NONE', ( #2858 ), #4150, .T. ) ;
#727 = DIRECTION ( 'NONE',  ( 1.000000000000000000, 0.000000000000000000, 1.445602896647339114E-15 ) ) ;
#728 = AXIS2_PLACEMENT_3D ( 'NONE', #540, #225, #3887 ) ;
#729 = AXIS2_PLACEMENT_3D ( 'NONE', #3092, #1639, #1418 ) ;
#730 =( NAMED_UNIT ( * ) PLANE_ANGLE_UNIT ( ) SI_UNIT ( $, .RADIAN. ) );
#731 = PLANE ( 'NONE',  #3010 ) ;
#732 = VECTOR ( 'NONE', #727, 1000.000000000000000 ) ;
#733 = CARTESIAN_POINT ( 'NONE',  ( -0.6250000000000008882, 0.03500000000000000333, -0.2750000000000000222 ) ) ;
#734 = ORIENTED_EDGE ( 'NONE', *, *, #972, .F. ) ;
#735 = DIRECTION ( 'NONE',  ( 0.000000000000000000, 1.000000000000000000, 0.000000000000000000 ) ) ;
#736 = AXIS2_PLACEMENT_3D ( 'NONE', #407, #2096, #3406 ) ;
#737 = AXIS2_PLACEMENT_3D ( 'NONE', #2974, #3629, #3256 ) ;
#738 = EDGE_LOOP ( 'NONE', ( #4185, #3239, #859, #4177 ) ) ;
#739 = FACE_OUTER_BOUND ( 'NONE', #2175, .T. ) ;
#740 = DIRECTION ( 'NONE',  ( 0.000000000000000000, 0.000000000000000000, 1.000000000000000000 ) ) ;
#741 = AXIS2_PLACEMENT_3D ( 'NONE', #2271, #236, #1601 ) ;
#742 = DIRECTION ( 'NONE',  ( -0.000000000000000000, 1.000000000000000000, -0.000000000000000000 ) ) ;
#743 = EDGE_CURVE ( 'NONE', #291, #334, #4067, .T. ) ;
#744 = LINE ( 'NONE', #1128, #4292 ) ;
#745 = VECTOR ( 'NONE', #1259, 1000.000000000000000 ) ;
#746 = ADVANCED_FACE ( 'NONE', ( #1144 ), #1249, .T. ) ;
#747 = LINE ( 'NONE', #2190, #2088 ) ;
#748 = EDGE_LOOP ( 'NONE', ( #480, #3640, #8, #468 ) ) ;
#749 = ORIENTED_EDGE ( 'NONE', *, *, #3359, .T. ) ;
#750 = EDGE_CURVE ( 'NONE', #2951, #1084, #3809, .T. ) ;
#751 = DIRECTION ( 'NONE',  ( 0.000000000000000000, 0.000000000000000000, 1.000000000000000000 ) ) ;
#752 = CYLINDRICAL_SURFACE ( 'NONE', #3652, 0.1499999999999999667 ) ;
#753 = FILL_AREA_STYLE ('',( #408 ) ) ;
#754 = ORIENTED_EDGE ( 'NONE', *, *, #3004, .F. ) ;
#755 = VERTEX_POINT ( 'NONE', #433 ) ;
#756 = CARTESIAN_POINT ( 'NONE',  ( -0.6250000000000003331, 0.2999999999999999334, -0.6249999999999997780 ) ) ;
#757 = CIRCLE ( 'NONE', #115, 0.07500000000000009437 ) ;
#758 = ORIENTED_EDGE ( 'NONE', *, *, #1481, .F. ) ;
#759 = CARTESIAN_POINT ( 'NONE',  ( 1.000000000000001110, 0.000000000000000000, 0.1249999999999982653 ) ) ;
#760 = LINE ( 'NONE', #1431, #1695 ) ;
#761 =( GEOMETRIC_REPRESENTATION_CONTEXT ( 3 ) GLOBAL_UNCERTAINTY_ASSIGNED_CONTEXT ( ( #1607 ) ) GLOBAL_UNIT_ASSIGNED_CONTEXT ( ( #1356, #1672, #4387 ) ) REPRESENTATION_CONTEXT ( 'NONE', 'WORKASPACE' ) );
#762 = PLANE ( 'NONE',  #3022 ) ;
#763 = VECTOR ( 'NONE', #2805, 1000.000000000000000 ) ;
#764 = DIRECTION ( 'NONE',  ( 0.000000000000000000, 1.000000000000000000, 0.000000000000000000 ) ) ;
#765 = VERTEX_POINT ( 'NONE', #1794 ) ;
#766 = ORIENTED_EDGE ( 'NONE', *, *, #1764, .F. ) ;
#767 = DIRECTION ( 'NONE',  ( 8.673617379884034239E-17, 0.000000000000000000, 1.000000000000000000 ) ) ;
#768 = EDGE_LOOP ( 'NONE', ( #2652, #254, #986, #3477 ) ) ;
#769 = PLANE ( 'NONE',  #3919 ) ;
#770 = ORIENTED_EDGE ( 'NONE', *, *, #2447, .F. ) ;
#771 = ORIENTED_EDGE ( 'NONE', *, *, #563, .F. ) ;
#772 = DIRECTION ( 'NONE',  ( -2.891205793294679312E-16, 0.000000000000000000, -1.000000000000000000 ) ) ;
#773 = SURFACE_SIDE_STYLE ('',( #4191 ) ) ;
#774 = ADVANCED_FACE ( 'NONE', ( #3181 ), #1920, .T. ) ;
#775 = ORIENTED_EDGE ( 'NONE', *, *, #776, .F. ) ;
#776 = EDGE_CURVE ( 'NONE', #2965, #1339, #2574, .T. ) ;
#777 = VERTEX_POINT ( 'NONE', #3275 ) ;
#778 = PLANE ( 'NONE',  #791 ) ;
#779 = ORIENTED_EDGE ( 'NONE', *, *, #316, .F. ) ;
#780 = ADVANCED_FACE ( 'NONE', ( #1617 ), #3965, .T. ) ;
#781 = CARTESIAN_POINT ( 'NONE',  ( -0.1249999999999999722, 0.03500000000000000333, 0.6250000000000009992 ) ) ;
#782 = FACE_OUTER_BOUND ( 'NONE', #1139, .T. ) ;
#783 = CARTESIAN_POINT ( 'NONE',  ( -1.000000000000000888, 0.000000000000000000, -1.000000000000000888 ) ) ;
#784 = DIRECTION ( 'NONE',  ( -8.673617379884036705E-17, -0.000000000000000000, -1.000000000000000000 ) ) ;
#785 = CARTESIAN_POINT ( 'NONE',  ( 0.3749999999999998890, 0.03500000000000000333, -1.000000000000000888 ) ) ;
#786 = CARTESIAN_POINT ( 'NONE',  ( 6.505213034913026604E-16, 0.4255124837953336292, 0.3750000000000000000 ) ) ;
#787 = VERTEX_POINT ( 'NONE', #2645 ) ;
#788 = DIRECTION ( 'NONE',  ( -1.734723475976806848E-16, 0.000000000000000000, 1.000000000000000000 ) ) ;
#789 =( LENGTH_UNIT ( ) NAMED_UNIT ( * ) SI_UNIT ( .MILLI., .METRE. ) );
#790 = ORIENTED_EDGE ( 'NONE', *, *, #2188, .F. ) ;
#791 = AXIS2_PLACEMENT_3D ( 'NONE', #3755, #3129, #85 ) ;
#792 = STYLED_ITEM ( 'NONE', ( #3837 ), #1828 ) ;
#793 = EDGE_LOOP ( 'NONE', ( #1008, #149, #4113, #1360, #2608, #1452, #3703, #2199 ) ) ;
#794 = VECTOR ( 'NONE', #421, 1000.000000000000000 ) ;
#795 = EDGE_LOOP ( 'NONE', ( #3885, #958, #4160, #1903 ) ) ;
#796 = CARTESIAN_POINT ( 'NONE',  ( 0.9250000000000000444, 0.03499999999999998251, 0.000000000000000000 ) ) ;
#797 = CARTESIAN_POINT ( 'NONE',  ( -0.6250000000000003331, 0.1499999999999999944, 0.9250000000000000444 ) ) ;
#798 = EDGE_CURVE ( 'NONE', #2703, #3619, #2923, .T. ) ;
#799 = DIRECTION ( 'NONE',  ( 0.000000000000000000, 0.000000000000000000, -1.000000000000000000 ) ) ;
#800 = DIRECTION ( 'NONE',  ( 1.000000000000000000, 0.000000000000000000, 0.000000000000000000 ) ) ;
#801 = DIRECTION ( 'NONE',  ( 0.000000000000000000, 0.000000000000000000, -1.000000000000000000 ) ) ;
#802 = CARTESIAN_POINT ( 'NONE',  ( 0.6250000000000008882, 0.03500000000000000333, -0.3750000000000000000 ) ) ;
#803 = EDGE_LOOP ( 'NONE', ( #1157, #2801, #2223, #3721 ) ) ;
#804 = DIRECTION ( 'NONE',  ( -2.891205793294679312E-16, 0.000000000000000000, -1.000000000000000000 ) ) ;
#805 = VERTEX_POINT ( 'NONE', #4306 ) ;
#806 = LINE ( 'NONE', #2143, #2302 ) ;
#807 = AXIS2_PLACEMENT_3D ( 'NONE', #1276, #3983, #938 ) ;
#808 = VECTOR ( 'NONE', #4148, 1000.000000000000000 ) ;
#809 = ORIENTED_EDGE ( 'NONE', *, *, #71, .F. ) ;
#810 = VECTOR ( 'NONE', #870, 1000.000000000000000 ) ;
#811 = CARTESIAN_POINT ( 'NONE',  ( -1.000000000000001554, 0.000000000000000000, 0.3749999999999982792 ) ) ;
#812 = EDGE_LOOP ( 'NONE', ( #1691, #914, #301, #2208 ) ) ;
#813 = FILL_AREA_STYLE_COLOUR ( '', #947 ) ;
#814 = ORIENTED_EDGE ( 'NONE', *, *, #1652, .F. ) ;
#815 = ORIENTED_EDGE ( 'NONE', *, *, #454, .T. ) ;
#816 = ORIENTED_EDGE ( 'NONE', *, *, #1050, .T. ) ;
#817 = VERTEX_POINT ( 'NONE', #3628 ) ;
#818 = CARTESIAN_POINT ( 'NONE',  ( 0.1249999999999999722, 0.03499999999999998251, 0.6250000000000009992 ) ) ;
#819 = ORIENTED_EDGE ( 'NONE', *, *, #209, .F. ) ;
#820 = ADVANCED_FACE ( 'NONE', ( #1899 ), #924, .F. ) ;
#821 = CARTESIAN_POINT ( 'NONE',  ( 0.6250000000000028866, 0.03499999999999998251, 2.891205793294686511E-15 ) ) ;
#822 = DIRECTION ( 'NONE',  ( 0.000000000000000000, -1.000000000000000000, 0.000000000000000000 ) ) ;
#823 = FACE_OUTER_BOUND ( 'NONE', #3537, .T. ) ;
#824 = EDGE_CURVE ( 'NONE', #1363, #1143, #1876, .T. ) ;
#825 = EDGE_CURVE ( 'NONE', #3078, #66, #898, .T. ) ;
#826 = EDGE_CURVE ( 'NONE', #1032, #4117, #4156, .T. ) ;
#827 = CARTESIAN_POINT ( 'NONE',  ( 1.000000000000001554, 0.000000000000000000, 0.3749999999999982792 ) ) ;
#828 = DIRECTION ( 'NONE',  ( 0.000000000000000000, 0.000000000000000000, 1.000000000000000000 ) ) ;
#829 = ORIENTED_EDGE ( 'NONE', *, *, #1858, .F. ) ;
#830 = EDGE_LOOP ( 'NONE', ( #2463, #3918, #1745, #29 ) ) ;
#831 = DIRECTION ( 'NONE',  ( -0.000000000000000000, -1.000000000000000000, -0.000000000000000000 ) ) ;
#832 = ORIENTED_EDGE ( 'NONE', *, *, #4194, .T. ) ;
#833 = AXIS2_PLACEMENT_3D ( 'NONE', #1188, #3589, #2575 ) ;
#834 = AXIS2_PLACEMENT_3D ( 'NONE', #2901, #896, #2853 ) ;
#835 = EDGE_LOOP ( 'NONE', ( #775, #3409, #1743, #645 ) ) ;
#836 = DIRECTION ( 'NONE',  ( 0.000000000000000000, 1.000000000000000000, 0.000000000000000000 ) ) ;
#837 = CARTESIAN_POINT ( 'NONE',  ( 0.000000000000000000, 0.03500000000000000333, 0.000000000000000000 ) ) ;
#838 = EDGE_LOOP ( 'NONE', ( #1558, #1385, #3328, #2389 ) ) ;
#839 = ORIENTED_EDGE ( 'NONE', *, *, #2001, .F. ) ;
#840 = VERTEX_POINT ( 'NONE', #3911 ) ;
#841 = ORIENTED_EDGE ( 'NONE', *, *, #3653, .F. ) ;
#842 = VERTEX_POINT ( 'NONE', #190 ) ;
#843 = DIRECTION ( 'NONE',  ( 1.000000000000000000, 0.000000000000000000, -0.000000000000000000 ) ) ;
#844 = CARTESIAN_POINT ( 'NONE',  ( -0.3750000000000014433, -0.000000000000000000, 0.9250000000000009326 ) ) ;
#845 = CYLINDRICAL_SURFACE ( 'NONE', #885, 0.1499999999999999389 ) ;
#846 = LINE ( 'NONE', #2205, #1038 ) ;
#847 = EDGE_CURVE ( 'NONE', #2588, #1996, #846, .T. ) ;
#848 =( LENGTH_UNIT ( ) NAMED_UNIT ( * ) SI_UNIT ( .MILLI., .METRE. ) );
#849 = DIRECTION ( 'NONE',  ( 1.000000000000000000, 0.000000000000000000, 4.987329993433327496E-15 ) ) ;
#850 = VERTEX_POINT ( 'NONE', #2235 ) ;
#851 = VERTEX_POINT ( 'NONE', #2556 ) ;
#852 = EDGE_CURVE ( 'NONE', #2849, #3891, #1569, .T. ) ;
#853 = EDGE_LOOP ( 'NONE', ( #708, #1623, #3260, #1198 ) ) ;
#854 = ADVANCED_FACE ( 'NONE', ( #1548 ), #3230, .F. ) ;
#855 = ORIENTED_EDGE ( 'NONE', *, *, #1109, .T. ) ;
#856 = DIRECTION ( 'NONE',  ( 0.000000000000000000, 0.000000000000000000, 1.000000000000000000 ) ) ;
#857 = CARTESIAN_POINT ( 'NONE',  ( -0.6250000000000003331, 0.2500000000000000000, -0.9249999999999998224 ) ) ;
#858 = VERTEX_POINT ( 'NONE', #1947 ) ;
#859 = ORIENTED_EDGE ( 'NONE', *, *, #946, .T. ) ;
#860 = ORIENTED_EDGE ( 'NONE', *, *, #2086, .F. ) ;
#861 = CARTESIAN_POINT ( 'NONE',  ( 1.000000000000000888, 0.000000000000000000, 0.9999999999999991118 ) ) ;
#862 = CARTESIAN_POINT ( 'NONE',  ( -0.6250000000000003331, 0.1499999999999999944, -0.9249999999999998224 ) ) ;
#863 = ORIENTED_EDGE ( 'NONE', *, *, #1135, .F. ) ;
#864 = VECTOR ( 'NONE', #3737, 1000.000000000000000 ) ;
#865 = CARTESIAN_POINT ( 'NONE',  ( 0.000000000000000000, 0.03499999999999998251, -0.3750000000000000000 ) ) ;
#866 = CYLINDRICAL_SURFACE ( 'NONE', #4400, 0.05000000000000002359 ) ;
#867 = AXIS2_PLACEMENT_3D ( 'NONE', #3614, #2952, #2240 ) ;
#868 = CARTESIAN_POINT ( 'NONE',  ( 0.000000000000000000, 0.000000000000000000, 0.6250000000000009992 ) ) ;
#869 = VERTEX_POINT ( 'NONE', #3303 ) ;
#870 = DIRECTION ( 'NONE',  ( -7.228014483236698281E-17, 0.000000000000000000, 1.000000000000000000 ) ) ;
#871 = FACE_OUTER_BOUND ( 'NONE', #1336, .T. ) ;
#872 = CARTESIAN_POINT ( 'NONE',  ( 0.6249999999999998890, 0.6749999999999998224, -0.6250000000000000000 ) ) ;
#873 = ORIENTED_EDGE ( 'NONE', *, *, #1632, .T. ) ;
#874 = VERTEX_POINT ( 'NONE', #250 ) ;
#875 = CARTESIAN_POINT ( 'NONE',  ( -0.6250000000000000000, 0.4255124837953336292, 0.6250000000000009992 ) ) ;
#876 = ORIENTED_EDGE ( 'NONE', *, *, #1883, .F. ) ;
#877 = ORIENTED_EDGE ( 'NONE', *, *, #3688, .T. ) ;
#878 = VECTOR ( 'NONE', #545, 1000.000000000000000 ) ;
#879 = EDGE_CURVE ( 'NONE', #4202, #1121, #2971, .T. ) ;
#880 = ORIENTED_EDGE ( 'NONE', *, *, #2339, .F. ) ;
#881 = CARTESIAN_POINT ( 'NONE',  ( 0.000000000000000000, 0.4255124837953336292, -0.9250000000000011546 ) ) ;
#882 = VECTOR ( 'NONE', #3678, 1000.000000000000000 ) ;
#883 = VECTOR ( 'NONE', #3722, 1000.000000000000000 ) ;
#884 = DIRECTION ( 'NONE',  ( 1.000000000000000000, 0.000000000000000000, -0.000000000000000000 ) ) ;
#885 = AXIS2_PLACEMENT_3D ( 'NONE', #3272, #586, #923 ) ;
#886 = VECTOR ( 'NONE', #772, 1000.000000000000000 ) ;
#887 = EDGE_CURVE ( 'NONE', #1734, #3810, #4231, .T. ) ;
#888 = VERTEX_POINT ( 'NONE', #4255 ) ;
#889 = VECTOR ( 'NONE', #455, 1000.000000000000000 ) ;
#890 = CARTESIAN_POINT ( 'NONE',  ( 1.000000000000001554, 0.03500000000000000333, 0.3749999999999982792 ) ) ;
#891 = SURFACE_SIDE_STYLE ('',( #1909 ) ) ;
#892 = ORIENTED_EDGE ( 'NONE', *, *, #1632, .F. ) ;
#893 = CARTESIAN_POINT ( 'NONE',  ( 0.6249999999999998890, 0.8499999999999999778, -0.6250000000000000000 ) ) ;
#894 = LINE ( 'NONE', #1613, #305 ) ;
#895 = SURFACE_STYLE_FILL_AREA ( #3674 ) ;
#896 = DIRECTION ( 'NONE',  ( -0.000000000000000000, -1.000000000000000000, -0.000000000000000000 ) ) ;
#897 = DIRECTION ( 'NONE',  ( 0.000000000000000000, 1.000000000000000000, -0.000000000000000000 ) ) ;
#898 = LINE ( 'NONE', #2286, #3727 ) ;
#899 = SURFACE_SIDE_STYLE ('',( #3892 ) ) ;
#900 = DIRECTION ( 'NONE',  ( -4.625929269271497944E-15, 0.000000000000000000, 1.000000000000000000 ) ) ;
#901 = ORIENTED_EDGE ( 'NONE', *, *, #2745, .F. ) ;
#902 = DIRECTION ( 'NONE',  ( 0.000000000000000000, 0.000000000000000000, 1.000000000000000000 ) ) ;
#903 = VERTEX_POINT ( 'NONE', #2603 ) ;
#904 = AXIS2_PLACEMENT_3D ( 'NONE', #4164, #3178, #210 ) ;
#905 = ORIENTED_EDGE ( 'NONE', *, *, #1419, .F. ) ;
#906 = PLANE ( 'NONE',  #1246 ) ;
#907 = ORIENTED_EDGE ( 'NONE', *, *, #3981, .T. ) ;
#908 = FACE_OUTER_BOUND ( 'NONE', #2583, .T. ) ;
#909 = ORIENTED_EDGE ( 'NONE', *, *, #1703, .T. ) ;
#910 = CARTESIAN_POINT ( 'NONE',  ( 0.6250000000000008882, 0.000000000000000000, -0.1249999999999999445 ) ) ;
#911 = LINE ( 'NONE', #1292, #1510 ) ;
#912 = EDGE_CURVE ( 'NONE', #3507, #3279, #1209, .T. ) ;
#913 = ADVANCED_FACE ( 'NONE', ( #3611 ), #3588, .F. ) ;
#914 = ORIENTED_EDGE ( 'NONE', *, *, #316, .T. ) ;
#915 = ADVANCED_FACE ( 'NONE', ( #4013 ), #370, .F. ) ;
#916 = ORIENTED_EDGE ( 'NONE', *, *, #695, .T. ) ;
#917 = CARTESIAN_POINT ( 'NONE',  ( -0.1249999999999999722, 0.03499999999999998251, 0.6250000000000009992 ) ) ;
#918 = CARTESIAN_POINT ( 'NONE',  ( -0.5750000000000001776, 0.8499999999999999778, -0.5749999999999999556 ) ) ;
#919 = DIRECTION ( 'NONE',  ( 1.000000000000000000, -0.000000000000000000, 1.734723475976806848E-16 ) ) ;
#920 = ADVANCED_FACE ( 'NONE', ( #34 ), #2882, .F. ) ;
#921 = ORIENTED_EDGE ( 'NONE', *, *, #997, .F. ) ;
#922 = CARTESIAN_POINT ( 'NONE',  ( -0.3750000000000000000, 0.000000000000000000, 0.6250000000000009992 ) ) ;
#923 = DIRECTION ( 'NONE',  ( 0.000000000000000000, 0.000000000000000000, -1.000000000000000000 ) ) ;
#924 = PLANE ( 'NONE',  #247 ) ;
#925 = DIRECTION ( 'NONE',  ( 1.000000000000000000, 0.000000000000000000, -0.000000000000000000 ) ) ;
#926 = DIRECTION ( 'NONE',  ( 0.7071067811865473507, 0.000000000000000000, -0.7071067811865477948 ) ) ;
#927 = ORIENTED_EDGE ( 'NONE', *, *, #3704, .T. ) ;
#928 = PLANE ( 'NONE',  #1305 ) ;
#929 = EDGE_LOOP ( 'NONE', ( #3385, #3712, #135, #365 ) ) ;
#930 = ORIENTED_EDGE ( 'NONE', *, *, #3137, .T. ) ;
#931 = CARTESIAN_POINT ( 'NONE',  ( 0.6250000000000000000, 0.03499999999999998251, -0.6250000000000009992 ) ) ;
#932 = ORIENTED_EDGE ( 'NONE', *, *, #2134, .F. ) ;
#933 = CARTESIAN_POINT ( 'NONE',  ( 0.000000000000000000, 0.03499999999999998251, -0.9250000000000011546 ) ) ;
#934 = ORIENTED_EDGE ( 'NONE', *, *, #3165, .T. ) ;
#935 = CARTESIAN_POINT ( 'NONE',  ( -0.6250000000000008882, 0.03499999999999998251, -0.1249999999999999445 ) ) ;
#936 = VERTEX_POINT ( 'NONE', #3742 ) ;
#937 = EDGE_CURVE ( 'NONE', #2560, #851, #2664, .T. ) ;
#938 = DIRECTION ( 'NONE',  ( -2.168404344971009608E-16, 0.000000000000000000, -1.000000000000000000 ) ) ;
#939 = DIRECTION ( 'NONE',  ( -1.000000000000000000, 0.000000000000000000, 0.000000000000000000 ) ) ;
#940 = VECTOR ( 'NONE', #583, 1000.000000000000000 ) ;
#941 = CARTESIAN_POINT ( 'NONE',  ( 0.6999999999999997335, 0.6749999999999999334, -6.071532165918822365E-17 ) ) ;
#942 = ADVANCED_FACE ( 'NONE', ( #2063 ), #3347, .F. ) ;
#943 = CARTESIAN_POINT ( 'NONE',  ( -0.9250000000000000444, 0.4255124837953336292, -0.1250000000000000000 ) ) ;
#944 = VECTOR ( 'NONE', #2252, 999.9999999999998863 ) ;
#945 = FILL_AREA_STYLE ('',( #2036 ) ) ;
#946 = EDGE_CURVE ( 'NONE', #1954, #4050, #717, .T. ) ;
#947 = COLOUR_RGB ( '',1.000000000000000000, 0.8117647058823529438, 0.5019607843137254832 ) ;
#948 = DIRECTION ( 'NONE',  ( 0.000000000000000000, -1.000000000000000000, 0.000000000000000000 ) ) ;
#949 = CYLINDRICAL_SURFACE ( 'NONE', #2601, 0.2499999999999998890 ) ;
#950 = DIRECTION ( 'NONE',  ( 0.000000000000000000, 1.000000000000000000, 0.000000000000000000 ) ) ;
#951 = DIRECTION ( 'NONE',  ( 0.000000000000000000, -1.000000000000000000, 0.000000000000000000 ) ) ;
#952 = VECTOR ( 'NONE', #1491, 1000.000000000000000 ) ;
#953 = VERTEX_POINT ( 'NONE', #653 ) ;
#954 = LINE ( 'NONE', #2316, #4216 ) ;
#955 = ORIENTED_EDGE ( 'NONE', *, *, #2763, .F. ) ;
#956 = LINE ( 'NONE', #2981, #1225 ) ;
#957 = ORIENTED_EDGE ( 'NONE', *, *, #2987, .F. ) ;
#958 = ORIENTED_EDGE ( 'NONE', *, *, #3463, .F. ) ;
#959 = VERTEX_POINT ( 'NONE', #2408 ) ;
#960 = ORIENTED_EDGE ( 'NONE', *, *, #1622, .F. ) ;
#961 = VERTEX_POINT ( 'NONE', #276 ) ;
#962 = DIRECTION ( 'NONE',  ( 0.000000000000000000, -1.000000000000000000, 0.000000000000000000 ) ) ;
#963 = CARTESIAN_POINT ( 'NONE',  ( -1.000000000000000888, 0.000000000000000000, 0.9999999999999991118 ) ) ;
#964 = CIRCLE ( 'NONE', #1387, 0.1499999999999999667 ) ;
#965 = ORIENTED_EDGE ( 'NONE', *, *, #1764, .T. ) ;
#966 = CARTESIAN_POINT ( 'NONE',  ( -0.9250000000000002665, 0.1499999999999999944, 0.6250000000000001110 ) ) ;
#967 = DIRECTION ( 'NONE',  ( 8.673617379884036705E-17, -0.000000000000000000, 1.000000000000000000 ) ) ;
#968 = DIRECTION ( 'NONE',  ( -1.000000000000000000, 0.000000000000000000, 8.673617379884034239E-17 ) ) ;
#969 = VECTOR ( 'NONE', #3017, 1000.000000000000000 ) ;
#970 = EDGE_CURVE ( 'NONE', #1699, #291, #464, .T. ) ;
#971 = PLANE ( 'NONE',  #2948 ) ;
#972 = EDGE_CURVE ( 'NONE', #1859, #4401, #1700, .T. ) ;
#973 = CARTESIAN_POINT ( 'NONE',  ( 0.3750000000000031086, 0.4255124837953336292, 1.843143693225370948E-15 ) ) ;
#974 =( LENGTH_UNIT ( ) NAMED_UNIT ( * ) SI_UNIT ( .MILLI., .METRE. ) );
#975 = DIRECTION ( 'NONE',  ( -4.625929269271501888E-15, 0.000000000000000000, 1.000000000000000000 ) ) ;
#976 = EDGE_CURVE ( 'NONE', #2215, #103, #702, .T. ) ;
#977 = CARTESIAN_POINT ( 'NONE',  ( 0.6250000000000008882, 0.000000000000000000, -0.1249999999999999445 ) ) ;
#978 = EDGE_CURVE ( 'NONE', #2503, #723, #2994, .T. ) ;
#979 = COLOUR_RGB ( '',1.000000000000000000, 0.8117647058823529438, 0.5019607843137254832 ) ;
#980 = DIRECTION ( 'NONE',  ( 0.000000000000000000, 0.000000000000000000, -1.000000000000000000 ) ) ;
#981 = CARTESIAN_POINT ( 'NONE',  ( -0.1250000000000000278, 0.03499999999999998251, -0.6250000000000009992 ) ) ;
#982 = ORIENTED_EDGE ( 'NONE', *, *, #1621, .F. ) ;
#983 = UNCERTAINTY_MEASURE_WITH_UNIT (LENGTH_MEASURE( 1.000000000000000082E-05 ), #789, 'distance_accuracy_value', 'NONE');
#984 = ORIENTED_EDGE ( 'NONE', *, *, #2638, .T. ) ;
#985 = EDGE_CURVE ( 'NONE', #1942, #1734, #298, .T. ) ;
#986 = ORIENTED_EDGE ( 'NONE', *, *, #912, .F. ) ;
#987 = CARTESIAN_POINT ( 'NONE',  ( 0.3750000000000000000, 0.03500000000000000333, -0.6250000000000009992 ) ) ;
#988 = PLANE ( 'NONE',  #736 ) ;
#989 = PLANE ( 'NONE',  #3088 ) ;
#990 = CARTESIAN_POINT ( 'NONE',  ( -0.6250000000000013323, 0.000000000000000000, 0.9250000000000009326 ) ) ;
#991 = PRESENTATION_STYLE_ASSIGNMENT (( #4031 ) ) ;
#992 = DIRECTION ( 'NONE',  ( 0.000000000000000000, -1.000000000000000000, 0.000000000000000000 ) ) ;
#993 = DIRECTION ( 'NONE',  ( 0.000000000000000000, 0.000000000000000000, 1.000000000000000000 ) ) ;
#994 = PLANE ( 'NONE',  #1191 ) ;
#995 = ORIENTED_EDGE ( 'NONE', *, *, #825, .F. ) ;
#996 = CYLINDRICAL_SURFACE ( 'NONE', #3932, 0.1499999999999999667 ) ;
#997 = EDGE_CURVE ( 'NONE', #1843, #510, #9, .T. ) ;
#998 = ORIENTED_EDGE ( 'NONE', *, *, #1883, .T. ) ;
#999 = CARTESIAN_POINT ( 'NONE',  ( 0.000000000000000000, 0.03500000000000000333, 0.000000000000000000 ) ) ;
#1000 = ADVANCED_FACE ( 'NONE', ( #1722 ), #2424, .F. ) ;
#1001 = CARTESIAN_POINT ( 'NONE',  ( -0.3750000000000000000, 0.000000000000000000, -1.000000000000000888 ) ) ;
#1002 = ORIENTED_EDGE ( 'NONE', *, *, #3086, .F. ) ;
#1003 = ORIENTED_EDGE ( 'NONE', *, *, #4170, .F. ) ;
#1004 = EDGE_CURVE ( 'NONE', #323, #6, #2708, .T. ) ;
#1005 = ORIENTED_EDGE ( 'NONE', *, *, #1522, .F. ) ;
#1006 = PLANE ( 'NONE',  #2309 ) ;
#1007 = EDGE_LOOP ( 'NONE', ( #2346, #1840, #2581, #4046 ) ) ;
#1008 = ORIENTED_EDGE ( 'NONE', *, *, #1631, .T. ) ;
#1009 = FACE_OUTER_BOUND ( 'NONE', #4016, .T. ) ;
#1010 = SURFACE_STYLE_FILL_AREA ( #945 ) ;
#1011 = DIRECTION ( 'NONE',  ( 0.000000000000000000, 0.000000000000000000, -1.000000000000000000 ) ) ;
#1012 = PLANE ( 'NONE',  #3579 ) ;
#1013 = LINE ( 'NONE', #333, #1551 ) ;
#1014 = LINE ( 'NONE', #1726, #2234 ) ;
#1015 = MECHANICAL_DESIGN_GEOMETRIC_PRESENTATION_REPRESENTATION (  '', ( #2087 ), #2862 ) ;
#1016 = VECTOR ( 'NONE', #3097, 1000.000000000000000 ) ;
#1017 = VECTOR ( 'NONE', #4172, 1000.000000000000000 ) ;
#1018 = VERTEX_POINT ( 'NONE', #4350 ) ;
#1019 = DIRECTION ( 'NONE',  ( 0.000000000000000000, 0.000000000000000000, 1.000000000000000000 ) ) ;
#1020 = DIRECTION ( 'NONE',  ( 4.625929269271501888E-15, 0.000000000000000000, -1.000000000000000000 ) ) ;
#1021 = ADVANCED_FACE ( 'NONE', ( #1326 ), #2685, .T. ) ;
#1022 = UNCERTAINTY_MEASURE_WITH_UNIT (LENGTH_MEASURE( 1.000000000000000082E-05 ), #2325, 'distance_accuracy_value', 'NONE');
#1023 = ORIENTED_EDGE ( 'NONE', *, *, #2663, .T. ) ;
#1024 = ADVANCED_FACE ( 'NONE', ( #3038 ), #4055, .F. ) ;
#1025 = CARTESIAN_POINT ( 'NONE',  ( 0.6249999999999998890, 0.2500000000000000000, -0.9250000000000000444 ) ) ;
#1026 = FACE_OUTER_BOUND ( 'NONE', #830, .T. ) ;
#1027 = SURFACE_STYLE_FILL_AREA ( #4071 ) ;
#1028 = EDGE_CURVE ( 'NONE', #1497, #3958, #2323, .T. ) ;
#1029 = ORIENTED_EDGE ( 'NONE', *, *, #4285, .F. ) ;
#1030 = DIRECTION ( 'NONE',  ( -1.000000000000000000, 0.000000000000000000, 8.673617379884034239E-17 ) ) ;
#1031 =( NAMED_UNIT ( * ) SI_UNIT ( $, .STERADIAN. ) SOLID_ANGLE_UNIT ( ) );
#1032 = VERTEX_POINT ( 'NONE', #413 ) ;
#1033 = VECTOR ( 'NONE', #3416, 1000.000000000000000 ) ;
#1034 = AXIS2_PLACEMENT_3D ( 'NONE', #398, #59, #1772 ) ;
#1035 = VECTOR ( 'NONE', #568, 1000.000000000000000 ) ;
#1036 = AXIS2_PLACEMENT_3D ( 'NONE', #3399, #2732, #4358 ) ;
#1037 = ORIENTED_EDGE ( 'NONE', *, *, #4093, .T. ) ;
#1038 = VECTOR ( 'NONE', #3655, 1000.000000000000000 ) ;
#1039 = DIRECTION ( 'NONE',  ( 0.000000000000000000, 1.000000000000000000, -0.000000000000000000 ) ) ;
#1040 = LINE ( 'NONE', #2409, #3511 ) ;
#1041 = CARTESIAN_POINT ( 'NONE',  ( 0.3750000000000000000, 0.03500000000000000333, 0.6250000000000009992 ) ) ;
#1042 = DIRECTION ( 'NONE',  ( -1.000000000000000000, 0.000000000000000000, 1.734723475976806503E-15 ) ) ;
#1043 = DIRECTION ( 'NONE',  ( -0.000000000000000000, -1.000000000000000000, -0.000000000000000000 ) ) ;
#1044 = CARTESIAN_POINT ( 'NONE',  ( 0.6250000000000000000, 0.03500000000000000333, -0.6250000000000009992 ) ) ;
#1045 = CLOSED_SHELL ( 'NONE', ( #3134, #3924, #667, #3465, #377, #1104 ) ) ;
#1046 = CARTESIAN_POINT ( 'NONE',  ( 0.000000000000000000, 0.000000000000000000, -0.6250000000000009992 ) ) ;
#1047 = DIRECTION ( 'NONE',  ( 1.000000000000000000, 0.000000000000000000, 1.445602896647339163E-16 ) ) ;
#1048 = CARTESIAN_POINT ( 'NONE',  ( -0.6250000000000000000, 0.000000000000000000, 0.6250000000000009992 ) ) ;
#1049 = ORIENTED_EDGE ( 'NONE', *, *, #2779, .T. ) ;
#1050 = EDGE_CURVE ( 'NONE', #1440, #1996, #2154, .T. ) ;
#1051 = ORIENTED_EDGE ( 'NONE', *, *, #642, .T. ) ;
#1052 = DIRECTION ( 'NONE',  ( 1.000000000000000000, 0.000000000000000000, 0.000000000000000000 ) ) ;
#1053 = SURFACE_SIDE_STYLE ('',( #1697 ) ) ;
#1054 = ORIENTED_EDGE ( 'NONE', *, *, #3650, .T. ) ;
#1055 = EDGE_CURVE ( 'NONE', #141, #3041, #3784, .T. ) ;
#1056 = EDGE_CURVE ( 'NONE', #2215, #1069, #1498, .T. ) ;
#1057 = EDGE_LOOP ( 'NONE', ( #715, #2567, #4286, #4352 ) ) ;
#1058 = DIRECTION ( 'NONE',  ( -1.000000000000000000, -0.000000000000000000, -0.000000000000000000 ) ) ;
#1059 = DIRECTION ( 'NONE',  ( 0.000000000000000000, -0.000000000000000000, -1.000000000000000000 ) ) ;
#1060 = LINE ( 'NONE', #2752, #3676 ) ;
#1061 = PLANE ( 'NONE',  #1671 ) ;
#1062 = EDGE_LOOP ( 'NONE', ( #3575, #2196, #4116, #3119 ) ) ;
#1063 = CARTESIAN_POINT ( 'NONE',  ( -0.1249999999999999722, 0.000000000000000000, 0.6250000000000009992 ) ) ;
#1064 = VERTEX_POINT ( 'NONE', #2851 ) ;
#1065 = DIRECTION ( 'NONE',  ( -0.000000000000000000, -0.000000000000000000, 1.000000000000000000 ) ) ;
#1066 = EDGE_LOOP ( 'NONE', ( #766, #3048, #1950, #3410 ) ) ;
#1067 = CARTESIAN_POINT ( 'NONE',  ( 0.3750000000000000000, 0.4255124837953336292, -0.6250000000000009992 ) ) ;
#1068 = PLANE ( 'NONE',  #729 ) ;
#1069 = VERTEX_POINT ( 'NONE', #1770 ) ;
#1070 = ORIENTED_EDGE ( 'NONE', *, *, #1889, .T. ) ;
#1071 = ORIENTED_EDGE ( 'NONE', *, *, #1156, .F. ) ;
#1072 = FACE_OUTER_BOUND ( 'NONE', #3123, .T. ) ;
#1073 = DIRECTION ( 'NONE',  ( -0.000000000000000000, -1.000000000000000000, -0.000000000000000000 ) ) ;
#1074 = ORIENTED_EDGE ( 'NONE', *, *, #286, .F. ) ;
#1075 = EDGE_CURVE ( 'NONE', #2099, #4075, #2764, .T. ) ;
#1076 = ORIENTED_EDGE ( 'NONE', *, *, #3313, .T. ) ;
#1077 = ADVANCED_FACE ( 'NONE', ( #429 ), #2081, .F. ) ;
#1078 = DIRECTION ( 'NONE',  ( -0.000000000000000000, -1.000000000000000000, -0.000000000000000000 ) ) ;
#1079 = DIRECTION ( 'NONE',  ( 1.000000000000000000, -0.000000000000000000, 4.553649124439120201E-15 ) ) ;
#1080 = FACE_OUTER_BOUND ( 'NONE', #402, .T. ) ;
#1081 = EDGE_CURVE ( 'NONE', #2960, #1363, #2440, .T. ) ;
#1082 = DIRECTION ( 'NONE',  ( 1.000000000000000000, -0.000000000000000000, 0.000000000000000000 ) ) ;
#1083 = VECTOR ( 'NONE', #2775, 1000.000000000000000 ) ;
#1084 = VERTEX_POINT ( 'NONE', #3136 ) ;
#1085 = LINE ( 'NONE', #2863, #310 ) ;
#1086 = VECTOR ( 'NONE', #1073, 1000.000000000000000 ) ;
#1087 = VECTOR ( 'NONE', #2500, 1000.000000000000000 ) ;
#1088 = AXIS2_PLACEMENT_3D ( 'NONE', #2651, #1884, #2934 ) ;
#1089 = CARTESIAN_POINT ( 'NONE',  ( 0.6250000000000000000, 0.000000000000000000, 0.6250000000000009992 ) ) ;
#1090 = CARTESIAN_POINT ( 'NONE',  ( -0.6250000000000003331, 0.6749999999999998224, 0.6250000000000001110 ) ) ;
#1091 = VECTOR ( 'NONE', #1236, 999.9999999999998863 ) ;
#1092 = CARTESIAN_POINT ( 'NONE',  ( -0.1249999999999999722, 0.03500000000000000333, 0.6250000000000009992 ) ) ;
#1093 = VERTEX_POINT ( 'NONE', #112 ) ;
#1094 = DIRECTION ( 'NONE',  ( -1.000000000000000000, 0.000000000000000000, -1.445602896647339114E-15 ) ) ;
#1095 = VERTEX_POINT ( 'NONE', #73 ) ;
#1096 = DIRECTION ( 'NONE',  ( -0.000000000000000000, -1.000000000000000000, -0.000000000000000000 ) ) ;
#1097 = VECTOR ( 'NONE', #3179, 1000.000000000000000 ) ;
#1098 = LINE ( 'NONE', #2483, #4240 ) ;
#1099 = DIRECTION ( 'NONE',  ( 7.228014483236698281E-17, 0.000000000000000000, -1.000000000000000000 ) ) ;
#1100 = EDGE_CURVE ( 'NONE', #2546, #1837, #1790, .T. ) ;
#1101 = VERTEX_POINT ( 'NONE', #3521 ) ;
#1102 = AXIS2_PLACEMENT_3D ( 'NONE', #2413, #1310, #1979 ) ;
#1103 = DIRECTION ( 'NONE',  ( 0.000000000000000000, 0.000000000000000000, -1.000000000000000000 ) ) ;
#1104 = ADVANCED_FACE ( 'NONE', ( #739 ), #4204, .F. ) ;
#1105 = CARTESIAN_POINT ( 'NONE',  ( -0.6249999999999997780, 0.4255124837953336292, 1.807003620809173892E-16 ) ) ;
#1106 = AXIS2_PLACEMENT_3D ( 'NONE', #3143, #360, #1168 ) ;
#1107 = DIRECTION ( 'NONE',  ( -0.000000000000000000, -1.000000000000000000, -0.000000000000000000 ) ) ;
#1108 = ORIENTED_EDGE ( 'NONE', *, *, #371, .T. ) ;
#1109 = EDGE_CURVE ( 'NONE', #1789, #2510, #394, .T. ) ;
#1110 = EDGE_LOOP ( 'NONE', ( #3663, #347, #3234, #1669 ) ) ;
#1111 = EDGE_CURVE ( 'NONE', #1789, #3002, #2105, .T. ) ;
#1112 = CARTESIAN_POINT ( 'NONE',  ( -1.807003620809172105E-17, 0.4255124837953336292, -0.1249999999999998612 ) ) ;
#1113 = DIRECTION ( 'NONE',  ( 1.000000000000000000, 0.000000000000000000, -6.195440985631453345E-16 ) ) ;
#1114 = CARTESIAN_POINT ( 'NONE',  ( 0.9250000000000000444, 0.4255124837953336292, 0.000000000000000000 ) ) ;
#1115 = VERTEX_POINT ( 'NONE', #1165 ) ;
#1116 = ORIENTED_EDGE ( 'NONE', *, *, #352, .T. ) ;
#1117 = DIRECTION ( 'NONE',  ( 1.000000000000000000, -0.000000000000000000, -1.445602896647339114E-15 ) ) ;
#1118 = FILL_AREA_STYLE_COLOUR ( '', #3772 ) ;
#1119 = CIRCLE ( 'NONE', #2111, 0.1499999999999999667 ) ;
#1120 = VERTEX_POINT ( 'NONE', #2528 ) ;
#1121 = VERTEX_POINT ( 'NONE', #2780 ) ;
#1122 = ORIENTED_EDGE ( 'NONE', *, *, #4368, .T. ) ;
#1123 = DIRECTION ( 'NONE',  ( -0.000000000000000000, -1.000000000000000000, -0.000000000000000000 ) ) ;
#1124 = FACE_OUTER_BOUND ( 'NONE', #2508, .T. ) ;
#1125 = CARTESIAN_POINT ( 'NONE',  ( 0.1249999999999999722, 0.03500000000000000333, -0.6250000000000009992 ) ) ;
#1126 = VECTOR ( 'NONE', #1211, 1000.000000000000000 ) ;
#1127 = FACE_OUTER_BOUND ( 'NONE', #523, .T. ) ;
#1128 = CARTESIAN_POINT ( 'NONE',  ( 0.3750000000000031086, 0.03499999999999998251, 1.843143693225370948E-15 ) ) ;
#1129 = CARTESIAN_POINT ( 'NONE',  ( -0.6250000000000008882, 0.03500000000000000333, -0.1249999999999999445 ) ) ;
#1130 = ADVANCED_FACE ( 'NONE', ( #2120 ), #4180, .T. ) ;
#1131 = DIRECTION ( 'NONE',  ( -1.000000000000000000, 0.000000000000000000, -1.734723475976806848E-16 ) ) ;
#1132 = ORIENTED_EDGE ( 'NONE', *, *, #2473, .T. ) ;
#1133 = CARTESIAN_POINT ( 'NONE',  ( 0.6250000000000015543, 0.4255124837953336292, 0.3749999999999989453 ) ) ;
#1134 = ORIENTED_EDGE ( 'NONE', *, *, #3838, .T. ) ;
#1135 = EDGE_CURVE ( 'NONE', #1494, #4246, #2804, .T. ) ;
#1136 = ORIENTED_EDGE ( 'NONE', *, *, #2875, .T. ) ;
#1137 = LINE ( 'NONE', #1844, #1972 ) ;
#1138 = DIRECTION ( 'NONE',  ( 7.228014483236698281E-17, 0.000000000000000000, -1.000000000000000000 ) ) ;
#1139 = EDGE_LOOP ( 'NONE', ( #3104, #3020, #1420, #2198 ) ) ;
#1140 = CARTESIAN_POINT ( 'NONE',  ( -0.7250000000000009770, 0.03500000000000000333, -0.3750000000000000000 ) ) ;
#1141 = DIRECTION ( 'NONE',  ( -0.000000000000000000, -1.000000000000000000, -0.000000000000000000 ) ) ;
#1142 = DIRECTION ( 'NONE',  ( -1.000000000000000000, 0.000000000000000000, 2.168404344971009361E-16 ) ) ;
#1143 = VERTEX_POINT ( 'NONE', #2827 ) ;
#1144 = FACE_OUTER_BOUND ( 'NONE', #803, .T. ) ;
#1145 = LINE ( 'NONE', #785, #3368 ) ;
#1146 = VERTEX_POINT ( 'NONE', #3842 ) ;
#1147 = CARTESIAN_POINT ( 'NONE',  ( -0.5750000000000001776, 0.8499999999999999778, -0.6750000000000001554 ) ) ;
#1148 = ORIENTED_EDGE ( 'NONE', *, *, #3218, .T. ) ;
#1149 = CIRCLE ( 'NONE', #3908, 0.1750000000000000167 ) ;
#1150 = CARTESIAN_POINT ( 'NONE',  ( 0.3749999999999998890, 0.03500000000000000333, -1.000000000000000888 ) ) ;
#1151 = STYLED_ITEM ( 'NONE', ( #1476 ), #1846 ) ;
#1152 = FACE_OUTER_BOUND ( 'NONE', #124, .T. ) ;
#1153 = ORIENTED_EDGE ( 'NONE', *, *, #1271, .F. ) ;
#1154 = AXIS2_PLACEMENT_3D ( 'NONE', #3345, #271, #1382 ) ;
#1155 = ORIENTED_EDGE ( 'NONE', *, *, #2131, .T. ) ;
#1156 = EDGE_CURVE ( 'NONE', #458, #755, #2482, .T. ) ;
#1157 = ORIENTED_EDGE ( 'NONE', *, *, #1622, .T. ) ;
#1158 = VECTOR ( 'NONE', #2045, 1000.000000000000000 ) ;
#1159 = ORIENTED_EDGE ( 'NONE', *, *, #887, .F. ) ;
#1160 = CARTESIAN_POINT ( 'NONE',  ( 0.6250000000000000000, 0.000000000000000000, -0.6250000000000009992 ) ) ;
#1161 = FILL_AREA_STYLE_COLOUR ( '', #585 ) ;
#1162 = EDGE_CURVE ( 'NONE', #959, #2357, #3867, .T. ) ;
#1163 = EDGE_LOOP ( 'NONE', ( #832, #2459, #860, #2070 ) ) ;
#1164 = EDGE_CURVE ( 'NONE', #3205, #3556, #245, .T. ) ;
#1165 = CARTESIAN_POINT ( 'NONE',  ( 0.6249999999999997780, 0.8499999999999999778, 0.7000000000000001776 ) ) ;
#1166 = FACE_OUTER_BOUND ( 'NONE', #2681, .T. ) ;
#1167 = DIRECTION ( 'NONE',  ( -2.891205793294679312E-16, 0.000000000000000000, -1.000000000000000000 ) ) ;
#1168 = DIRECTION ( 'NONE',  ( 1.000000000000000000, 0.000000000000000000, -1.734723475976806848E-16 ) ) ;
#1169 = ORIENTED_EDGE ( 'NONE', *, *, #1324, .F. ) ;
#1170 = VECTOR ( 'NONE', #171, 1000.000000000000000 ) ;
#1171 = LINE ( 'NONE', #2536, #33 ) ;
#1172 = DIRECTION ( 'NONE',  ( -1.000000000000000000, 0.000000000000000000, -4.915049848600948964E-15 ) ) ;
#1173 = CIRCLE ( 'NONE', #3583, 0.1000000000000001027 ) ;
#1174 = ORIENTED_EDGE ( 'NONE', *, *, #1055, .T. ) ;
#1175 = VECTOR ( 'NONE', #1661, 1000.000000000000000 ) ;
#1176 = CARTESIAN_POINT ( 'NONE',  ( -1.000000000000000888, 0.000000000000000000, -0.1250000000000000000 ) ) ;
#1177 = ORIENTED_EDGE ( 'NONE', *, *, #2473, .F. ) ;
#1178 = ORIENTED_EDGE ( 'NONE', *, *, #2419, .F. ) ;
#1179 = DIRECTION ( 'NONE',  ( 0.000000000000000000, 0.000000000000000000, 1.000000000000000000 ) ) ;
#1180 = EDGE_CURVE ( 'NONE', #1825, #2833, #894, .T. ) ;
#1181 = VECTOR ( 'NONE', #240, 1000.000000000000000 ) ;
#1182 = LINE ( 'NONE', #207, #2300 ) ;
#1183 = EDGE_CURVE ( 'NONE', #445, #3571, #2180, .T. ) ;
#1184 = LINE ( 'NONE', #541, #559 ) ;
#1185 = CARTESIAN_POINT ( 'NONE',  ( 0.1250000000000000000, 0.03500000000000000333, -1.000000000000000888 ) ) ;
#1186 = EDGE_CURVE ( 'NONE', #4367, #3517, #1182, .T. ) ;
#1187 = DIRECTION ( 'NONE',  ( 2.891205793294679312E-16, 0.000000000000000000, 1.000000000000000000 ) ) ;
#1188 = CARTESIAN_POINT ( 'NONE',  ( 1.000000000000001554, 0.03500000000000000333, 0.3749999999999982792 ) ) ;
#1189 = DIRECTION ( 'NONE',  ( 4.987329993433327496E-15, 0.000000000000000000, -1.000000000000000000 ) ) ;
#1190 = ORIENTED_EDGE ( 'NONE', *, *, #117, .T. ) ;
#1191 = AXIS2_PLACEMENT_3D ( 'NONE', #36, #950, #1684 ) ;
#1192 = VERTEX_POINT ( 'NONE', #2282 ) ;
#1193 = DIRECTION ( 'NONE',  ( -0.000000000000000000, -1.000000000000000000, -0.000000000000000000 ) ) ;
#1194 = ORIENTED_EDGE ( 'NONE', *, *, #3813, .F. ) ;
#1195 = ORIENTED_EDGE ( 'NONE', *, *, #3189, .F. ) ;
#1196 = DIRECTION ( 'NONE',  ( -4.625929269271476645E-15, 0.000000000000000000, 1.000000000000000000 ) ) ;
#1197 = ORIENTED_EDGE ( 'NONE', *, *, #3420, .T. ) ;
#1198 = ORIENTED_EDGE ( 'NONE', *, *, #3390, .F. ) ;
#1199 = ORIENTED_EDGE ( 'NONE', *, *, #720, .T. ) ;
#1200 = DIRECTION ( 'NONE',  ( 0.000000000000000000, -1.000000000000000000, 0.000000000000000000 ) ) ;
#1201 = ORIENTED_EDGE ( 'NONE', *, *, #2815, .T. ) ;
#1202 = VERTEX_POINT ( 'NONE', #157 ) ;
#1203 = ORIENTED_EDGE ( 'NONE', *, *, #3422, .F. ) ;
#1204 = FACE_OUTER_BOUND ( 'NONE', #3237, .T. ) ;
#1205 = DIRECTION ( 'NONE',  ( 0.000000000000000000, -0.000000000000000000, -1.000000000000000000 ) ) ;
#1206 = ADVANCED_FACE ( 'NONE', ( #3538 ), #1914, .F. ) ;
#1207 = PLANE ( 'NONE',  #2946 ) ;
#1208 = EDGE_CURVE ( 'NONE', #3111, #858, #1254, .T. ) ;
#1209 = LINE ( 'NONE', #2261, #810 ) ;
#1210 = LINE ( 'NONE', #1900, #1466 ) ;
#1211 = DIRECTION ( 'NONE',  ( 0.000000000000000000, -1.000000000000000000, 0.000000000000000000 ) ) ;
#1212 = EDGE_CURVE ( 'NONE', #2488, #858, #2571, .T. ) ;
#1213 = FACE_OUTER_BOUND ( 'NONE', #2200, .T. ) ;
#1214 = ORIENTED_EDGE ( 'NONE', *, *, #1186, .F. ) ;
#1215 = ORIENTED_EDGE ( 'NONE', *, *, #887, .T. ) ;
#1216 = LINE ( 'NONE', #3973, #1170 ) ;
#1217 = DIRECTION ( 'NONE',  ( -1.000000000000000000, 0.000000000000000000, -1.734723475976807094E-15 ) ) ;
#1218 = ORIENTED_EDGE ( 'NONE', *, *, #2276, .F. ) ;
#1219 = ORIENTED_EDGE ( 'NONE', *, *, #1886, .F. ) ;
#1220 = DIRECTION ( 'NONE',  ( -8.673617379884034239E-17, 0.000000000000000000, -1.000000000000000000 ) ) ;
#1221 =( NAMED_UNIT ( * ) PLANE_ANGLE_UNIT ( ) SI_UNIT ( $, .RADIAN. ) );
#1222 = ORIENTED_EDGE ( 'NONE', *, *, #3702, .T. ) ;
#1223 = VECTOR ( 'NONE', #3113, 1000.000000000000000 ) ;
#1224 =( GEOMETRIC_REPRESENTATION_CONTEXT ( 3 ) GLOBAL_UNCERTAINTY_ASSIGNED_CONTEXT ( ( #624 ) ) GLOBAL_UNIT_ASSIGNED_CONTEXT ( ( #3777, #322, #2545 ) ) REPRESENTATION_CONTEXT ( 'NONE', 'WORKASPACE' ) );
#1225 = VECTOR ( 'NONE', #282, 1000.000000000000000 ) ;
#1226 = LINE ( 'NONE', #3296, #100 ) ;
#1227 = DIRECTION ( 'NONE',  ( -0.000000000000000000, -1.000000000000000000, -0.000000000000000000 ) ) ;
#1228 = LINE ( 'NONE', #1638, #2584 ) ;
#1229 = CARTESIAN_POINT ( 'NONE',  ( -0.6250000000000015543, -0.000000000000000000, 0.3749999999999989453 ) ) ;
#1230 = AXIS2_PLACEMENT_3D ( 'NONE', #2509, #1487, #3169 ) ;
#1231 = DIRECTION ( 'NONE',  ( 0.000000000000000000, 0.000000000000000000, -1.000000000000000000 ) ) ;
#1232 = CARTESIAN_POINT ( 'NONE',  ( 0.3750000000000000000, 0.03500000000000000333, -0.6250000000000009992 ) ) ;
#1233 = LINE ( 'NONE', #4307, #4083 ) ;
#1234 = CARTESIAN_POINT ( 'NONE',  ( -0.6250000000000000000, 0.000000000000000000, -0.6250000000000009992 ) ) ;
#1235 = ORIENTED_EDGE ( 'NONE', *, *, #447, .T. ) ;
#1236 = DIRECTION ( 'NONE',  ( -0.7071067811865477948, 0.000000000000000000, -0.7071067811865473507 ) ) ;
#1237 = ORIENTED_EDGE ( 'NONE', *, *, #3661, .F. ) ;
#1238 = ADVANCED_FACE ( 'NONE', ( #3198 ), #3269, .F. ) ;
#1239 = ADVANCED_FACE ( 'NONE', ( #1277 ), #1939, .F. ) ;
#1240 = AXIS2_PLACEMENT_3D ( 'NONE', #3206, #1283, #828 ) ;
#1241 = FACE_OUTER_BOUND ( 'NONE', #1511, .T. ) ;
#1242 = CIRCLE ( 'NONE', #673, 0.1750000000000000167 ) ;
#1243 = ADVANCED_FACE ( 'NONE', ( #3605 ), #2640, .F. ) ;
#1244 = CIRCLE ( 'NONE', #4220, 0.2999999999999999334 ) ;
#1245 = CARTESIAN_POINT ( 'NONE',  ( 0.3750000000000000000, 0.000000000000000000, 0.6250000000000009992 ) ) ;
#1246 = AXIS2_PLACEMENT_3D ( 'NONE', #2890, #1624, #3636 ) ;
#1247 = ORIENTED_EDGE ( 'NONE', *, *, #4221, .T. ) ;
#1248 = EDGE_CURVE ( 'NONE', #4385, #4050, #4301, .T. ) ;
#1249 = TOROIDAL_SURFACE ( 'NONE', #2674, 0.07499999999999990008, 0.1749999999999999889 ) ;
#1250 = CARTESIAN_POINT ( 'NONE',  ( -0.6250000000000008882, 0.000000000000000000, -0.1249999999999999445 ) ) ;
#1251 = VERTEX_POINT ( 'NONE', #1545 ) ;
#1252 = COLOUR_RGB ( '',1.000000000000000000, 0.8117647058823529438, 0.5019607843137254832 ) ;
#1253 = LINE ( 'NONE', #4325, #2390 ) ;
#1254 = LINE ( 'NONE', #821, #3431 ) ;
#1255 = PLANE ( 'NONE',  #3993 ) ;
#1256 = VERTEX_POINT ( 'NONE', #2201 ) ;
#1257 = CARTESIAN_POINT ( 'NONE',  ( 0.000000000000000000, 0.000000000000000000, 0.000000000000000000 ) ) ;
#1258 = LINE ( 'NONE', #3964, #2797 ) ;
#1259 = DIRECTION ( 'NONE',  ( -0.000000000000000000, -1.000000000000000000, -0.000000000000000000 ) ) ;
#1260 = ORIENTED_EDGE ( 'NONE', *, *, #4226, .F. ) ;
#1261 = DIRECTION ( 'NONE',  ( -1.000000000000000000, 0.000000000000000000, 0.000000000000000000 ) ) ;
#1262 = DIRECTION ( 'NONE',  ( -0.000000000000000000, -1.000000000000000000, -0.000000000000000000 ) ) ;
#1263 = AXIS2_PLACEMENT_3D ( 'NONE', #2913, #1220, #4268 ) ;
#1264 = CARTESIAN_POINT ( 'NONE',  ( -0.6250000000000000000, 0.03500000000000000333, 0.6250000000000009992 ) ) ;
#1265 = EDGE_LOOP ( 'NONE', ( #1864, #2192, #1136, #1773 ) ) ;
#1266 = ORIENTED_EDGE ( 'NONE', *, *, #2784, .F. ) ;
#1267 = VECTOR ( 'NONE', #2629, 1000.000000000000000 ) ;
#1268 = VERTEX_POINT ( 'NONE', #2917 ) ;
#1269 = CARTESIAN_POINT ( 'NONE',  ( -0.3750000000000014433, 0.4255124837953336292, 0.9250000000000009326 ) ) ;
#1270 = DIRECTION ( 'NONE',  ( 0.000000000000000000, -1.000000000000000000, 0.000000000000000000 ) ) ;
#1271 = EDGE_CURVE ( 'NONE', #3551, #1921, #3557, .T. ) ;
#1272 = VERTEX_POINT ( 'NONE', #517 ) ;
#1273 = COLOUR_RGB ( '',1.000000000000000000, 0.8117647058823529438, 0.5019607843137254832 ) ;
#1274 = ADVANCED_FACE ( 'NONE', ( #1586 ), #4272, .F. ) ;
#1275 = LINE ( 'NONE', #890, #3808 ) ;
#1276 = CARTESIAN_POINT ( 'NONE',  ( -0.1249999999999998890, 0.4255124837953336292, 2.710505431213759236E-17 ) ) ;
#1277 = FACE_OUTER_BOUND ( 'NONE', #1110, .T. ) ;
#1278 = CARTESIAN_POINT ( 'NONE',  ( -0.1249999999999998890, -0.000000000000000000, 2.710505431213759236E-17 ) ) ;
#1279 = PLANE ( 'NONE',  #127 ) ;
#1280 = DIRECTION ( 'NONE',  ( -0.000000000000000000, -1.000000000000000000, -0.000000000000000000 ) ) ;
#1281 = DIRECTION ( 'NONE',  ( 0.000000000000000000, -1.000000000000000000, 0.000000000000000000 ) ) ;
#1282 = FILL_AREA_STYLE_COLOUR ( '', #3795 ) ;
#1283 = DIRECTION ( 'NONE',  ( -1.000000000000000000, -0.000000000000000000, -0.000000000000000000 ) ) ;
#1284 = DIRECTION ( 'NONE',  ( 1.000000000000000000, 0.000000000000000000, -0.000000000000000000 ) ) ;
#1285 = ORIENTED_EDGE ( 'NONE', *, *, #2784, .T. ) ;
#1286 = LINE ( 'NONE', #1882, #37 ) ;
#1287 = PLANE ( 'NONE',  #1088 ) ;
#1288 = ORIENTED_EDGE ( 'NONE', *, *, #2663, .F. ) ;
#1289 = EDGE_LOOP ( 'NONE', ( #2102, #3800, #3369, #1778 ) ) ;
#1290 = EDGE_CURVE ( 'NONE', #3336, #3401, #2622, .T. ) ;
#1291 = DIRECTION ( 'NONE',  ( -7.228014483236698281E-17, -0.000000000000000000, 1.000000000000000000 ) ) ;
#1292 = CARTESIAN_POINT ( 'NONE',  ( 0.9249999999999999334, 0.2500000000000000000, 0.6250000000000001110 ) ) ;
#1293 = EDGE_LOOP ( 'NONE', ( #3902, #3343, #269, #68 ) ) ;
#1294 = EDGE_CURVE ( 'NONE', #4218, #3671, #2655, .T. ) ;
#1295 = EDGE_LOOP ( 'NONE', ( #2478, #3023, #814, #498 ) ) ;
#1296 = ADVANCED_FACE ( 'NONE', ( #1204 ), #2230, .F. ) ;
#1297 = DIRECTION ( 'NONE',  ( 0.000000000000000000, 0.000000000000000000, -1.000000000000000000 ) ) ;
#1298 = CARTESIAN_POINT ( 'NONE',  ( -1.000000000000001110, 0.03500000000000000333, 0.1249999999999982653 ) ) ;
#1299 = VECTOR ( 'NONE', #2460, 1000.000000000000000 ) ;
#1300 = CARTESIAN_POINT ( 'NONE',  ( -0.6250000000000015543, 0.4255124837953336292, 0.3749999999999989453 ) ) ;
#1301 = ORIENTED_EDGE ( 'NONE', *, *, #1787, .F. ) ;
#1302 = AXIS2_PLACEMENT_3D ( 'NONE', #2151, #1845, #3554 ) ;
#1303 = SURFACE_STYLE_USAGE ( .BOTH. , #2350 ) ;
#1304 = DIRECTION ( 'NONE',  ( 0.000000000000000000, -1.000000000000000000, 0.000000000000000000 ) ) ;
#1305 = AXIS2_PLACEMENT_3D ( 'NONE', #1975, #1904, #3259 ) ;
#1306 = CARTESIAN_POINT ( 'NONE',  ( 0.6249999999999982236, 0.03500000000000000333, 1.000000000000001776 ) ) ;
#1307 = ORIENTED_EDGE ( 'NONE', *, *, #2582, .F. ) ;
#1308 = FACE_OUTER_BOUND ( 'NONE', #198, .T. ) ;
#1309 = ORIENTED_EDGE ( 'NONE', *, *, #495, .T. ) ;
#1310 = DIRECTION ( 'NONE',  ( -0.000000000000000000, -1.000000000000000000, -0.000000000000000000 ) ) ;
#1311 = CARTESIAN_POINT ( 'NONE',  ( -1.807003620809172105E-17, -0.000000000000000000, -0.1249999999999998612 ) ) ;
#1312 = ORIENTED_EDGE ( 'NONE', *, *, #3472, .F. ) ;
#1313 = EDGE_LOOP ( 'NONE', ( #2746, #3915, #2825, #1769 ) ) ;
#1314 = LINE ( 'NONE', #4320, #3669 ) ;
#1315 = DIRECTION ( 'NONE',  ( 0.000000000000000000, 0.000000000000000000, 1.000000000000000000 ) ) ;
#1316 = EDGE_LOOP ( 'NONE', ( #4217, #1847, #2736, #2820 ) ) ;
#1317 = AXIS2_PLACEMENT_3D ( 'NONE', #3672, #1938, #224 ) ;
#1318 = VECTOR ( 'NONE', #1706, 1000.000000000000000 ) ;
#1319 = DIRECTION ( 'NONE',  ( -0.000000000000000000, -1.000000000000000000, -0.000000000000000000 ) ) ;
#1320 = PLANE ( 'NONE',  #1154 ) ;
#1321 = DIRECTION ( 'NONE',  ( -1.000000000000000000, 0.000000000000000000, 0.000000000000000000 ) ) ;
#1322 = VECTOR ( 'NONE', #1364, 1000.000000000000000 ) ;
#1323 = DIRECTION ( 'NONE',  ( 1.000000000000000000, 0.000000000000000000, -0.000000000000000000 ) ) ;
#1324 = EDGE_CURVE ( 'NONE', #201, #2693, #649, .T. ) ;
#1325 = EDGE_CURVE ( 'NONE', #1557, #2758, #346, .T. ) ;
#1326 = FACE_OUTER_BOUND ( 'NONE', #1698, .T. ) ;
#1327 = CARTESIAN_POINT ( 'NONE',  ( 0.1249999999999999722, 0.03500000000000000333, -0.6250000000000009992 ) ) ;
#1328 = DIRECTION ( 'NONE',  ( 0.000000000000000000, 0.000000000000000000, 1.000000000000000000 ) ) ;
#1329 = EDGE_LOOP ( 'NONE', ( #3128, #2093, #142, #3238 ) ) ;
#1330 = PLANE ( 'NONE',  #529 ) ;
#1331 = ADVANCED_FACE ( 'NONE', ( #2007 ), #2660, .T. ) ;
#1332 = PLANE ( 'NONE',  #3585 ) ;
#1333 = LINE ( 'NONE', #3106, #732 ) ;
#1334 = ORIENTED_EDGE ( 'NONE', *, *, #1271, .T. ) ;
#1335 = ORIENTED_EDGE ( 'NONE', *, *, #2714, .F. ) ;
#1336 = EDGE_LOOP ( 'NONE', ( #2364, #177, #932, #647, #2163, #2798, #2103, #3922 ) ) ;
#1337 = ORIENTED_EDGE ( 'NONE', *, *, #2815, .F. ) ;
#1338 = DIRECTION ( 'NONE',  ( 0.000000000000000000, 0.000000000000000000, -1.000000000000000000 ) ) ;
#1339 = VERTEX_POINT ( 'NONE', #3710 ) ;
#1340 = VECTOR ( 'NONE', #655, 1000.000000000000000 ) ;
#1341 = EDGE_LOOP ( 'NONE', ( #2431, #3687, #4348, #1116 ) ) ;
#1342 = CARTESIAN_POINT ( 'NONE',  ( -0.6250000000000011102, 0.03500000000000000333, 0.1249999999999988065 ) ) ;
#1343 = ORIENTED_EDGE ( 'NONE', *, *, #3133, .T. ) ;
#1344 = CARTESIAN_POINT ( 'NONE',  ( 0.000000000000000000, 0.000000000000000000, 0.000000000000000000 ) ) ;
#1345 = CARTESIAN_POINT ( 'NONE',  ( -0.3750000000000000000, 0.03500000000000000333, -0.6250000000000009992 ) ) ;
#1346 = ADVANCED_FACE ( 'NONE', ( #4392 ), #1320, .T. ) ;
#1347 = DIRECTION ( 'NONE',  ( 1.000000000000000000, -0.000000000000000000, -0.000000000000000000 ) ) ;
#1348 = LINE ( 'NONE', #278, #121 ) ;
#1349 = CARTESIAN_POINT ( 'NONE',  ( -1.000000000000001554, 0.03500000000000000333, 0.3749999999999982792 ) ) ;
#1350 = EDGE_CURVE ( 'NONE', #3897, #312, #2679, .T. ) ;
#1351 = EDGE_CURVE ( 'NONE', #1251, #3593, #2990, .T. ) ;
#1352 = CARTESIAN_POINT ( 'NONE',  ( -0.1249999999999968636, 0.03499999999999998251, -6.234162491791503570E-16 ) ) ;
#1353 = CARTESIAN_POINT ( 'NONE',  ( 0.6250000000000008882, 0.03500000000000000333, -0.1249999999999999445 ) ) ;
#1354 = ORIENTED_EDGE ( 'NONE', *, *, #1351, .F. ) ;
#1355 = DIRECTION ( 'NONE',  ( 2.891205793294679312E-16, 0.000000000000000000, 1.000000000000000000 ) ) ;
#1356 =( LENGTH_UNIT ( ) NAMED_UNIT ( * ) SI_UNIT ( .MILLI., .METRE. ) );
#1357 = CARTESIAN_POINT ( 'NONE',  ( 1.807003620809172105E-17, 0.03499999999999998251, -0.1249999999999998612 ) ) ;
#1358 = FACE_OUTER_BOUND ( 'NONE', #793, .T. ) ;
#1359 = ORIENTED_EDGE ( 'NONE', *, *, #2333, .T. ) ;
#1360 = ORIENTED_EDGE ( 'NONE', *, *, #595, .T. ) ;
#1361 = DIRECTION ( 'NONE',  ( 0.000000000000000000, 1.000000000000000000, 0.000000000000000000 ) ) ;
#1362 = ORIENTED_EDGE ( 'NONE', *, *, #743, .F. ) ;
#1363 = VERTEX_POINT ( 'NONE', #4030 ) ;
#1364 = DIRECTION ( 'NONE',  ( -0.000000000000000000, -0.000000000000000000, 1.000000000000000000 ) ) ;
#1365 = DIRECTION ( 'NONE',  ( -0.000000000000000000, -1.000000000000000000, -0.000000000000000000 ) ) ;
#1366 = CARTESIAN_POINT ( 'NONE',  ( 0.9249999999999998224, 0.1499999999999999944, -0.6250000000000000000 ) ) ;
#1367 = DIRECTION ( 'NONE',  ( -1.734723475976807094E-15, 0.000000000000000000, 1.000000000000000000 ) ) ;
#1368 = VECTOR ( 'NONE', #3775, 1000.000000000000000 ) ;
#1369 = TOROIDAL_SURFACE ( 'NONE', #4144, 0.3000000000000000444, 0.05000000000000000278 ) ;
#1370 = DIRECTION ( 'NONE',  ( -1.734723475976806306E-15, 0.000000000000000000, 1.000000000000000000 ) ) ;
#1371 = AXIS2_PLACEMENT_3D ( 'NONE', #3929, #558, #1047 ) ;
#1372 = CARTESIAN_POINT ( 'NONE',  ( 1.000000000000000888, 0.000000000000000000, -0.3750000000000000000 ) ) ;
#1373 = VERTEX_POINT ( 'NONE', #990 ) ;
#1374 = EDGE_CURVE ( 'NONE', #393, #3401, #86, .T. ) ;
#1375 = AXIS2_PLACEMENT_3D ( 'NONE', #1502, #2859, #4209 ) ;
#1376 = CARTESIAN_POINT ( 'NONE',  ( 1.000000000000000888, 0.03500000000000000333, -0.1250000000000000000 ) ) ;
#1377 = TOROIDAL_SURFACE ( 'NONE', #2519, 0.07500000000000006661, 0.1749999999999999889 ) ;
#1378 = LINE ( 'NONE', #1357, #2513 ) ;
#1379 = DIRECTION ( 'NONE',  ( 0.000000000000000000, -1.000000000000000000, 0.000000000000000000 ) ) ;
#1380 = AXIS2_PLACEMENT_3D ( 'NONE', #881, #856, #622 ) ;
#1381 = ORIENTED_EDGE ( 'NONE', *, *, #2759, .F. ) ;
#1382 = DIRECTION ( 'NONE',  ( 0.000000000000000000, -0.000000000000000000, -1.000000000000000000 ) ) ;
#1383 = SURFACE_STYLE_USAGE ( .BOTH. , #1053 ) ;
#1384 = AXIS2_PLACEMENT_3D ( 'NONE', #477, #691, #1355 ) ;
#1385 = ORIENTED_EDGE ( 'NONE', *, *, #2001, .T. ) ;
#1386 = AXIS2_PLACEMENT_3D ( 'NONE', #1644, #1665, #1995 ) ;
#1387 = AXIS2_PLACEMENT_3D ( 'NONE', #3171, #836, #504 ) ;
#1388 = VERTEX_POINT ( 'NONE', #3364 ) ;
#1389 = AXIS2_PLACEMENT_3D ( 'NONE', #4378, #992, #331 ) ;
#1390 = CARTESIAN_POINT ( 'NONE',  ( 0.9250000000000000444, 0.03499999999999998251, 0.000000000000000000 ) ) ;
#1391 = VECTOR ( 'NONE', #1370, 1000.000000000000000 ) ;
#1392 = PLANE ( 'NONE',  #4377 ) ;
#1393 = PLANE ( 'NONE',  #904 ) ;
#1394 = CARTESIAN_POINT ( 'NONE',  ( -0.3750000000000017208, 0.000000000000000000, 1.000000000000000000 ) ) ;
#1395 = CARTESIAN_POINT ( 'NONE',  ( 1.000000000000000888, 0.1499999999999999944, -1.000000000000000888 ) ) ;
#1396 = CARTESIAN_POINT ( 'NONE',  ( 0.6250000000000011102, 0.03499999999999998251, 0.1249999999999988065 ) ) ;
#1397 = VERTEX_POINT ( 'NONE', #1637 ) ;
#1398 = CLOSED_SHELL ( 'NONE', ( #1401, #3184, #3789, #1592, #261, #942 ) ) ;
#1399 = FILL_AREA_STYLE ('',( #2740 ) ) ;
#1400 = DIRECTION ( 'NONE',  ( 0.000000000000000000, 1.000000000000000000, 0.000000000000000000 ) ) ;
#1401 = ADVANCED_FACE ( 'NONE', ( #3984 ), #4051, .F. ) ;
#1402 = EDGE_CURVE ( 'NONE', #2383, #1503, #3014, .T. ) ;
#1403 = VERTEX_POINT ( 'NONE', #321 ) ;
#1404 = CARTESIAN_POINT ( 'NONE',  ( 0.1249999999999999722, 0.000000000000000000, 0.6250000000000009992 ) ) ;
#1405 = PRESENTATION_STYLE_ASSIGNMENT (( #2079 ) ) ;
#1406 = ADVANCED_FACE ( 'NONE', ( #3647 ), #4345, .T. ) ;
#1407 = AXIS2_PLACEMENT_3D ( 'NONE', #3040, #4397, #3373 ) ;
#1408 = VECTOR ( 'NONE', #1943, 1000.000000000000000 ) ;
#1409 = DIRECTION ( 'NONE',  ( -0.000000000000000000, -1.000000000000000000, -0.000000000000000000 ) ) ;
#1410 = LINE ( 'NONE', #3100, #4011 ) ;
#1411 = DIRECTION ( 'NONE',  ( -4.625929269271497944E-15, 0.000000000000000000, 1.000000000000000000 ) ) ;
#1412 = DIRECTION ( 'NONE',  ( 1.000000000000000000, -0.000000000000000000, 0.000000000000000000 ) ) ;
#1413 = DIRECTION ( 'NONE',  ( -2.891205793294679312E-16, 0.000000000000000000, -1.000000000000000000 ) ) ;
#1414 = DIRECTION ( 'NONE',  ( -1.000000000000000000, 0.000000000000000000, 0.000000000000000000 ) ) ;
#1415 = ORIENTED_EDGE ( 'NONE', *, *, #4399, .F. ) ;
#1416 = VERTEX_POINT ( 'NONE', #3388 ) ;
#1417 = DIRECTION ( 'NONE',  ( -0.000000000000000000, 1.000000000000000000, -0.000000000000000000 ) ) ;
#1418 = DIRECTION ( 'NONE',  ( 0.000000000000000000, -0.000000000000000000, 1.000000000000000000 ) ) ;
#1419 = EDGE_CURVE ( 'NONE', #339, #506, #2329, .T. ) ;
#1420 = ORIENTED_EDGE ( 'NONE', *, *, #2225, .T. ) ;
#1421 = LINE ( 'NONE', #3175, #2439 ) ;
#1422 = DIRECTION ( 'NONE',  ( 1.000000000000000000, 0.000000000000000000, 1.445602896647339114E-15 ) ) ;
#1423 = ADVANCED_FACE ( 'NONE', ( #294 ), #1436, .F. ) ;
#1424 = ORIENTED_EDGE ( 'NONE', *, *, #852, .T. ) ;
#1425 = ORIENTED_EDGE ( 'NONE', *, *, #1485, .F. ) ;
#1426 = EDGE_CURVE ( 'NONE', #2119, #674, #366, .T. ) ;
#1427 = ADVANCED_FACE ( 'NONE', ( #1009 ), #670, .T. ) ;
#1428 = ORIENTED_EDGE ( 'NONE', *, *, #1807, .T. ) ;
#1429 = DIRECTION ( 'NONE',  ( -1.000000000000000000, -0.000000000000000000, -0.000000000000000000 ) ) ;
#1430 = ADVANCED_FACE ( 'NONE', ( #3073 ), #2437, .F. ) ;
#1431 = CARTESIAN_POINT ( 'NONE',  ( 0.3750000000000000000, 0.03500000000000000333, -0.6250000000000009992 ) ) ;
#1432 = PLANE ( 'NONE',  #327 ) ;
#1433 = VECTOR ( 'NONE', #1556, 1000.000000000000000 ) ;
#1434 = ORIENTED_EDGE ( 'NONE', *, *, #1419, .T. ) ;
#1435 = FACE_OUTER_BOUND ( 'NONE', #2075, .T. ) ;
#1436 = TOROIDAL_SURFACE ( 'NONE', #2930, 0.2999999999999999334, 0.05000000000000000278 ) ;
#1437 = FACE_OUTER_BOUND ( 'NONE', #3822, .T. ) ;
#1438 =( GEOMETRIC_REPRESENTATION_CONTEXT ( 3 ) GLOBAL_UNCERTAINTY_ASSIGNED_CONTEXT ( ( #1690 ) ) GLOBAL_UNIT_ASSIGNED_CONTEXT ( ( #87, #1827, #1962 ) ) REPRESENTATION_CONTEXT ( 'NONE', 'WORKASPACE' ) );
#1439 = ORIENTED_EDGE ( 'NONE', *, *, #2470, .F. ) ;
#1440 = VERTEX_POINT ( 'NONE', #2495 ) ;
#1441 = AXIS2_PLACEMENT_3D ( 'NONE', #3624, #3961, #1872 ) ;
#1442 = CIRCLE ( 'NONE', #3434, 0.05000000000000002359 ) ;
#1443 = CARTESIAN_POINT ( 'NONE',  ( 0.6249999999999997780, 0.1499999999999999944, 0.6250000000000002220 ) ) ;
#1444 = FACE_OUTER_BOUND ( 'NONE', #1163, .T. ) ;
#1445 = ORIENTED_EDGE ( 'NONE', *, *, #2315, .T. ) ;
#1446 = CARTESIAN_POINT ( 'NONE',  ( -0.1249999999999999722, 0.000000000000000000, 0.6250000000000009992 ) ) ;
#1447 = ORIENTED_EDGE ( 'NONE', *, *, #4376, .F. ) ;
#1448 = DIRECTION ( 'NONE',  ( 0.000000000000000000, 0.000000000000000000, -1.000000000000000000 ) ) ;
#1449 = CARTESIAN_POINT ( 'NONE',  ( -0.3749999999999971134, 0.03499999999999998251, -1.734723475976798417E-15 ) ) ;
#1450 = CARTESIAN_POINT ( 'NONE',  ( 0.1249999999999986261, 0.03499999999999998251, 0.9250000000000009326 ) ) ;
#1451 = VECTOR ( 'NONE', #3849, 1000.000000000000000 ) ;
#1452 = ORIENTED_EDGE ( 'NONE', *, *, #286, .T. ) ;
#1453 = ORIENTED_EDGE ( 'NONE', *, *, #2955, .F. ) ;
#1454 = CARTESIAN_POINT ( 'NONE',  ( 0.6249999999999998890, 0.2500000000000000000, -0.6250000000000000000 ) ) ;
#1455 = VECTOR ( 'NONE', #302, 1000.000000000000000 ) ;
#1456 = DIRECTION ( 'NONE',  ( -1.000000000000000000, 0.000000000000000000, -4.625929269271497944E-15 ) ) ;
#1457 = EDGE_CURVE ( 'NONE', #3111, #281, #1421, .T. ) ;
#1458 = VECTOR ( 'NONE', #1945, 1000.000000000000000 ) ;
#1459 = VECTOR ( 'NONE', #1535, 1000.000000000000000 ) ;
#1460 = CARTESIAN_POINT ( 'NONE',  ( -0.3750000000000000000, 0.03500000000000000333, -0.6250000000000009992 ) ) ;
#1461 = VECTOR ( 'NONE', #784, 1000.000000000000000 ) ;
#1462 = EDGE_CURVE ( 'NONE', #3336, #1032, #109, .T. ) ;
#1463 = CARTESIAN_POINT ( 'NONE',  ( -0.5750000000000001776, 0.8399999999999999689, -0.5749999999999999556 ) ) ;
#1464 = DIRECTION ( 'NONE',  ( 1.000000000000000000, 0.000000000000000000, -2.891205793294679312E-16 ) ) ;
#1465 = ADVANCED_FACE ( 'NONE', ( #2116 ), #778, .T. ) ;
#1466 = VECTOR ( 'NONE', #104, 1000.000000000000000 ) ;
#1467 = CARTESIAN_POINT ( 'NONE',  ( -1.000000000000000888, 0.000000000000000000, -0.3750000000000000000 ) ) ;
#1468 = ORIENTED_EDGE ( 'NONE', *, *, #495, .F. ) ;
#1469 = DIRECTION ( 'NONE',  ( 0.000000000000000000, 1.000000000000000000, 0.000000000000000000 ) ) ;
#1470 = CYLINDRICAL_SURFACE ( 'NONE', #3154, 0.1750000000000000167 ) ;
#1471 = EDGE_LOOP ( 'NONE', ( #716, #2869, #1178, #927 ) ) ;
#1472 = PLANE ( 'NONE',  #2657 ) ;
#1473 = ORIENTED_EDGE ( 'NONE', *, *, #1892, .T. ) ;
#1474 = VERTEX_POINT ( 'NONE', #1404 ) ;
#1475 = CARTESIAN_POINT ( 'NONE',  ( 0.6249999999999982236, 0.03500000000000000333, 1.000000000000001776 ) ) ;
#1476 = PRESENTATION_STYLE_ASSIGNMENT (( #1869 ) ) ;
#1477 = CLOSED_SHELL ( 'NONE', ( #4115, #2697, #290, #3311, #726, #1000 ) ) ;
#1478 = DIRECTION ( 'NONE',  ( 0.000000000000000000, -0.000000000000000000, -1.000000000000000000 ) ) ;
#1479 = CARTESIAN_POINT ( 'NONE',  ( -0.9250000000000002665, 0.2500000000000000000, 0.6250000000000001110 ) ) ;
#1480 = FACE_OUTER_BOUND ( 'NONE', #3881, .T. ) ;
#1481 = EDGE_CURVE ( 'NONE', #1202, #1268, #2133, .T. ) ;
#1482 = CARTESIAN_POINT ( 'NONE',  ( 0.8749999999999997780, 0.6749999999999998224, -0.6250000000000001110 ) ) ;
#1483 = EDGE_LOOP ( 'NONE', ( #901, #2523, #118, #2809 ) ) ;
#1484 = CARTESIAN_POINT ( 'NONE',  ( 0.3750000000000000000, 0.000000000000000000, -0.6250000000000009992 ) ) ;
#1485 = EDGE_CURVE ( 'NONE', #2849, #2588, #3112, .T. ) ;
#1486 = ORIENTED_EDGE ( 'NONE', *, *, #4147, .F. ) ;
#1487 = DIRECTION ( 'NONE',  ( 0.000000000000000000, 0.000000000000000000, 1.000000000000000000 ) ) ;
#1488 = ORIENTED_EDGE ( 'NONE', *, *, #3137, .F. ) ;
#1489 = EDGE_CURVE ( 'NONE', #3551, #2383, #2799, .T. ) ;
#1490 = ORIENTED_EDGE ( 'NONE', *, *, #1652, .T. ) ;
#1491 = DIRECTION ( 'NONE',  ( 0.000000000000000000, -1.000000000000000000, 0.000000000000000000 ) ) ;
#1492 = LINE ( 'NONE', #4215, #589 ) ;
#1493 = VERTEX_POINT ( 'NONE', #2747 ) ;
#1494 = VERTEX_POINT ( 'NONE', #3821 ) ;
#1495 = LINE ( 'NONE', #1160, #379 ) ;
#1496 = DIRECTION ( 'NONE',  ( 0.000000000000000000, 0.000000000000000000, -1.000000000000000000 ) ) ;
#1497 = VERTEX_POINT ( 'NONE', #2479 ) ;
#1498 = LINE ( 'NONE', #92, #4019 ) ;
#1499 = CARTESIAN_POINT ( 'NONE',  ( 0.6250000000000000000, 0.03499999999999998251, 0.6250000000000009992 ) ) ;
#1500 = CARTESIAN_POINT ( 'NONE',  ( -0.6250000000000011102, 0.000000000000000000, 0.1249999999999988065 ) ) ;
#1501 = PLANE ( 'NONE',  #1384 ) ;
#1502 = CARTESIAN_POINT ( 'NONE',  ( 0.000000000000000000, 0.03500000000000000333, 0.000000000000000000 ) ) ;
#1503 = VERTEX_POINT ( 'NONE', #3474 ) ;
#1504 = ORIENTED_EDGE ( 'NONE', *, *, #1575, .T. ) ;
#1505 = CARTESIAN_POINT ( 'NONE',  ( -0.1250000000000001110, 0.03500000000000000333, -1.000000000000000888 ) ) ;
#1506 = ORIENTED_EDGE ( 'NONE', *, *, #3838, .F. ) ;
#1507 = VECTOR ( 'NONE', #3962, 1000.000000000000000 ) ;
#1508 = ORIENTED_EDGE ( 'NONE', *, *, #1890, .T. ) ;
#1509 = DIRECTION ( 'NONE',  ( -0.000000000000000000, 1.000000000000000000, -0.000000000000000000 ) ) ;
#1510 = VECTOR ( 'NONE', #3600, 1000.000000000000000 ) ;
#1511 = EDGE_LOOP ( 'NONE', ( #1871, #2046, #1169, #12, #488, #955, #2275, #3850, #1985, #2090, #1506, #3282 ) ) ;
#1512 = PLANE ( 'NONE',  #3140 ) ;
#1513 = EDGE_CURVE ( 'NONE', #723, #1256, #3453, .T. ) ;
#1514 = VECTOR ( 'NONE', #1429, 1000.000000000000000 ) ;
#1515 = ORIENTED_EDGE ( 'NONE', *, *, #1028, .T. ) ;
#1516 = PRESENTATION_LAYER_ASSIGNMENT (  '', '', ( #439 ) ) ;
#1517 = CIRCLE ( 'NONE', #3780, 0.2999999999999999334 ) ;
#1518 = ADVANCED_FACE ( 'NONE', ( #1072 ), #4099, .F. ) ;
#1519 = DIRECTION ( 'NONE',  ( 0.000000000000000000, 1.000000000000000000, 0.000000000000000000 ) ) ;
#1520 =( NAMED_UNIT ( * ) PLANE_ANGLE_UNIT ( ) SI_UNIT ( $, .RADIAN. ) );
#1521 = ORIENTED_EDGE ( 'NONE', *, *, #2365, .F. ) ;
#1522 = EDGE_CURVE ( 'NONE', #936, #2521, #4161, .T. ) ;
#1523 = CIRCLE ( 'NONE', #1606, 0.05000000000000002359 ) ;
#1524 = DIRECTION ( 'NONE',  ( 0.000000000000000000, 0.000000000000000000, -1.000000000000000000 ) ) ;
#1525 = DIRECTION ( 'NONE',  ( -0.000000000000000000, -1.000000000000000000, -0.000000000000000000 ) ) ;
#1526 = LINE ( 'NONE', #228, #2318 ) ;
#1527 = CARTESIAN_POINT ( 'NONE',  ( 1.000000000000000888, 0.03500000000000000333, -0.1250000000000000000 ) ) ;
#1528 = ORIENTED_EDGE ( 'NONE', *, *, #3043, .F. ) ;
#1529 = CARTESIAN_POINT ( 'NONE',  ( -0.6250000000000001110, 0.03500000000000000333, -1.000000000000000888 ) ) ;
#1530 = ORIENTED_EDGE ( 'NONE', *, *, #1055, .F. ) ;
#1531 = ORIENTED_EDGE ( 'NONE', *, *, #1050, .F. ) ;
#1532 = DIRECTION ( 'NONE',  ( 0.000000000000000000, 0.000000000000000000, 1.000000000000000000 ) ) ;
#1533 = VECTOR ( 'NONE', #2966, 1000.000000000000000 ) ;
#1534 = ORIENTED_EDGE ( 'NONE', *, *, #2004, .T. ) ;
#1535 = DIRECTION ( 'NONE',  ( -0.000000000000000000, -1.000000000000000000, -0.000000000000000000 ) ) ;
#1536 = ORIENTED_EDGE ( 'NONE', *, *, #3281, .F. ) ;
#1537 = EDGE_LOOP ( 'NONE', ( #907, #1968, #297, #855 ) ) ;
#1538 = EDGE_CURVE ( 'NONE', #1, #1064, #3492, .T. ) ;
#1539 = ORIENTED_EDGE ( 'NONE', *, *, #852, .F. ) ;
#1540 = SURFACE_STYLE_USAGE ( .BOTH. , #1806 ) ;
#1541 = ORIENTED_EDGE ( 'NONE', *, *, #665, .T. ) ;
#1542 = EDGE_CURVE ( 'NONE', #1493, #2560, #2078, .T. ) ;
#1543 = ADVANCED_FACE ( 'NONE', ( #131 ), #714, .F. ) ;
#1544 = VECTOR ( 'NONE', #3705, 1000.000000000000000 ) ;
#1545 = CARTESIAN_POINT ( 'NONE',  ( -0.7000000000000002887, 0.8499999999999999778, -0.6249999999999997780 ) ) ;
#1546 = LINE ( 'NONE', #2880, #2826 ) ;
#1547 = CARTESIAN_POINT ( 'NONE',  ( 0.6250000000000015543, 0.03500000000000000333, 0.3749999999999989453 ) ) ;
#1548 = FACE_OUTER_BOUND ( 'NONE', #4078, .T. ) ;
#1549 = CARTESIAN_POINT ( 'NONE',  ( -0.6250000000000003331, 0.8499999999999999778, -0.6249999999999997780 ) ) ;
#1550 = DIRECTION ( 'NONE',  ( -1.000000000000000000, 0.000000000000000000, 0.000000000000000000 ) ) ;
#1551 = VECTOR ( 'NONE', #2665, 1000.000000000000000 ) ;
#1552 = ORIENTED_EDGE ( 'NONE', *, *, #3189, .T. ) ;
#1553 = CARTESIAN_POINT ( 'NONE',  ( 0.6249999999999997780, 0.6749999999999998224, 0.6250000000000002220 ) ) ;
#1554 = VERTEX_POINT ( 'NONE', #3430 ) ;
#1555 = CARTESIAN_POINT ( 'NONE',  ( 0.6249999999999998890, 4.174873734152916960, 0.8750000000000003331 ) ) ;
#1556 = DIRECTION ( 'NONE',  ( 1.000000000000000000, 0.000000000000000000, -1.445602896647339163E-16 ) ) ;
#1557 = VERTEX_POINT ( 'NONE', #4139 ) ;
#1558 = ORIENTED_EDGE ( 'NONE', *, *, #3475, .F. ) ;
#1559 = DIRECTION ( 'NONE',  ( -0.000000000000000000, 0.000000000000000000, 1.000000000000000000 ) ) ;
#1560 = SURFACE_STYLE_USAGE ( .BOTH. , #891 ) ;
#1561 = VERTEX_POINT ( 'NONE', #469 ) ;
#1562 = DIRECTION ( 'NONE',  ( 0.000000000000000000, -1.000000000000000000, 0.000000000000000000 ) ) ;
#1563 = LINE ( 'NONE', #208, #1721 ) ;
#1564 = PLANE ( 'NONE',  #419 ) ;
#1565 = CARTESIAN_POINT ( 'NONE',  ( 0.3750000000000000000, 0.000000000000000000, 0.6250000000000009992 ) ) ;
#1566 = EDGE_CURVE ( 'NONE', #2119, #2055, #1826, .T. ) ;
#1567 = EDGE_CURVE ( 'NONE', #3401, #2118, #511, .T. ) ;
#1568 = EDGE_CURVE ( 'NONE', #2514, #1474, #1741, .T. ) ;
#1569 = LINE ( 'NONE', #3561, #2744 ) ;
#1570 = DIRECTION ( 'NONE',  ( 8.673617379884036705E-17, -0.000000000000000000, 1.000000000000000000 ) ) ;
#1571 = DIRECTION ( 'NONE',  ( -2.168404344971009608E-16, 0.000000000000000000, -1.000000000000000000 ) ) ;
#1572 = ORIENTED_EDGE ( 'NONE', *, *, #283, .F. ) ;
#1573 = CARTESIAN_POINT ( 'NONE',  ( 0.000000000000000000, 0.03499999999999998251, -0.9250000000000011546 ) ) ;
#1574 = ORIENTED_EDGE ( 'NONE', *, *, #1567, .T. ) ;
#1575 = EDGE_CURVE ( 'NONE', #1192, #1069, #1495, .T. ) ;
#1576 = ORIENTED_EDGE ( 'NONE', *, *, #2735, .F. ) ;
#1577 = EDGE_LOOP ( 'NONE', ( #1868, #3875, #2274, #2270 ) ) ;
#1578 = DIRECTION ( 'NONE',  ( -0.000000000000000000, -1.000000000000000000, -0.000000000000000000 ) ) ;
#1579 = LINE ( 'NONE', #1245, #2589 ) ;
#1580 = ORIENTED_EDGE ( 'NONE', *, *, #3717, .F. ) ;
#1581 = DIRECTION ( 'NONE',  ( 4.553649124439120201E-15, 0.000000000000000000, -1.000000000000000000 ) ) ;
#1582 = CARTESIAN_POINT ( 'NONE',  ( -0.6250000000000000000, 0.03500000000000000333, -0.6250000000000009992 ) ) ;
#1583 = AXIS2_PLACEMENT_3D ( 'NONE', #756, #735, #2100 ) ;
#1584 = COLOUR_RGB ( '',1.000000000000000000, 0.8117647058823529438, 0.5019607843137254832 ) ;
#1585 = DIRECTION ( 'NONE',  ( 0.000000000000000000, -0.000000000000000000, -1.000000000000000000 ) ) ;
#1586 = FACE_OUTER_BOUND ( 'NONE', #4310, .T. ) ;
#1587 = CARTESIAN_POINT ( 'NONE',  ( -0.3750000000000000000, 0.03500000000000000333, -1.000000000000000888 ) ) ;
#1588 = ORIENTED_EDGE ( 'NONE', *, *, #3813, .T. ) ;
#1589 = CARTESIAN_POINT ( 'NONE',  ( 0.6250000000000008882, 0.4255124837953336292, -1.084202172485505420E-15 ) ) ;
#1590 = DIRECTION ( 'NONE',  ( -0.000000000000000000, -1.000000000000000000, -0.000000000000000000 ) ) ;
#1591 = CARTESIAN_POINT ( 'NONE',  ( 0.000000000000000000, 0.4255124837953336292, 0.9250000000000009326 ) ) ;
#1592 = ADVANCED_FACE ( 'NONE', ( #2522 ), #3862, .T. ) ;
#1593 = DIRECTION ( 'NONE',  ( -1.000000000000000000, 0.000000000000000000, 0.000000000000000000 ) ) ;
#1594 = LINE ( 'NONE', #2559, #1126 ) ;
#1595 = CARTESIAN_POINT ( 'NONE',  ( -0.6250000000000003331, 0.2999999999999999334, -0.6249999999999997780 ) ) ;
#1596 = ORIENTED_EDGE ( 'NONE', *, *, #375, .F. ) ;
#1597 = EDGE_CURVE ( 'NONE', #3618, #3132, #4273, .T. ) ;
#1598 =( GEOMETRIC_REPRESENTATION_CONTEXT ( 3 ) GLOBAL_UNCERTAINTY_ASSIGNED_CONTEXT ( ( #2321 ) ) GLOBAL_UNIT_ASSIGNED_CONTEXT ( ( #848, #570, #231 ) ) REPRESENTATION_CONTEXT ( 'NONE', 'WORKASPACE' ) );
#1599 = EDGE_CURVE ( 'NONE', #2912, #2371, #2330, .T. ) ;
#1600 = ORIENTED_EDGE ( 'NONE', *, *, #1659, .T. ) ;
#1601 = DIRECTION ( 'NONE',  ( 0.000000000000000000, 0.000000000000000000, -1.000000000000000000 ) ) ;
#1602 = PRESENTATION_LAYER_ASSIGNMENT (  '', '', ( #534 ) ) ;
#1603 = VECTOR ( 'NONE', #2085, 1000.000000000000000 ) ;
#1604 = DIRECTION ( 'NONE',  ( 0.000000000000000000, 1.000000000000000000, 0.000000000000000000 ) ) ;
#1605 = VECTOR ( 'NONE', #1971, 1000.000000000000000 ) ;
#1606 = AXIS2_PLACEMENT_3D ( 'NONE', #2793, #3487, #486 ) ;
#1607 = UNCERTAINTY_MEASURE_WITH_UNIT (LENGTH_MEASURE( 1.000000000000000082E-05 ), #1356, 'distance_accuracy_value', 'NONE');
#1608 = ORIENTED_EDGE ( 'NONE', *, *, #3567, .F. ) ;
#1609 = AXIS2_PLACEMENT_3D ( 'NONE', #4060, #1019, #2385 ) ;
#1610 = PLANE ( 'NONE',  #1757 ) ;
#1611 = CARTESIAN_POINT ( 'NONE',  ( -0.3750000000000000000, 0.03500000000000000333, -1.000000000000000888 ) ) ;
#1612 = DIRECTION ( 'NONE',  ( 0.000000000000000000, 1.000000000000000000, 0.000000000000000000 ) ) ;
#1613 = CARTESIAN_POINT ( 'NONE',  ( -0.6250000000000003331, 0.1499999999999999944, 0.9250000000000000444 ) ) ;
#1614 = CARTESIAN_POINT ( 'NONE',  ( 1.807003620809169455E-16, 0.000000000000000000, 0.1249999999999997086 ) ) ;
#1615 = CARTESIAN_POINT ( 'NONE',  ( 0.6250000000000011102, 0.03500000000000000333, 0.1249999999999988065 ) ) ;
#1616 = VECTOR ( 'NONE', #1200, 1000.000000000000000 ) ;
#1617 = FACE_OUTER_BOUND ( 'NONE', #163, .T. ) ;
#1618 = CARTESIAN_POINT ( 'NONE',  ( 0.2399999999999991029, 0.7999999999999999334, 0.08999999999999917788 ) ) ;
#1619 = LINE ( 'NONE', #2238, #3466 ) ;
#1620 = LINE ( 'NONE', #617, #3506 ) ;
#1621 = EDGE_CURVE ( 'NONE', #2076, #2173, #4327, .T. ) ;
#1622 = EDGE_CURVE ( 'NONE', #3593, #2951, #1149, .T. ) ;
#1623 = ORIENTED_EDGE ( 'NONE', *, *, #505, .F. ) ;
#1624 = DIRECTION ( 'NONE',  ( 1.000000000000000000, 0.000000000000000000, -8.673617379884036705E-17 ) ) ;
#1625 = DIRECTION ( 'NONE',  ( 0.000000000000000000, 0.000000000000000000, 1.000000000000000000 ) ) ;
#1626 = EDGE_LOOP ( 'NONE', ( #2814, #1608, #3971, #2221 ) ) ;
#1627 = VECTOR ( 'NONE', #1593, 1000.000000000000000 ) ;
#1628 = EDGE_CURVE ( 'NONE', #4246, #713, #3648, .T. ) ;
#1629 = ORIENTED_EDGE ( 'NONE', *, *, #16, .T. ) ;
#1630 = ORIENTED_EDGE ( 'NONE', *, *, #4342, .T. ) ;
#1631 = EDGE_CURVE ( 'NONE', #850, #1115, #1990, .T. ) ;
#1632 = EDGE_CURVE ( 'NONE', #888, #2295, #4009, .T. ) ;
#1633 = CARTESIAN_POINT ( 'NONE',  ( 0.000000000000000000, 0.000000000000000000, 0.000000000000000000 ) ) ;
#1634 = CARTESIAN_POINT ( 'NONE',  ( -0.6250000000000003331, 0.2999999999999999334, 0.8750000000000000000 ) ) ;
#1635 = ORIENTED_EDGE ( 'NONE', *, *, #319, .F. ) ;
#1636 = LINE ( 'NONE', #3013, #242 ) ;
#1637 = CARTESIAN_POINT ( 'NONE',  ( -0.3750000000000000000, 0.000000000000000000, -0.6250000000000009992 ) ) ;
#1638 = CARTESIAN_POINT ( 'NONE',  ( 0.6250000000000008882, 0.03500000000000000333, -0.1249999999999999445 ) ) ;
#1639 = DIRECTION ( 'NONE',  ( 0.000000000000000000, 1.000000000000000000, 0.000000000000000000 ) ) ;
#1640 =( NAMED_UNIT ( * ) SI_UNIT ( $, .STERADIAN. ) SOLID_ANGLE_UNIT ( ) );
#1641 = CARTESIAN_POINT ( 'NONE',  ( 0.6249999999999998890, 0.2500000000000000000, -0.6250000000000000000 ) ) ;
#1642 = DIRECTION ( 'NONE',  ( 1.000000000000000000, 0.000000000000000000, 0.000000000000000000 ) ) ;
#1643 = DIRECTION ( 'NONE',  ( -1.000000000000000000, 0.000000000000000000, 0.000000000000000000 ) ) ;
#1644 = CARTESIAN_POINT ( 'NONE',  ( 0.6249999999999998890, 0.3000000000000000444, -0.9249999999999999334 ) ) ;
#1645 = DIRECTION ( 'NONE',  ( 1.734723475976806306E-15, 0.000000000000000000, -1.000000000000000000 ) ) ;
#1646 = VERTEX_POINT ( 'NONE', #4302 ) ;
#1647 = DIRECTION ( 'NONE',  ( -1.000000000000000000, -0.000000000000000000, -1.445602896647339163E-16 ) ) ;
#1648 = EDGE_LOOP ( 'NONE', ( #1153, #998, #749, #1343 ) ) ;
#1649 = ORIENTED_EDGE ( 'NONE', *, *, #1896, .T. ) ;
#1650 = FACE_OUTER_BOUND ( 'NONE', #193, .T. ) ;
#1651 = CARTESIAN_POINT ( 'NONE',  ( -0.6250000000000008882, -0.000000000000000000, 0.000000000000000000 ) ) ;
#1652 = EDGE_CURVE ( 'NONE', #3192, #456, #1228, .T. ) ;
#1653 = ORIENTED_EDGE ( 'NONE', *, *, #1597, .T. ) ;
#1654 = ADVANCED_FACE ( 'NONE', ( #2623 ), #1255, .F. ) ;
#1655 = DIRECTION ( 'NONE',  ( -0.000000000000000000, -1.000000000000000000, -0.000000000000000000 ) ) ;
#1656 = CARTESIAN_POINT ( 'NONE',  ( 0.2399999999999991029, 0.8249999999999998446, 0.2399999999999991029 ) ) ;
#1657 = VECTOR ( 'NONE', #1767, 1000.000000000000000 ) ;
#1658 = FACE_OUTER_BOUND ( 'NONE', #3754, .T. ) ;
#1659 = EDGE_CURVE ( 'NONE', #1503, #3220, #295, .T. ) ;
#1660 = VECTOR ( 'NONE', #2967, 1000.000000000000000 ) ;
#1661 = DIRECTION ( 'NONE',  ( 0.000000000000000000, -1.000000000000000000, 0.000000000000000000 ) ) ;
#1662 = CARTESIAN_POINT ( 'NONE',  ( 1.807003620809172105E-17, 0.4255124837953336292, -0.1249999999999998612 ) ) ;
#1663 = LINE ( 'NONE', #1041, #4323 ) ;
#1664 = ORIENTED_EDGE ( 'NONE', *, *, #2365, .T. ) ;
#1665 = DIRECTION ( 'NONE',  ( -1.000000000000000000, 0.000000000000000000, 0.000000000000000000 ) ) ;
#1666 = ORIENTED_EDGE ( 'NONE', *, *, #1183, .F. ) ;
#1667 = FACE_OUTER_BOUND ( 'NONE', #2420, .T. ) ;
#1668 = LINE ( 'NONE', #4384, #2146 ) ;
#1669 = ORIENTED_EDGE ( 'NONE', *, *, #3281, .T. ) ;
#1670 = VECTOR ( 'NONE', #139, 1000.000000000000000 ) ;
#1671 = AXIS2_PLACEMENT_3D ( 'NONE', #4058, #1042, #2428 ) ;
#1672 =( NAMED_UNIT ( * ) PLANE_ANGLE_UNIT ( ) SI_UNIT ( $, .RADIAN. ) );
#1673 = DIRECTION ( 'NONE',  ( 0.000000000000000000, -1.000000000000000000, 0.000000000000000000 ) ) ;
#1674 = AXIS2_PLACEMENT_3D ( 'NONE', #2515, #437, #3879 ) ;
#1675 = AXIS2_PLACEMENT_3D ( 'NONE', #893, #3031, #3935 ) ;
#1676 = DIRECTION ( 'NONE',  ( 0.000000000000000000, 0.000000000000000000, 1.000000000000000000 ) ) ;
#1677 = DIRECTION ( 'NONE',  ( 0.000000000000000000, 0.000000000000000000, -1.000000000000000000 ) ) ;
#1678 = VECTOR ( 'NONE', #3436, 1000.000000000000000 ) ;
#1679 = ADVANCED_FACE ( 'NONE', ( #1658 ), #3250, .T. ) ;
#1680 = DIRECTION ( 'NONE',  ( 0.000000000000000000, -0.000000000000000000, -1.000000000000000000 ) ) ;
#1681 = EDGE_CURVE ( 'NONE', #3193, #3401, #1895, .T. ) ;
#1682 = DIRECTION ( 'NONE',  ( 0.000000000000000000, -0.000000000000000000, 1.000000000000000000 ) ) ;
#1683 = CARTESIAN_POINT ( 'NONE',  ( -0.6250000000000011102, 0.4255124837953336292, 0.1249999999999988065 ) ) ;
#1684 = DIRECTION ( 'NONE',  ( 0.000000000000000000, -0.000000000000000000, 1.000000000000000000 ) ) ;
#1685 = FACE_OUTER_BOUND ( 'NONE', #577, .T. ) ;
#1686 = CIRCLE ( 'NONE', #1893, 0.2499999999999998890 ) ;
#1687 = DIRECTION ( 'NONE',  ( -1.000000000000000000, 0.000000000000000000, -0.000000000000000000 ) ) ;
#1688 = LINE ( 'NONE', #3046, #441 ) ;
#1689 = ORIENTED_EDGE ( 'NONE', *, *, #2404, .T. ) ;
#1690 = UNCERTAINTY_MEASURE_WITH_UNIT (LENGTH_MEASURE( 1.000000000000000082E-05 ), #87, 'distance_accuracy_value', 'NONE');
#1691 = ORIENTED_EDGE ( 'NONE', *, *, #1758, .F. ) ;
#1692 = CYLINDRICAL_SURFACE ( 'NONE', #546, 0.2500000000000000555 ) ;
#1693 = FACE_OUTER_BOUND ( 'NONE', #2954, .T. ) ;
#1694 = EDGE_LOOP ( 'NONE', ( #3694, #1201, #4005, #2518 ) ) ;
#1695 = VECTOR ( 'NONE', #3138, 1000.000000000000000 ) ;
#1696 = ORIENTED_EDGE ( 'NONE', *, *, #1489, .F. ) ;
#1697 = SURFACE_STYLE_FILL_AREA ( #3756 ) ;
#1698 = EDGE_LOOP ( 'NONE', ( #3632, #3975 ) ) ;
#1699 = VERTEX_POINT ( 'NONE', #3298 ) ;
#1700 = LINE ( 'NONE', #1345, #1322 ) ;
#1701 = DIRECTION ( 'NONE',  ( 0.000000000000000000, 0.000000000000000000, -1.000000000000000000 ) ) ;
#1702 = FACE_OUTER_BOUND ( 'NONE', #1295, .T. ) ;
#1703 = EDGE_CURVE ( 'NONE', #1859, #3517, #4346, .T. ) ;
#1704 = CARTESIAN_POINT ( 'NONE',  ( 0.9250000000000000444, 0.03499999999999998251, -0.3750000000000000000 ) ) ;
#1705 = ADVANCED_FACE ( 'NONE', ( #2968 ), #2641, .T. ) ;
#1706 = DIRECTION ( 'NONE',  ( -0.000000000000000000, -1.000000000000000000, -0.000000000000000000 ) ) ;
#1707 = EDGE_CURVE ( 'NONE', #1064, #4246, #1563, .T. ) ;
#1708 = PLANE ( 'NONE',  #4271 ) ;
#1709 = LINE ( 'NONE', #116, #4382 ) ;
#1710 =( LENGTH_UNIT ( ) NAMED_UNIT ( * ) SI_UNIT ( .MILLI., .METRE. ) );
#1711 = CARTESIAN_POINT ( 'NONE',  ( 0.3749999999999998890, 0.000000000000000000, -1.000000000000000888 ) ) ;
#1712 = ORIENTED_EDGE ( 'NONE', *, *, #2548, .F. ) ;
#1713 = FACE_BOUND ( 'NONE', #2594, .T. ) ;
#1714 = ORIENTED_EDGE ( 'NONE', *, *, #1729, .F. ) ;
#1715 = DIRECTION ( 'NONE',  ( -1.000000000000000000, -0.000000000000000000, -0.000000000000000000 ) ) ;
#1716 = LINE ( 'NONE', #3075, #3498 ) ;
#1717 = ORIENTED_EDGE ( 'NONE', *, *, #3037, .F. ) ;
#1718 = ORIENTED_EDGE ( 'NONE', *, *, #826, .T. ) ;
#1719 = PLANE ( 'NONE',  #3153 ) ;
#1720 = ORIENTED_EDGE ( 'NONE', *, *, #3064, .T. ) ;
#1721 = VECTOR ( 'NONE', #1321, 1000.000000000000000 ) ;
#1722 = FACE_OUTER_BOUND ( 'NONE', #738, .T. ) ;
#1723 = STYLED_ITEM ( 'NONE', ( #241 ), #1851 ) ;
#1724 = DIRECTION ( 'NONE',  ( 1.000000000000000000, 0.000000000000000000, 1.445602896647339163E-16 ) ) ;
#1725 = CARTESIAN_POINT ( 'NONE',  ( 0.6249999999999986677, 0.000000000000000000, 0.9250000000000009326 ) ) ;
#1726 = CARTESIAN_POINT ( 'NONE',  ( -0.6250000000000003331, 0.2500000000000000000, 0.9250000000000000444 ) ) ;
#1727 = VECTOR ( 'NONE', #1123, 1000.000000000000000 ) ;
#1728 = MANIFOLD_SOLID_BREP ( 'Pin[5]', #2172 ) ;
#1729 = EDGE_CURVE ( 'NONE', #1856, #458, #671, .T. ) ;
#1730 = AXIS2_PLACEMENT_3D ( 'NONE', #500, #1172, #3792 ) ;
#1731 = CARTESIAN_POINT ( 'NONE',  ( 0.9250000000000000444, 0.03499999999999998251, 0.1249999999999983763 ) ) ;
#1732 = EDGE_CURVE ( 'NONE', #4186, #274, #2661, .T. ) ;
#1733 = DIRECTION ( 'NONE',  ( -0.000000000000000000, -1.000000000000000000, -0.000000000000000000 ) ) ;
#1734 = VERTEX_POINT ( 'NONE', #3412 ) ;
#1735 = EDGE_CURVE ( 'NONE', #4117, #390, #412, .T. ) ;
#1736 = CARTESIAN_POINT ( 'NONE',  ( 0.6249999999999997780, 4.174873734152916960, 0.6250000000000002220 ) ) ;
#1737 = DIRECTION ( 'NONE',  ( -0.000000000000000000, 1.000000000000000000, -0.000000000000000000 ) ) ;
#1738 = CARTESIAN_POINT ( 'NONE',  ( 0.3749999999999981681, 0.000000000000000000, 1.000000000000001332 ) ) ;
#1739 = VECTOR ( 'NONE', #4236, 1000.000000000000000 ) ;
#1740 = ORIENTED_EDGE ( 'NONE', *, *, #2872, .F. ) ;
#1741 = LINE ( 'NONE', #3096, #2080 ) ;
#1742 = MANIFOLD_SOLID_BREP ( 'Pin[9]', #2474 ) ;
#1743 = ORIENTED_EDGE ( 'NONE', *, *, #1863, .T. ) ;
#1744 = CIRCLE ( 'NONE', #399, 0.1499999999999999667 ) ;
#1745 = ORIENTED_EDGE ( 'NONE', *, *, #1162, .F. ) ;
#1746 = PRODUCT_CONTEXT ( 'NONE', #2368, 'mechanical' ) ;
#1747 = AXIS2_PLACEMENT_3D ( 'NONE', #3523, #4207, #475 ) ;
#1748 = VECTOR ( 'NONE', #4087, 1000.000000000000000 ) ;
#1749 = AXIS2_PLACEMENT_3D ( 'NONE', #4035, #2351, #1682 ) ;
#1750 = DIRECTION ( 'NONE',  ( -0.000000000000000000, -1.000000000000000000, -0.000000000000000000 ) ) ;
#1751 = DIRECTION ( 'NONE',  ( -2.891205793294679312E-16, 0.000000000000000000, -1.000000000000000000 ) ) ;
#1752 = CARTESIAN_POINT ( 'NONE',  ( -1.000000000000000888, 0.1499999999999999944, 0.9999999999999991118 ) ) ;
#1753 = CYLINDRICAL_SURFACE ( 'NONE', #1747, 0.1000000000000001027 ) ;
#1754 = CARTESIAN_POINT ( 'NONE',  ( 0.6250000000000011102, 0.000000000000000000, 0.1249999999999988065 ) ) ;
#1755 = CARTESIAN_POINT ( 'NONE',  ( -0.1250000000000000278, 0.000000000000000000, -0.6250000000000009992 ) ) ;
#1756 = EDGE_CURVE ( 'NONE', #3532, #777, #2403, .T. ) ;
#1757 = AXIS2_PLACEMENT_3D ( 'NONE', #2251, #2619, #4293 ) ;
#1758 = EDGE_CURVE ( 'NONE', #651, #2836, #3738, .T. ) ;
#1759 = ORIENTED_EDGE ( 'NONE', *, *, #3927, .T. ) ;
#1760 = FILL_AREA_STYLE_COLOUR ( '', #2051 ) ;
#1761 = CARTESIAN_POINT ( 'NONE',  ( -0.5750000000000001776, 0.8499999999999999778, -0.5749999999999999556 ) ) ;
#1762 = CARTESIAN_POINT ( 'NONE',  ( 0.6250000000000000000, 0.03500000000000000333, -1.000000000000000888 ) ) ;
#1763 = EDGE_CURVE ( 'NONE', #2965, #418, #2057, .T. ) ;
#1764 = EDGE_CURVE ( 'NONE', #4186, #1121, #1716, .T. ) ;
#1765 = ORIENTED_EDGE ( 'NONE', *, *, #3952, .T. ) ;
#1766 = ORIENTED_EDGE ( 'NONE', *, *, #1208, .T. ) ;
#1767 = DIRECTION ( 'NONE',  ( 0.000000000000000000, 0.000000000000000000, -1.000000000000000000 ) ) ;
#1768 = VECTOR ( 'NONE', #4250, 1000.000000000000000 ) ;
#1769 = ORIENTED_EDGE ( 'NONE', *, *, #2984, .T. ) ;
#1770 = CARTESIAN_POINT ( 'NONE',  ( 0.6250000000000000000, 0.000000000000000000, -0.6250000000000009992 ) ) ;
#1771 = LINE ( 'NONE', #1752, #2416 ) ;
#1772 = DIRECTION ( 'NONE',  ( -7.228014483236698281E-17, 0.000000000000000000, 1.000000000000000000 ) ) ;
#1773 = ORIENTED_EDGE ( 'NONE', *, *, #3386, .T. ) ;
#1774 = ORIENTED_EDGE ( 'NONE', *, *, #2213, .T. ) ;
#1775 = CARTESIAN_POINT ( 'NONE',  ( 0.6249999999999998890, 0.6749999999999998224, -0.6250000000000000000 ) ) ;
#1776 = DIRECTION ( 'NONE',  ( 4.625929269271501888E-15, -0.000000000000000000, -1.000000000000000000 ) ) ;
#1777 = VERTEX_POINT ( 'NONE', #2422 ) ;
#1778 = ORIENTED_EDGE ( 'NONE', *, *, #3688, .F. ) ;
#1779 = MANIFOLD_SOLID_BREP ( 'Pin[1]', #3528 ) ;
#1780 = DIRECTION ( 'NONE',  ( -0.000000000000000000, -1.000000000000000000, -0.000000000000000000 ) ) ;
#1781 = LINE ( 'NONE', #1133, #3208 ) ;
#1782 = ORIENTED_EDGE ( 'NONE', *, *, #3787, .F. ) ;
#1783 = EDGE_CURVE ( 'NONE', #2794, #463, #3843, .T. ) ;
#1784 = EDGE_LOOP ( 'NONE', ( #3115, #3008, #4343, #3264 ) ) ;
#1785 = CARTESIAN_POINT ( 'NONE',  ( -0.6250000000000003331, 4.174873734152916960, 0.8750000000000000000 ) ) ;
#1786 = FILL_AREA_STYLE ('',( #1118 ) ) ;
#1787 = EDGE_CURVE ( 'NONE', #103, #2210, #444, .T. ) ;
#1788 = ADVANCED_FACE ( 'NONE', ( #132 ), #4242, .T. ) ;
#1789 = VERTEX_POINT ( 'NONE', #490 ) ;
#1790 = LINE ( 'NONE', #759, #1678 ) ;
#1791 = LINE ( 'NONE', #2427, #1829 ) ;
#1792 = FACE_OUTER_BOUND ( 'NONE', #3159, .T. ) ;
#1793 = EDGE_LOOP ( 'NONE', ( #2167, #1536, #829, #3312 ) ) ;
#1794 = CARTESIAN_POINT ( 'NONE',  ( -1.000000000000000888, 0.03500000000000000333, -0.1250000000000000000 ) ) ;
#1795 = EDGE_LOOP ( 'NONE', ( #2563, #4407, #307, #2936 ) ) ;
#1796 = FACE_OUTER_BOUND ( 'NONE', #3319, .T. ) ;
#1797 = LINE ( 'NONE', #1467, #1017 ) ;
#1798 = COLOUR_RGB ( '',1.000000000000000000, 0.8117647058823529438, 0.5019607843137254832 ) ;
#1799 = EDGE_LOOP ( 'NONE', ( #3197, #841, #239, #758 ) ) ;
#1800 = FACE_OUTER_BOUND ( 'NONE', #2605, .T. ) ;
#1801 = DIRECTION ( 'NONE',  ( -0.000000000000000000, -0.000000000000000000, 1.000000000000000000 ) ) ;
#1802 = AXIS2_PLACEMENT_3D ( 'NONE', #786, #3504, #4283 ) ;
#1803 = ORIENTED_EDGE ( 'NONE', *, *, #1566, .F. ) ;
#1804 = CARTESIAN_POINT ( 'NONE',  ( -0.1250000000000000278, 0.4255124837953336292, -0.6250000000000009992 ) ) ;
#1805 = CARTESIAN_POINT ( 'NONE',  ( -1.000000000000001110, 0.03500000000000000333, 0.1249999999999982653 ) ) ;
#1806 = SURFACE_SIDE_STYLE ('',( #151 ) ) ;
#1807 = EDGE_CURVE ( 'NONE', #4401, #4131, #3803, .T. ) ;
#1808 = DIRECTION ( 'NONE',  ( -0.000000000000000000, -1.000000000000000000, -0.000000000000000000 ) ) ;
#1809 = VECTOR ( 'NONE', #1347, 1000.000000000000000 ) ;
#1810 = VECTOR ( 'NONE', #13, 1000.000000000000000 ) ;
#1811 = CARTESIAN_POINT ( 'NONE',  ( 0.2399999999999991029, 0.8249999999999998446, 0.08999999999999917788 ) ) ;
#1812 = VECTOR ( 'NONE', #528, 1000.000000000000000 ) ;
#1813 = LINE ( 'NONE', #2484, #605 ) ;
#1814 = ADVANCED_FACE ( 'NONE', ( #110 ), #3176, .T. ) ;
#1815 = VECTOR ( 'NONE', #1187, 1000.000000000000000 ) ;
#1816 = DIRECTION ( 'NONE',  ( 0.000000000000000000, 1.000000000000000000, -0.000000000000000000 ) ) ;
#1817 = LINE ( 'NONE', #1484, #3295 ) ;
#1818 = ORIENTED_EDGE ( 'NONE', *, *, #2204, .T. ) ;
#1819 = DIRECTION ( 'NONE',  ( 1.000000000000000000, 0.000000000000000000, 0.000000000000000000 ) ) ;
#1820 = VERTEX_POINT ( 'NONE', #818 ) ;
#1821 = ORIENTED_EDGE ( 'NONE', *, *, #1056, .F. ) ;
#1822 = DIRECTION ( 'NONE',  ( 0.000000000000000000, 0.000000000000000000, 1.000000000000000000 ) ) ;
#1823 = LINE ( 'NONE', #3818, #156 ) ;
#1824 = EDGE_LOOP ( 'NONE', ( #2635, #3643, #3770, #3757 ) ) ;
#1825 = VERTEX_POINT ( 'NONE', #797 ) ;
#1826 = LINE ( 'NONE', #3802, #4136 ) ;
#1827 =( NAMED_UNIT ( * ) PLANE_ANGLE_UNIT ( ) SI_UNIT ( $, .RADIAN. ) );
#1828 = MANIFOLD_SOLID_BREP ( 'Pin[2]', #1045 ) ;
#1829 = VECTOR ( 'NONE', #3824, 1000.000000000000000 ) ;
#1830 = CARTESIAN_POINT ( 'NONE',  ( 0.000000000000000000, 0.03500000000000000333, 0.000000000000000000 ) ) ;
#1831 = FACE_OUTER_BOUND ( 'NONE', #929, .T. ) ;
#1832 = MECHANICAL_DESIGN_GEOMETRIC_PRESENTATION_REPRESENTATION (  '', ( #2415 ), #483 ) ;
#1833 = DIRECTION ( 'NONE',  ( 0.000000000000000000, 0.000000000000000000, 1.000000000000000000 ) ) ;
#1834 = CARTESIAN_POINT ( 'NONE',  ( -0.1250000000000000278, 0.000000000000000000, -0.6250000000000009992 ) ) ;
#1835 = LINE ( 'NONE', #3442, #3716 ) ;
#1836 = FACE_OUTER_BOUND ( 'NONE', #1577, .T. ) ;
#1837 = VERTEX_POINT ( 'NONE', #3157 ) ;
#1838 = EDGE_CURVE ( 'NONE', #3155, #3185, #4198, .T. ) ;
#1839 = LINE ( 'NONE', #1150, #2668 ) ;
#1840 = ORIENTED_EDGE ( 'NONE', *, *, #879, .F. ) ;
#1841 = FACE_OUTER_BOUND ( 'NONE', #853, .T. ) ;
#1842 = ORIENTED_EDGE ( 'NONE', *, *, #2114, .F. ) ;
#1843 = VERTEX_POINT ( 'NONE', #1450 ) ;
#1844 = CARTESIAN_POINT ( 'NONE',  ( 0.000000000000000000, -0.000000000000000000, -0.3750000000000000000 ) ) ;
#1845 = DIRECTION ( 'NONE',  ( 0.000000000000000000, -1.000000000000000000, 0.000000000000000000 ) ) ;
#1846 = MANIFOLD_SOLID_BREP ( 'Shield', #3393 ) ;
#1847 = ORIENTED_EDGE ( 'NONE', *, *, #3607, .F. ) ;
#1848 = DIRECTION ( 'NONE',  ( -4.625929269271476645E-15, 0.000000000000000000, 1.000000000000000000 ) ) ;
#1849 = DIRECTION ( 'NONE',  ( 0.000000000000000000, -1.000000000000000000, 0.000000000000000000 ) ) ;
#1850 = LINE ( 'NONE', #161, #2457 ) ;
#1851 = MANIFOLD_SOLID_BREP ( 'Pin[7]', #1477 ) ;
#1852 = DIRECTION ( 'NONE',  ( 0.000000000000000000, -1.000000000000000000, 0.000000000000000000 ) ) ;
#1853 = LINE ( 'NONE', #2950, #554 ) ;
#1854 = ORIENTED_EDGE ( 'NONE', *, *, #1350, .F. ) ;
#1855 = PLANE ( 'NONE',  #1867 ) ;
#1856 = VERTEX_POINT ( 'NONE', #3884 ) ;
#1857 = VECTOR ( 'NONE', #2056, 1000.000000000000000 ) ;
#1858 = EDGE_CURVE ( 'NONE', #458, #2727, #627, .T. ) ;
#1859 = VERTEX_POINT ( 'NONE', #1611 ) ;
#1860 = CARTESIAN_POINT ( 'NONE',  ( -1.000000000000000888, 0.000000000000000000, 0.9999999999999991118 ) ) ;
#1861 = DIRECTION ( 'NONE',  ( 4.987329993433327496E-15, -0.000000000000000000, -1.000000000000000000 ) ) ;
#1862 = AXIS2_PLACEMENT_3D ( 'NONE', #3411, #3032, #2402 ) ;
#1863 = EDGE_CURVE ( 'NONE', #418, #574, #3904, .T. ) ;
#1864 = ORIENTED_EDGE ( 'NONE', *, *, #1999, .F. ) ;
#1865 = MECHANICAL_DESIGN_GEOMETRIC_PRESENTATION_REPRESENTATION (  '', ( #439 ), #2445 ) ;
#1866 = CIRCLE ( 'NONE', #2590, 0.2500000000000001110 ) ;
#1867 = AXIS2_PLACEMENT_3D ( 'NONE', #3209, #3812, #2166 ) ;
#1868 = ORIENTED_EDGE ( 'NONE', *, *, #1325, .T. ) ;
#1869 = SURFACE_STYLE_USAGE ( .BOTH. , #4223 ) ;
#1870 = ORIENTED_EDGE ( 'NONE', *, *, #2877, .F. ) ;
#1871 = ORIENTED_EDGE ( 'NONE', *, *, #3063, .T. ) ;
#1872 = DIRECTION ( 'NONE',  ( -0.000000000000000000, 0.000000000000000000, 1.000000000000000000 ) ) ;
#1873 = FACE_OUTER_BOUND ( 'NONE', #2512, .T. ) ;
#1874 = CARTESIAN_POINT ( 'NONE',  ( -0.6250000000000000000, 0.03500000000000000333, 0.6250000000000009992 ) ) ;
#1875 = TOROIDAL_SURFACE ( 'NONE', #3724, 0.2999999999999999334, 0.05000000000000000278 ) ;
#1876 = LINE ( 'NONE', #1527, #745 ) ;
#1877 = DIRECTION ( 'NONE',  ( -1.000000000000000000, -0.000000000000000000, -1.734723475976807094E-15 ) ) ;
#1878 = DIRECTION ( 'NONE',  ( -1.000000000000000000, -0.000000000000000000, -0.000000000000000000 ) ) ;
#1879 = PLANE ( 'NONE',  #3788 ) ;
#1880 = MECHANICAL_DESIGN_GEOMETRIC_PRESENTATION_REPRESENTATION (  '', ( #534 ), #2670 ) ;
#1881 = AXIS2_PLACEMENT_3D ( 'NONE', #781, #136, #449 ) ;
#1882 = CARTESIAN_POINT ( 'NONE',  ( 0.000000000000000000, 0.03499999999999998251, -0.9250000000000011546 ) ) ;
#1883 = EDGE_CURVE ( 'NONE', #3551, #1403, #3342, .T. ) ;
#1884 = DIRECTION ( 'NONE',  ( 0.000000000000000000, -1.000000000000000000, 0.000000000000000000 ) ) ;
#1885 = ORIENTED_EDGE ( 'NONE', *, *, #2404, .F. ) ;
#1886 = EDGE_CURVE ( 'NONE', #2983, #1699, #911, .T. ) ;
#1887 = ORIENTED_EDGE ( 'NONE', *, *, #3758, .F. ) ;
#1888 = CARTESIAN_POINT ( 'NONE',  ( -1.000000000000001554, 0.03500000000000000333, 0.3749999999999982792 ) ) ;
#1889 = EDGE_CURVE ( 'NONE', #4131, #805, #289, .T. ) ;
#1890 = EDGE_CURVE ( 'NONE', #334, #1095, #2278, .T. ) ;
#1891 = EDGE_LOOP ( 'NONE', ( #2762, #168, #3224, #2455 ) ) ;
#1892 = EDGE_CURVE ( 'NONE', #2343, #574, #2963, .T. ) ;
#1893 = AXIS2_PLACEMENT_3D ( 'NONE', #2637, #2653, #2344 ) ;
#1894 = DIRECTION ( 'NONE',  ( 0.000000000000000000, 1.000000000000000000, 0.000000000000000000 ) ) ;
#1895 = LINE ( 'NONE', #608, #940 ) ;
#1896 = EDGE_CURVE ( 'NONE', #3739, #2794, #2229, .T. ) ;
#1897 = DIRECTION ( 'NONE',  ( -1.000000000000000000, 0.000000000000000000, -1.734723475976807094E-15 ) ) ;
#1898 = CARTESIAN_POINT ( 'NONE',  ( -1.000000000000000888, 0.1499999999999999944, -1.000000000000000888 ) ) ;
#1899 = FACE_OUTER_BOUND ( 'NONE', #835, .T. ) ;
#1900 = CARTESIAN_POINT ( 'NONE',  ( -0.3750000000000000000, 0.03500000000000000333, -0.6250000000000009992 ) ) ;
#1901 = LINE ( 'NONE', #3657, #3173 ) ;
#1902 = VECTOR ( 'NONE', #2926, 1000.000000000000000 ) ;
#1903 = ORIENTED_EDGE ( 'NONE', *, *, #2450, .T. ) ;
#1904 = DIRECTION ( 'NONE',  ( 0.000000000000000000, 0.000000000000000000, 1.000000000000000000 ) ) ;
#1905 = CARTESIAN_POINT ( 'NONE',  ( -0.6250000000000000000, 0.03499999999999998251, -0.9250000000000011546 ) ) ;
#1906 = CARTESIAN_POINT ( 'NONE',  ( -6.071532165918823598E-17, 0.6749999999999999334, -0.6999999999999998446 ) ) ;
#1907 = ORIENTED_EDGE ( 'NONE', *, *, #825, .T. ) ;
#1908 = LINE ( 'NONE', #3341, #4166 ) ;
#1909 = SURFACE_STYLE_FILL_AREA ( #223 ) ;
#1910 = EDGE_LOOP ( 'NONE', ( #3945, #1054, #2656, #3355 ) ) ;
#1911 = ORIENTED_EDGE ( 'NONE', *, *, #1100, .F. ) ;
#1912 = ADVANCED_FACE ( 'NONE', ( #3294 ), #602, .F. ) ;
#1913 = CARTESIAN_POINT ( 'NONE',  ( 0.1249999999999999722, 0.000000000000000000, 0.6250000000000009992 ) ) ;
#1914 = PLANE ( 'NONE',  #3074 ) ;
#1915 = DIRECTION ( 'NONE',  ( 0.000000000000000000, -0.000000000000000000, -1.000000000000000000 ) ) ;
#1916 = EDGE_CURVE ( 'NONE', #2983, #553, #1442, .T. ) ;
#1917 = CARTESIAN_POINT ( 'NONE',  ( -0.6250000000000017764, 0.03500000000000000333, 0.9999999999999995559 ) ) ;
#1918 = LINE ( 'NONE', #1547, #3152 ) ;
#1919 = EDGE_CURVE ( 'NONE', #628, #3215, #4002, .T. ) ;
#1920 = PLANE ( 'NONE',  #42 ) ;
#1921 = VERTEX_POINT ( 'NONE', #4365 ) ;
#1922 = CARTESIAN_POINT ( 'NONE',  ( -1.000000000000000888, 0.1499999999999999944, 0.9999999999999991118 ) ) ;
#1923 = ORIENTED_EDGE ( 'NONE', *, *, #3016, .T. ) ;
#1924 = ORIENTED_EDGE ( 'NONE', *, *, #4192, .F. ) ;
#1925 = ORIENTED_EDGE ( 'NONE', *, *, #1863, .F. ) ;
#1926 = ORIENTED_EDGE ( 'NONE', *, *, #2745, .T. ) ;
#1927 = LINE ( 'NONE', #1955, #1953 ) ;
#1928 = DIRECTION ( 'NONE',  ( 0.000000000000000000, -1.000000000000000000, 0.000000000000000000 ) ) ;
#1929 = ORIENTED_EDGE ( 'NONE', *, *, #4262, .F. ) ;
#1930 = ORIENTED_EDGE ( 'NONE', *, *, #2961, .F. ) ;
#1931 = ORIENTED_EDGE ( 'NONE', *, *, #3247, .T. ) ;
#1932 = EDGE_LOOP ( 'NONE', ( #2844, #4028, #30, #3980 ) ) ;
#1933 = LINE ( 'NONE', #266, #1181 ) ;
#1934 = DIRECTION ( 'NONE',  ( 1.000000000000000000, -0.000000000000000000, 1.734723475976806848E-16 ) ) ;
#1935 = VECTOR ( 'NONE', #1052, 1000.000000000000000 ) ;
#1936 = AXIS2_PLACEMENT_3D ( 'NONE', #2721, #2456, #4114 ) ;
#1937 = EDGE_LOOP ( 'NONE', ( #995, #4108, #965, #3320 ) ) ;
#1938 = DIRECTION ( 'NONE',  ( 0.000000000000000000, -0.000000000000000000, 1.000000000000000000 ) ) ;
#1939 = PLANE ( 'NONE',  #155 ) ;
#1940 = DIRECTION ( 'NONE',  ( -0.000000000000000000, -1.000000000000000000, -0.000000000000000000 ) ) ;
#1941 = VECTOR ( 'NONE', #2003, 999.9999999999998863 ) ;
#1942 = VERTEX_POINT ( 'NONE', #2593 ) ;
#1943 = DIRECTION ( 'NONE',  ( 4.987329993433327496E-15, -0.000000000000000000, -1.000000000000000000 ) ) ;
#1944 = ADVANCED_FACE ( 'NONE', ( #205 ), #2914, .F. ) ;
#1945 = DIRECTION ( 'NONE',  ( -0.000000000000000000, -1.000000000000000000, -0.000000000000000000 ) ) ;
#1946 = ADVANCED_FACE ( 'NONE', ( #1693 ), #3846, .T. ) ;
#1947 = CARTESIAN_POINT ( 'NONE',  ( 0.6249999999999986677, 0.03499999999999998251, 0.9250000000000009326 ) ) ;
#1948 = FILL_AREA_STYLE ('',( #1282 ) ) ;
#1949 = CARTESIAN_POINT ( 'NONE',  ( 0.8749999999999998890, 0.2999999999999999334, 0.6250000000000002220 ) ) ;
#1950 = ORIENTED_EDGE ( 'NONE', *, *, #375, .T. ) ;
#1951 = PLANE ( 'NONE',  #4079 ) ;
#1952 = EDGE_CURVE ( 'NONE', #755, #4023, #4388, .T. ) ;
#1953 = VECTOR ( 'NONE', #1196, 1000.000000000000000 ) ;
#1954 = VERTEX_POINT ( 'NONE', #386 ) ;
#1955 = CARTESIAN_POINT ( 'NONE',  ( 0.6250000000000000000, 0.03500000000000000333, 0.6250000000000009992 ) ) ;
#1956 = AXIS2_PLACEMENT_3D ( 'NONE', #3845, #2443, #1167 ) ;
#1957 = CARTESIAN_POINT ( 'NONE',  ( -0.9250000000000000444, 0.4255124837953336292, -0.3750000000000000000 ) ) ;
#1958 = VECTOR ( 'NONE', #2449, 1000.000000000000000 ) ;
#1959 = UNCERTAINTY_MEASURE_WITH_UNIT (LENGTH_MEASURE( 1.000000000000000082E-05 ), #1710, 'distance_accuracy_value', 'NONE');
#1960 = ORIENTED_EDGE ( 'NONE', *, *, #1075, .T. ) ;
#1961 = FACE_OUTER_BOUND ( 'NONE', #3898, .T. ) ;
#1962 =( NAMED_UNIT ( * ) SI_UNIT ( $, .STERADIAN. ) SOLID_ANGLE_UNIT ( ) );
#1963 = VERTEX_POINT ( 'NONE', #1711 ) ;
#1964 = ORIENTED_EDGE ( 'NONE', *, *, #2612, .F. ) ;
#1965 = PLANE ( 'NONE',  #3301 ) ;
#1966 = DIRECTION ( 'NONE',  ( 1.000000000000000000, 0.000000000000000000, -1.445602896647339114E-15 ) ) ;
#1967 = DIRECTION ( 'NONE',  ( 1.000000000000000000, 0.000000000000000000, -8.673617379884034239E-17 ) ) ;
#1968 = ORIENTED_EDGE ( 'NONE', *, *, #2204, .F. ) ;
#1969 = CARTESIAN_POINT ( 'NONE',  ( 0.6249999999999998890, 0.2999999999999999334, -0.8749999999999998890 ) ) ;
#1970 = ORIENTED_EDGE ( 'NONE', *, *, #824, .F. ) ;
#1971 = DIRECTION ( 'NONE',  ( 0.000000000000000000, 0.000000000000000000, -1.000000000000000000 ) ) ;
#1972 = VECTOR ( 'NONE', #3194, 1000.000000000000000 ) ;
#1973 = DIRECTION ( 'NONE',  ( 1.000000000000000000, 0.000000000000000000, -0.000000000000000000 ) ) ;
#1974 = FACE_OUTER_BOUND ( 'NONE', #1932, .T. ) ;
#1975 = CARTESIAN_POINT ( 'NONE',  ( 0.000000000000000000, 0.4255124837953336292, 0.6250000000000009992 ) ) ;
#1976 = EDGE_CURVE ( 'NONE', #2326, #3810, #342, .T. ) ;
#1977 = ORIENTED_EDGE ( 'NONE', *, *, #701, .F. ) ;
#1978 = AXIS2_PLACEMENT_3D ( 'NONE', #3679, #300, #1328 ) ;
#1979 = DIRECTION ( 'NONE',  ( 0.000000000000000000, 0.000000000000000000, -1.000000000000000000 ) ) ;
#1980 = EDGE_CURVE ( 'NONE', #2794, #553, #1866, .T. ) ;
#1981 = FACE_OUTER_BOUND ( 'NONE', #2011, .T. ) ;
#1982 = ORIENTED_EDGE ( 'NONE', *, *, #3496, .F. ) ;
#1983 = ORIENTED_EDGE ( 'NONE', *, *, #1952, .F. ) ;
#1984 = EDGE_CURVE ( 'NONE', #3336, #390, #660, .T. ) ;
#1985 = ORIENTED_EDGE ( 'NONE', *, *, #4018, .T. ) ;
#1986 = DIRECTION ( 'NONE',  ( -1.000000000000000000, 0.000000000000000000, -0.000000000000000000 ) ) ;
#1987 = CARTESIAN_POINT ( 'NONE',  ( -0.7250000000000009770, 0.03500000000000000333, -0.3750000000000000000 ) ) ;
#1988 = LINE ( 'NONE', #4369, #2024 ) ;
#1989 = CARTESIAN_POINT ( 'NONE',  ( -0.9250000000000002665, 0.2500000000000000000, 0.6250000000000001110 ) ) ;
#1990 = LINE ( 'NONE', #246, #20 ) ;
#1991 = DIRECTION ( 'NONE',  ( 1.000000000000000000, 0.000000000000000000, -8.673617379884034239E-17 ) ) ;
#1992 = CARTESIAN_POINT ( 'NONE',  ( 0.000000000000000000, 0.03500000000000000333, 0.000000000000000000 ) ) ;
#1993 = SURFACE_STYLE_FILL_AREA ( #1948 ) ;
#1994 = LINE ( 'NONE', #3696, #1340 ) ;
#1995 = DIRECTION ( 'NONE',  ( 0.000000000000000000, 0.000000000000000000, 1.000000000000000000 ) ) ;
#1996 = VERTEX_POINT ( 'NONE', #2433 ) ;
#1997 = LINE ( 'NONE', #15, #1391 ) ;
#1998 = FACE_OUTER_BOUND ( 'NONE', #748, .T. ) ;
#1999 = EDGE_CURVE ( 'NONE', #1120, #2699, #4048, .T. ) ;
#2000 = ORIENTED_EDGE ( 'NONE', *, *, #2029, .T. ) ;
#2001 = EDGE_CURVE ( 'NONE', #130, #1388, #1378, .T. ) ;
#2002 = LINE ( 'NONE', #1046, #1544 ) ;
#2003 = DIRECTION ( 'NONE',  ( 0.7071067811865477948, 0.000000000000000000, 0.7071067811865473507 ) ) ;
#2004 = EDGE_CURVE ( 'NONE', #3002, #3555, #693, .T. ) ;
#2005 = EDGE_LOOP ( 'NONE', ( #3840, #1468, #1977, #2376 ) ) ;
#2006 = DIRECTION ( 'NONE',  ( 0.000000000000000000, -1.000000000000000000, 0.000000000000000000 ) ) ;
#2007 = FACE_OUTER_BOUND ( 'NONE', #1471, .T. ) ;
#2008 = MECHANICAL_DESIGN_GEOMETRIC_PRESENTATION_REPRESENTATION (  '', ( #3356 ), #725 ) ;
#2009 = CARTESIAN_POINT ( 'NONE',  ( 0.6249999999999998890, 0.2999999999999999334, 0.9250000000000002665 ) ) ;
#2010 =( GEOMETRIC_REPRESENTATION_CONTEXT ( 3 ) GLOBAL_UNCERTAINTY_ASSIGNED_CONTEXT ( ( #1022 ) ) GLOBAL_UNIT_ASSIGNED_CONTEXT ( ( #2325, #1221, #4321 ) ) REPRESENTATION_CONTEXT ( 'NONE', 'WORKASPACE' ) );
#2011 = EDGE_LOOP ( 'NONE', ( #2915, #349, #2938, #3056 ) ) ;
#2012 = VECTOR ( 'NONE', #1715, 1000.000000000000000 ) ;
#2013 = VECTOR ( 'NONE', #530, 1000.000000000000000 ) ;
#2014 = VECTOR ( 'NONE', #3007, 1000.000000000000000 ) ;
#2015 = DIRECTION ( 'NONE',  ( 0.000000000000000000, 0.000000000000000000, 1.000000000000000000 ) ) ;
#2016 = AXIS2_PLACEMENT_3D ( 'NONE', #3592, #3969, #902 ) ;
#2017 = LINE ( 'NONE', #4396, #1809 ) ;
#2018 = CARTESIAN_POINT ( 'NONE',  ( 0.3749999999999998890, 0.03500000000000000333, -1.000000000000000888 ) ) ;
#2019 = CARTESIAN_POINT ( 'NONE',  ( 0.2399999999999991029, 0.7999999999999999334, 0.2399999999999991029 ) ) ;
#2020 = FACE_OUTER_BOUND ( 'NONE', #2262, .T. ) ;
#2021 = CARTESIAN_POINT ( 'NONE',  ( -0.7000000000000001776, 0.8499999999999999778, 0.6250000000000001110 ) ) ;
#2022 = ORIENTED_EDGE ( 'NONE', *, *, #3741, .F. ) ;
#2023 = VERTEX_POINT ( 'NONE', #4070 ) ;
#2024 = VECTOR ( 'NONE', #2347, 1000.000000000000000 ) ;
#2025 = AXIS2_PLACEMENT_3D ( 'NONE', #3164, #114, #801 ) ;
#2026 = CARTESIAN_POINT ( 'NONE',  ( -0.6250000000000003331, 0.6749999999999998224, -0.6249999999999997780 ) ) ;
#2027 = VECTOR ( 'NONE', #1280, 1000.000000000000000 ) ;
#2028 = ORIENTED_EDGE ( 'NONE', *, *, #2419, .T. ) ;
#2029 = EDGE_CURVE ( 'NONE', #339, #2401, #1517, .T. ) ;
#2030 = EDGE_CURVE ( 'NONE', #2194, #339, #2446, .T. ) ;
#2031 = VERTEX_POINT ( 'NONE', #3358 ) ;
#2032 = DIRECTION ( 'NONE',  ( 1.445602896647339114E-15, 0.000000000000000000, 1.000000000000000000 ) ) ;
#2033 = AXIS2_PLACEMENT_3D ( 'NONE', #2112, #1570, #3124 ) ;
#2034 = EDGE_LOOP ( 'NONE', ( #1307, #3848, #1285, #3290, #512, #3214, #4022, #503, #122, #3109, #600, #3276, #527, #1076, #3854, #4267 ) ) ;
#2035 = ADVANCED_FACE ( 'NONE', ( #1026 ), #731, .F. ) ;
#2036 = FILL_AREA_STYLE_COLOUR ( '', #4155 ) ;
#2037 = ADVANCED_FACE ( 'NONE', ( #2050 ), #988, .T. ) ;
#2038 = CARTESIAN_POINT ( 'NONE',  ( 0.6249999999999997780, 0.2999999999999999334, 0.6250000000000002220 ) ) ;
#2039 = CARTESIAN_POINT ( 'NONE',  ( -0.6250000000000003331, 0.8499999999999999778, -0.6999999999999997335 ) ) ;
#2040 = DIRECTION ( 'NONE',  ( 0.000000000000000000, -0.000000000000000000, -1.000000000000000000 ) ) ;
#2041 = ORIENTED_EDGE ( 'NONE', *, *, #3602, .T. ) ;
#2042 = LINE ( 'NONE', #2731, #101 ) ;
#2043 = MECHANICAL_DESIGN_GEOMETRIC_PRESENTATION_REPRESENTATION (  '', ( #2236 ), #4319 ) ;
#2044 = DIRECTION ( 'NONE',  ( -4.915049848600948964E-15, 0.000000000000000000, 1.000000000000000000 ) ) ;
#2045 = DIRECTION ( 'NONE',  ( 1.000000000000000000, 0.000000000000000000, -1.445602896647339114E-15 ) ) ;
#2046 = ORIENTED_EDGE ( 'NONE', *, *, #4316, .F. ) ;
#2047 = ORIENTED_EDGE ( 'NONE', *, *, #2493, .T. ) ;
#2048 = VECTOR ( 'NONE', #3417, 1000.000000000000000 ) ;
#2049 = LINE ( 'NONE', #827, #3865 ) ;
#2050 = FACE_OUTER_BOUND ( 'NONE', #4244, .T. ) ;
#2051 = COLOUR_RGB ( '',1.000000000000000000, 0.8117647058823529438, 0.5019607843137254832 ) ;
#2052 =( NAMED_UNIT ( * ) PLANE_ANGLE_UNIT ( ) SI_UNIT ( $, .RADIAN. ) );
#2053 = VECTOR ( 'NONE', #694, 1000.000000000000000 ) ;
#2054 = ORIENTED_EDGE ( 'NONE', *, *, #2585, .F. ) ;
#2055 = VERTEX_POINT ( 'NONE', #2720 ) ;
#2056 = DIRECTION ( 'NONE',  ( -0.000000000000000000, -1.000000000000000000, -0.000000000000000000 ) ) ;
#2057 = LINE ( 'NONE', #367, #1016 ) ;
#2058 = ORIENTED_EDGE ( 'NONE', *, *, #970, .T. ) ;
#2059 = CARTESIAN_POINT ( 'NONE',  ( -0.3750000000000000000, 0.03500000000000000333, -0.6250000000000009992 ) ) ;
#2060 = ADVANCED_FACE ( 'NONE', ( #3448 ), #362, .T. ) ;
#2061 =( GEOMETRIC_REPRESENTATION_CONTEXT ( 3 ) GLOBAL_UNCERTAINTY_ASSIGNED_CONTEXT ( ( #4362 ) ) GLOBAL_UNIT_ASSIGNED_CONTEXT ( ( #711, #2052, #2742 ) ) REPRESENTATION_CONTEXT ( 'NONE', 'WORKASPACE' ) );
#2062 = EDGE_CURVE ( 'NONE', #3671, #4218, #2095, .T. ) ;
#2063 = FACE_OUTER_BOUND ( 'NONE', #182, .T. ) ;
#2064 = LINE ( 'NONE', #3743, #3931 ) ;
#2065 = CARTESIAN_POINT ( 'NONE',  ( 0.3750000000000000000, 0.03499999999999998251, 0.6250000000000009992 ) ) ;
#2066 = CARTESIAN_POINT ( 'NONE',  ( -0.1249999999999999722, 0.000000000000000000, 0.6250000000000009992 ) ) ;
#2067 = ADVANCED_FACE ( 'NONE', ( #4025 ), #1006, .F. ) ;
#2068 = ORIENTED_EDGE ( 'NONE', *, *, #3570, .T. ) ;
#2069 = CYLINDRICAL_SURFACE ( 'NONE', #1102, 0.3000000000000000444 ) ;
#2070 = ORIENTED_EDGE ( 'NONE', *, *, #1631, .F. ) ;
#2071 = DIRECTION ( 'NONE',  ( -0.000000000000000000, -1.000000000000000000, -0.000000000000000000 ) ) ;
#2072 = ORIENTED_EDGE ( 'NONE', *, *, #1290, .F. ) ;
#2073 = CARTESIAN_POINT ( 'NONE',  ( 0.000000000000000000, 0.4255124837953336292, 0.6250000000000009992 ) ) ;
#2074 = CARTESIAN_POINT ( 'NONE',  ( 0.2399999999999991029, 0.8249999999999998446, 0.2399999999999991029 ) ) ;
#2075 = EDGE_LOOP ( 'NONE', ( #1718, #2840, #2301, #1381 ) ) ;
#2076 = VERTEX_POINT ( 'NONE', #3107 ) ;
#2077 = ORIENTED_EDGE ( 'NONE', *, *, #1886, .T. ) ;
#2078 = LINE ( 'NONE', #2150, #1935 ) ;
#2079 = SURFACE_STYLE_USAGE ( .BOTH. , #4100 ) ;
#2080 = VECTOR ( 'NONE', #2761, 1000.000000000000000 ) ;
#2081 = PLANE ( 'NONE',  #1881 ) ;
#2082 = EDGE_CURVE ( 'NONE', #4081, #1272, #3690, .T. ) ;
#2083 = LINE ( 'NONE', #57, #3723 ) ;
#2084 = CARTESIAN_POINT ( 'NONE',  ( 0.1249999999999999722, 0.03500000000000000333, 0.6250000000000009992 ) ) ;
#2085 = DIRECTION ( 'NONE',  ( -0.000000000000000000, -1.000000000000000000, -0.000000000000000000 ) ) ;
#2086 = EDGE_CURVE ( 'NONE', #1115, #3958, #4003, .T. ) ;
#2087 = STYLED_ITEM ( 'NONE', ( #2170 ), #3291 ) ;
#2088 = VECTOR ( 'NONE', #3545, 1000.000000000000000 ) ;
#2089 = EDGE_CURVE ( 'NONE', #1101, #1272, #64, .T. ) ;
#2090 = ORIENTED_EDGE ( 'NONE', *, *, #720, .F. ) ;
#2091 = DIRECTION ( 'NONE',  ( 1.000000000000000000, 0.000000000000000000, 0.000000000000000000 ) ) ;
#2092 = CARTESIAN_POINT ( 'NONE',  ( -0.1250000000000001110, 0.03500000000000000333, -1.000000000000000888 ) ) ;
#2093 = ORIENTED_EDGE ( 'NONE', *, *, #2692, .F. ) ;
#2094 = ADVANCED_FACE ( 'NONE', ( #3188 ), #81, .F. ) ;
#2095 = CIRCLE ( 'NONE', #4210, 0.1000000000000001027 ) ;
#2096 = DIRECTION ( 'NONE',  ( 0.000000000000000000, -1.000000000000000000, 0.000000000000000000 ) ) ;
#2097 = DIRECTION ( 'NONE',  ( -0.000000000000000000, -1.000000000000000000, -0.000000000000000000 ) ) ;
#2098 = VECTOR ( 'NONE', #1801, 1000.000000000000000 ) ;
#2099 = VERTEX_POINT ( 'NONE', #2147 ) ;
#2100 = DIRECTION ( 'NONE',  ( 0.000000000000000000, 0.000000000000000000, 1.000000000000000000 ) ) ;
#2101 = PRESENTATION_STYLE_ASSIGNMENT (( #1383 ) ) ;
#2102 = ORIENTED_EDGE ( 'NONE', *, *, #3622, .F. ) ;
#2103 = ORIENTED_EDGE ( 'NONE', *, *, #325, .F. ) ;
#2104 = VECTOR ( 'NONE', #4183, 1000.000000000000000 ) ;
#2105 = LINE ( 'NONE', #3177, #1514 ) ;
#2106 = DIRECTION ( 'NONE',  ( -0.000000000000000000, -0.000000000000000000, 1.000000000000000000 ) ) ;
#2107 = DIRECTION ( 'NONE',  ( 0.000000000000000000, 1.000000000000000000, 0.000000000000000000 ) ) ;
#2108 = DIRECTION ( 'NONE',  ( 0.000000000000000000, 0.000000000000000000, 1.000000000000000000 ) ) ;
#2109 = CARTESIAN_POINT ( 'NONE',  ( -0.6250000000000000000, 0.000000000000000000, 0.6250000000000009992 ) ) ;
#2110 = EDGE_CURVE ( 'NONE', #2118, #1561, #1523, .T. ) ;
#2111 = AXIS2_PLACEMENT_3D ( 'NONE', #150, #1519, #2570 ) ;
#2112 = CARTESIAN_POINT ( 'NONE',  ( -0.9250000000000003775, 0.2999999999999999334, -0.6249999999999997780 ) ) ;
#2113 = LINE ( 'NONE', #4133, #886 ) ;
#2114 = EDGE_CURVE ( 'NONE', #2929, #1963, #1839, .T. ) ;
#2115 = ORIENTED_EDGE ( 'NONE', *, *, #424, .T. ) ;
#2116 = FACE_OUTER_BOUND ( 'NONE', #1694, .T. ) ;
#2117 = VECTOR ( 'NONE', #3522, 1000.000000000000000 ) ;
#2118 = VERTEX_POINT ( 'NONE', #3817 ) ;
#2119 = VERTEX_POINT ( 'NONE', #3797 ) ;
#2120 = FACE_OUTER_BOUND ( 'NONE', #186, .T. ) ;
#2121 = LINE ( 'NONE', #2765, #2117 ) ;
#2122 = DIRECTION ( 'NONE',  ( 1.000000000000000000, 0.000000000000000000, -0.000000000000000000 ) ) ;
#2123 = DIRECTION ( 'NONE',  ( 0.000000000000000000, 0.000000000000000000, 1.000000000000000000 ) ) ;
#2124 = ORIENTED_EDGE ( 'NONE', *, *, #72, .T. ) ;
#2125 = CARTESIAN_POINT ( 'NONE',  ( 0.1249999999999999722, 0.03500000000000000333, 0.6250000000000009992 ) ) ;
#2126 = DIRECTION ( 'NONE',  ( 1.000000000000000000, 0.000000000000000000, 0.000000000000000000 ) ) ;
#2127 = VERTEX_POINT ( 'NONE', #1176 ) ;
#2128 = CARTESIAN_POINT ( 'NONE',  ( 0.8749999999999998890, 0.6749999999999999334, 0.6250000000000002220 ) ) ;
#2129 = CARTESIAN_POINT ( 'NONE',  ( -0.6250000000000003331, 0.2500000000000000000, 0.9250000000000000444 ) ) ;
#2130 = DIRECTION ( 'NONE',  ( -0.000000000000000000, -1.000000000000000000, -0.000000000000000000 ) ) ;
#2131 = EDGE_CURVE ( 'NONE', #3338, #2951, #677, .T. ) ;
#2132 = ORIENTED_EDGE ( 'NONE', *, *, #2903, .F. ) ;
#2133 = LINE ( 'NONE', #1449, #1299 ) ;
#2134 = EDGE_CURVE ( 'NONE', #1095, #1146, #3581, .T. ) ;
#2135 = CARTESIAN_POINT ( 'NONE',  ( 0.6249999999999997780, 0.6749999999999998224, 0.6250000000000002220 ) ) ;
#2136 = LINE ( 'NONE', #1479, #203 ) ;
#2137 = PLANE ( 'NONE',  #1956 ) ;
#2138 = PLANE ( 'NONE',  #3158 ) ;
#2139 = EDGE_LOOP ( 'NONE', ( #1359, #4282, #1197, #425 ) ) ;
#2140 = DIRECTION ( 'NONE',  ( -1.000000000000000000, 0.000000000000000000, 0.000000000000000000 ) ) ;
#2141 = MECHANICAL_DESIGN_GEOMETRIC_PRESENTATION_REPRESENTATION (  '', ( #3495 ), #3135 ) ;
#2142 = ORIENTED_EDGE ( 'NONE', *, *, #476, .F. ) ;
#2143 = CARTESIAN_POINT ( 'NONE',  ( 0.6249999999999997780, 0.2500000000000000000, 0.9250000000000002665 ) ) ;
#2144 = VECTOR ( 'NONE', #4294, 1000.000000000000000 ) ;
#2145 = ORIENTED_EDGE ( 'NONE', *, *, #4403, .T. ) ;
#2146 = VECTOR ( 'NONE', #2715, 1000.000000000000000 ) ;
#2147 = CARTESIAN_POINT ( 'NONE',  ( 0.6250000000000000000, 0.03500000000000000333, 0.6250000000000009992 ) ) ;
#2148 = CARTESIAN_POINT ( 'NONE',  ( -0.6250000000000003331, 0.6749999999999998224, 0.8750000000000000000 ) ) ;
#2149 = ORIENTED_EDGE ( 'NONE', *, *, #556, .F. ) ;
#2150 = CARTESIAN_POINT ( 'NONE',  ( -0.1249999999999999722, 0.03500000000000000333, 0.6250000000000009992 ) ) ;
#2151 = CARTESIAN_POINT ( 'NONE',  ( 0.000000000000000000, 0.03500000000000000333, 0.000000000000000000 ) ) ;
#2152 = VECTOR ( 'NONE', #1877, 1000.000000000000000 ) ;
#2153 = ORIENTED_EDGE ( 'NONE', *, *, #2554, .F. ) ;
#2154 = LINE ( 'NONE', #2465, #401 ) ;
#2155 = EDGE_CURVE ( 'NONE', #903, #3671, #2476, .T. ) ;
#2156 = AXIS2_PLACEMENT_3D ( 'NONE', #1460, #1412, #2532 ) ;
#2157 = LINE ( 'NONE', #2466, #763 ) ;
#2158 = CARTESIAN_POINT ( 'NONE',  ( 0.6250000000000011102, 0.000000000000000000, 0.1249999999999988065 ) ) ;
#2159 = EDGE_CURVE ( 'NONE', #2931, #3243, #964, .T. ) ;
#2160 = CIRCLE ( 'NONE', #3938, 0.1000000000000001027 ) ;
#2161 = VECTOR ( 'NONE', #4043, 1000.000000000000000 ) ;
#2162 = LINE ( 'NONE', #1376, #324 ) ;
#2163 = ORIENTED_EDGE ( 'NONE', *, *, #665, .F. ) ;
#2164 = FACE_OUTER_BOUND ( 'NONE', #683, .T. ) ;
#2165 = ORIENTED_EDGE ( 'NONE', *, *, #4399, .T. ) ;
#2166 = DIRECTION ( 'NONE',  ( -1.000000000000000000, 0.000000000000000000, 1.445602896647339114E-15 ) ) ;
#2167 = ORIENTED_EDGE ( 'NONE', *, *, #1952, .T. ) ;
#2168 = ORIENTED_EDGE ( 'NONE', *, *, #2961, .T. ) ;
#2169 = FACE_OUTER_BOUND ( 'NONE', #1537, .T. ) ;
#2170 = PRESENTATION_STYLE_ASSIGNMENT (( #4328 ) ) ;
#2171 = ORIENTED_EDGE ( 'NONE', *, *, #556, .T. ) ;
#2172 = CLOSED_SHELL ( 'NONE', ( #2358, #3790, #915, #1465, #774, #1296 ) ) ;
#2173 = VERTEX_POINT ( 'NONE', #3549 ) ;
#2174 = EDGE_LOOP ( 'NONE', ( #3, #547, #1854, #1309 ) ) ;
#2175 = EDGE_LOOP ( 'NONE', ( #2648, #1177, #3774, #754 ) ) ;
#2176 = ORIENTED_EDGE ( 'NONE', *, *, #180, .F. ) ;
#2177 = PRESENTATION_LAYER_ASSIGNMENT (  '', '', ( #2415 ) ) ;
#2178 = ORIENTED_EDGE ( 'NONE', *, *, #3035, .T. ) ;
#2179 = AXIS2_PLACEMENT_3D ( 'NONE', #3349, #1643, #2647 ) ;
#2180 = LINE ( 'NONE', #2257, #515 ) ;
#2181 = CARTESIAN_POINT ( 'NONE',  ( 0.000000000000000000, 0.000000000000000000, 0.000000000000000000 ) ) ;
#2182 = AXIS2_PLACEMENT_3D ( 'NONE', #1112, #191, #3255 ) ;
#2183 = CARTESIAN_POINT ( 'NONE',  ( -0.1250000000000000833, -0.000000000000000000, -0.9250000000000011546 ) ) ;
#2184 = MECHANICAL_DESIGN_GEOMETRIC_PRESENTATION_REPRESENTATION (  '', ( #485 ), #2061 ) ;
#2185 = ADVANCED_FACE ( 'NONE', ( #2769 ), #752, .F. ) ;
#2186 = DIRECTION ( 'NONE',  ( -1.000000000000000000, 0.000000000000000000, 1.734723475976807094E-15 ) ) ;
#2187 = CARTESIAN_POINT ( 'NONE',  ( -0.1249999999999968636, 0.4255124837953336292, -6.234162491791503570E-16 ) ) ;
#2188 = EDGE_CURVE ( 'NONE', #842, #4361, #128, .T. ) ;
#2189 = EDGE_LOOP ( 'NONE', ( #2354, #2578, #2993, #2290 ) ) ;
#2190 = CARTESIAN_POINT ( 'NONE',  ( 1.000000000000000888, 0.1499999999999999944, 0.9999999999999991118 ) ) ;
#2191 = CARTESIAN_POINT ( 'NONE',  ( -0.5750000000000001776, 0.8399999999999999689, -0.6750000000000001554 ) ) ;
#2192 = ORIENTED_EDGE ( 'NONE', *, *, #3870, .F. ) ;
#2193 = CARTESIAN_POINT ( 'NONE',  ( -0.6250000000000003331, 0.6749999999999998224, -0.8749999999999997780 ) ) ;
#2194 = VERTEX_POINT ( 'NONE', #3148 ) ;
#2195 = ORIENTED_EDGE ( 'NONE', *, *, #3832, .F. ) ;
#2196 = ORIENTED_EDGE ( 'NONE', *, *, #2155, .T. ) ;
#2197 = ORIENTED_EDGE ( 'NONE', *, *, #1916, .F. ) ;
#2198 = ORIENTED_EDGE ( 'NONE', *, *, #1838, .T. ) ;
#2199 = ORIENTED_EDGE ( 'NONE', *, *, #4068, .T. ) ;
#2200 = EDGE_LOOP ( 'NONE', ( #2535, #815, #4284, #2520 ) ) ;
#2201 = CARTESIAN_POINT ( 'NONE',  ( -1.000000000000000888, 0.1499999999999999944, 0.9999999999999991118 ) ) ;
#2202 = DIRECTION ( 'NONE',  ( 0.000000000000000000, -0.000000000000000000, -1.000000000000000000 ) ) ;
#2203 = DIRECTION ( 'NONE',  ( -0.000000000000000000, -1.000000000000000000, -0.000000000000000000 ) ) ;
#2204 = EDGE_CURVE ( 'NONE', #3002, #2023, #3467, .T. ) ;
#2205 = CARTESIAN_POINT ( 'NONE',  ( -1.000000000000000888, 0.000000000000000000, 0.9999999999999991118 ) ) ;
#2206 = PRESENTATION_STYLE_ASSIGNMENT (( #2263 ) ) ;
#2207 = CARTESIAN_POINT ( 'NONE',  ( -0.6250000000000000000, 0.03500000000000000333, -0.6250000000000009992 ) ) ;
#2208 = ORIENTED_EDGE ( 'NONE', *, *, #2735, .T. ) ;
#2209 = EDGE_CURVE ( 'NONE', #2326, #1942, #2113, .T. ) ;
#2210 = VERTEX_POINT ( 'NONE', #2454 ) ;
#2211 = FACE_OUTER_BOUND ( 'NONE', #1066, .T. ) ;
#2212 = VECTOR ( 'NONE', #4111, 1000.000000000000000 ) ;
#2213 = EDGE_CURVE ( 'NONE', #2690, #842, #422, .T. ) ;
#2214 = ADVANCED_FACE ( 'NONE', ( #1444 ), #1470, .T. ) ;
#2215 = VERTEX_POINT ( 'NONE', #2839 ) ;
#2216 = VECTOR ( 'NONE', #1422, 1000.000000000000000 ) ;
#2217 = CARTESIAN_POINT ( 'NONE',  ( 0.6250000000000008882, 0.03499999999999998251, 0.000000000000000000 ) ) ;
#2218 = MECHANICAL_DESIGN_GEOMETRIC_PRESENTATION_REPRESENTATION (  '', ( #1723 ), #2010 ) ;
#2219 = ADVANCED_FACE ( 'NONE', ( #2169 ), #4190, .F. ) ;
#2220 = CARTESIAN_POINT ( 'NONE',  ( 0.000000000000000000, -0.000000000000000000, -0.9250000000000011546 ) ) ;
#2221 = ORIENTED_EDGE ( 'NONE', *, *, #824, .T. ) ;
#2222 = AXIS2_PLACEMENT_3D ( 'NONE', #918, #1894, #3226 ) ;
#2223 = ORIENTED_EDGE ( 'NONE', *, *, #4194, .F. ) ;
#2224 = CIRCLE ( 'NONE', #383, 0.1750000000000000167 ) ;
#2225 = EDGE_CURVE ( 'NONE', #1268, #3155, #2293, .T. ) ;
#2226 = ORIENTED_EDGE ( 'NONE', *, *, #3601, .F. ) ;
#2227 = VECTOR ( 'NONE', #2609, 1000.000000000000000 ) ;
#2228 = VERTEX_POINT ( 'NONE', #4264 ) ;
#2229 = LINE ( 'NONE', #1634, #4073 ) ;
#2230 = PLANE ( 'NONE',  #3776 ) ;
#2231 = FACE_OUTER_BOUND ( 'NONE', #4143, .T. ) ;
#2232 = DIRECTION ( 'NONE',  ( -1.000000000000000000, 0.000000000000000000, 0.000000000000000000 ) ) ;
#2233 = AXIS2_PLACEMENT_3D ( 'NONE', #3348, #1701, #3396 ) ;
#2234 = VECTOR ( 'NONE', #3419, 1000.000000000000000 ) ;
#2235 = CARTESIAN_POINT ( 'NONE',  ( -0.6250000000000003331, 0.8499999999999999778, 0.6999999999999999556 ) ) ;
#2236 = STYLED_ITEM ( 'NONE', ( #3367 ), #3987 ) ;
#2237 = CARTESIAN_POINT ( 'NONE',  ( 0.6249999999999998890, 0.1499999999999999944, -0.9250000000000000444 ) ) ;
#2238 = CARTESIAN_POINT ( 'NONE',  ( -0.1249999999999998890, 0.03499999999999998251, 2.710505431213759236E-17 ) ) ;
#2239 = ORIENTED_EDGE ( 'NONE', *, *, #2688, .F. ) ;
#2240 = DIRECTION ( 'NONE',  ( 0.000000000000000000, 0.000000000000000000, -1.000000000000000000 ) ) ;
#2241 = ORIENTED_EDGE ( 'NONE', *, *, #90, .T. ) ;
#2242 = AXIS2_PLACEMENT_3D ( 'NONE', #2038, #2332, #2015 ) ;
#2243 = ORIENTED_EDGE ( 'NONE', *, *, #535, .F. ) ;
#2244 = VECTOR ( 'NONE', #1750, 1000.000000000000000 ) ;
#2245 = VERTEX_POINT ( 'NONE', #3240 ) ;
#2246 = CARTESIAN_POINT ( 'NONE',  ( 0.6999999999999998446, 0.8499999999999999778, 0.6250000000000002220 ) ) ;
#2247 = DIRECTION ( 'NONE',  ( 0.000000000000000000, -1.000000000000000000, 0.000000000000000000 ) ) ;
#2248 = EDGE_LOOP ( 'NONE', ( #3381, #1071, #1714, #1199 ) ) ;
#2249 = AXIS2_PLACEMENT_3D ( 'NONE', #1105, #1464, #1413 ) ;
#2250 = ADVANCED_FACE ( 'NONE', ( #2650 ), #906, .F. ) ;
#2251 = CARTESIAN_POINT ( 'NONE',  ( 0.000000000000000000, 0.4255124837953336292, -0.3750000000000000000 ) ) ;
#2252 = DIRECTION ( 'NONE',  ( 0.7071067811865477948, 0.000000000000000000, 0.7071067811865473507 ) ) ;
#2253 = EDGE_LOOP ( 'NONE', ( #4238, #491, #892, #4045 ) ) ;
#2254 = EDGE_CURVE ( 'NONE', #3958, #2794, #3923, .T. ) ;
#2255 = CLOSED_SHELL ( 'NONE', ( #3392, #144, #1206, #4173, #2868, #2035 ) ) ;
#2256 = CARTESIAN_POINT ( 'NONE',  ( -1.000000000000001110, 0.000000000000000000, 0.1249999999999982653 ) ) ;
#2257 = CARTESIAN_POINT ( 'NONE',  ( 1.000000000000000888, 0.000000000000000000, -0.3750000000000000000 ) ) ;
#2258 = LINE ( 'NONE', #4229, #1768 ) ;
#2259 = CARTESIAN_POINT ( 'NONE',  ( -0.6250000000000003331, 0.2500000000000000000, -0.6249999999999997780 ) ) ;
#2260 = AXIS2_PLACEMENT_3D ( 'NONE', #355, #2710, #975 ) ;
#2261 = CARTESIAN_POINT ( 'NONE',  ( 0.1249999999999999167, 0.03499999999999998251, 9.035018104045866688E-18 ) ) ;
#2262 = EDGE_LOOP ( 'NONE', ( #1925, #3366, #4335, #1473 ) ) ;
#2263 = SURFACE_STYLE_USAGE ( .BOTH. , #899 ) ;
#2264 = LINE ( 'NONE', #3612, #3746 ) ;
#2265 = ORIENTED_EDGE ( 'NONE', *, *, #180, .T. ) ;
#2266 = CARTESIAN_POINT ( 'NONE',  ( 0.3749999999999981681, 0.03500000000000000333, 1.000000000000001332 ) ) ;
#2267 = ORIENTED_EDGE ( 'NONE', *, *, #4149, .T. ) ;
#2268 = EDGE_LOOP ( 'NONE', ( #4266, #1923, #2695, #1574 ) ) ;
#2269 = AXIS2_PLACEMENT_3D ( 'NONE', #2181, #822, #2202 ) ;
#2270 = ORIENTED_EDGE ( 'NONE', *, *, #319, .T. ) ;
#2271 = CARTESIAN_POINT ( 'NONE',  ( -1.000000000000000888, 0.1499999999999999944, 0.9999999999999991118 ) ) ;
#2272 = DIRECTION ( 'NONE',  ( 1.445602896647339163E-16, -0.000000000000000000, 1.000000000000000000 ) ) ;
#2273 = UNCERTAINTY_MEASURE_WITH_UNIT (LENGTH_MEASURE( 1.000000000000000082E-05 ), #3454, 'distance_accuracy_value', 'NONE');
#2274 = ORIENTED_EDGE ( 'NONE', *, *, #1807, .F. ) ;
#2275 = ORIENTED_EDGE ( 'NONE', *, *, #1513, .F. ) ;
#2276 = EDGE_CURVE ( 'NONE', #953, #3996, #597, .T. ) ;
#2277 = LINE ( 'NONE', #626, #2620 ) ;
#2278 = LINE ( 'NONE', #862, #3994 ) ;
#2279 = EDGE_CURVE ( 'NONE', #2099, #2849, #1927, .T. ) ;
#2280 = EDGE_CURVE ( 'NONE', #2336, #3532, #3900, .T. ) ;
#2281 = FACE_OUTER_BOUND ( 'NONE', #3926, .T. ) ;
#2282 = CARTESIAN_POINT ( 'NONE',  ( 0.6250000000000001110, 0.000000000000000000, -1.000000000000000888 ) ) ;
#2283 = DIRECTION ( 'NONE',  ( -1.000000000000000000, 0.000000000000000000, 1.445602896647339114E-15 ) ) ;
#2284 = LINE ( 'NONE', #493, #4109 ) ;
#2285 = LINE ( 'NONE', #3252, #328 ) ;
#2286 = CARTESIAN_POINT ( 'NONE',  ( -0.9250000000000000444, 0.4255124837953336292, 0.3749999999999983902 ) ) ;
#2287 = CARTESIAN_POINT ( 'NONE',  ( 0.6250000000000008882, 0.03499999999999998251, -0.1249999999999999445 ) ) ;
#2288 = LINE ( 'NONE', #2906, #169 ) ;
#2289 = FACE_OUTER_BOUND ( 'NONE', #2677, .T. ) ;
#2290 = ORIENTED_EDGE ( 'NONE', *, *, #2338, .F. ) ;
#2291 = VERTEX_POINT ( 'NONE', #2246 ) ;
#2292 = ORIENTED_EDGE ( 'NONE', *, *, #4120, .F. ) ;
#2293 = LINE ( 'NONE', #1269, #2526 ) ;
#2294 = CARTESIAN_POINT ( 'NONE',  ( 1.000000000000000888, 0.03500000000000000333, -0.1250000000000000000 ) ) ;
#2295 = VERTEX_POINT ( 'NONE', #2958 ) ;
#2296 = VECTOR ( 'NONE', #3937, 1000.000000000000000 ) ;
#2297 = VECTOR ( 'NONE', #2496, 1000.000000000000000 ) ;
#2298 = CARTESIAN_POINT ( 'NONE',  ( 0.1249999999999999722, 0.000000000000000000, -0.6250000000000009992 ) ) ;
#2299 = DIRECTION ( 'NONE',  ( -2.891205793294679312E-16, 0.000000000000000000, -1.000000000000000000 ) ) ;
#2300 = VECTOR ( 'NONE', #581, 1000.000000000000000 ) ;
#2301 = ORIENTED_EDGE ( 'NONE', *, *, #3274, .F. ) ;
#2302 = VECTOR ( 'NONE', #831, 1000.000000000000000 ) ;
#2303 = CARTESIAN_POINT ( 'NONE',  ( 0.1249999999999982653, 0.000000000000000000, 1.000000000000000888 ) ) ;
#2304 = CARTESIAN_POINT ( 'NONE',  ( -0.6250000000000000000, 0.000000000000000000, -0.6250000000000009992 ) ) ;
#2305 = DIRECTION ( 'NONE',  ( 8.673617379884034239E-17, -0.000000000000000000, 1.000000000000000000 ) ) ;
#2306 = SURFACE_STYLE_USAGE ( .BOTH. , #610 ) ;
#2307 = CARTESIAN_POINT ( 'NONE',  ( -1.000000000000000888, 0.000000000000000000, 0.9999999999999991118 ) ) ;
#2308 = ADVANCED_FACE ( 'NONE', ( #3616 ), #2910, .F. ) ;
#2309 = AXIS2_PLACEMENT_3D ( 'NONE', #2345, #3732, #26 ) ;
#2310 = EDGE_CURVE ( 'NONE', #389, #4385, #2614, .T. ) ;
#2311 = DIRECTION ( 'NONE',  ( 1.000000000000000000, -0.000000000000000000, 0.000000000000000000 ) ) ;
#2312 = CARTESIAN_POINT ( 'NONE',  ( -0.1249999999999999722, 0.4255124837953336292, 0.6250000000000009992 ) ) ;
#2313 = DIRECTION ( 'NONE',  ( 0.000000000000000000, -1.000000000000000000, 0.000000000000000000 ) ) ;
#2314 = LINE ( 'NONE', #1573, #3011 ) ;
#2315 = EDGE_CURVE ( 'NONE', #1494, #3507, #1286, .T. ) ;
#2316 = CARTESIAN_POINT ( 'NONE',  ( 1.000000000000000888, 0.000000000000000000, 0.9999999999999991118 ) ) ;
#2317 = AXIS2_PLACEMENT_3D ( 'NONE', #1662, #3695, #3039 ) ;
#2318 = VECTOR ( 'NONE', #494, 1000.000000000000000 ) ;
#2319 = PLANE ( 'NONE',  #658 ) ;
#2320 = VECTOR ( 'NONE', #1645, 1000.000000000000000 ) ;
#2321 = UNCERTAINTY_MEASURE_WITH_UNIT (LENGTH_MEASURE( 1.000000000000000082E-05 ), #848, 'distance_accuracy_value', 'NONE');
#2322 = VERTEX_POINT ( 'NONE', #199 ) ;
#2323 = CIRCLE ( 'NONE', #3799, 0.2500000000000001110 ) ;
#2324 = LINE ( 'NONE', #3265, #2542 ) ;
#2325 =( LENGTH_UNIT ( ) NAMED_UNIT ( * ) SI_UNIT ( .MILLI., .METRE. ) );
#2326 = VERTEX_POINT ( 'NONE', #3572 ) ;
#2327 = ORIENTED_EDGE ( 'NONE', *, *, #1135, .T. ) ;
#2328 = CARTESIAN_POINT ( 'NONE',  ( -0.6249999999999971134, 0.4255124837953336292, -2.891205793294675467E-15 ) ) ;
#2329 = LINE ( 'NONE', #1989, #1857 ) ;
#2330 = LINE ( 'NONE', #3270, #1507 ) ;
#2331 = VECTOR ( 'NONE', #4364, 1000.000000000000000 ) ;
#2332 = DIRECTION ( 'NONE',  ( 0.000000000000000000, 1.000000000000000000, 0.000000000000000000 ) ) ;
#2333 = EDGE_CURVE ( 'NONE', #2693, #2119, #2932, .T. ) ;
#2334 = DIRECTION ( 'NONE',  ( -7.228014483236698281E-17, -0.000000000000000000, 1.000000000000000000 ) ) ;
#2335 = DIRECTION ( 'NONE',  ( 0.000000000000000000, -1.000000000000000000, 0.000000000000000000 ) ) ;
#2336 = VERTEX_POINT ( 'NONE', #1905 ) ;
#2337 = LINE ( 'NONE', #721, #1603 ) ;
#2338 = EDGE_CURVE ( 'NONE', #281, #4291, #4314, .T. ) ;
#2339 = EDGE_CURVE ( 'NONE', #3556, #3996, #1216, .T. ) ;
#2340 = VECTOR ( 'NONE', #430, 1000.000000000000000 ) ;
#2341 = DIRECTION ( 'NONE',  ( -0.000000000000000000, 0.000000000000000000, 1.000000000000000000 ) ) ;
#2342 = DIRECTION ( 'NONE',  ( 0.000000000000000000, 1.000000000000000000, 0.000000000000000000 ) ) ;
#2343 = VERTEX_POINT ( 'NONE', #3213 ) ;
#2344 = DIRECTION ( 'NONE',  ( 0.000000000000000000, 0.000000000000000000, 1.000000000000000000 ) ) ;
#2345 = CARTESIAN_POINT ( 'NONE',  ( -1.000000000000000888, 0.03500000000000000333, -0.3750000000000000000 ) ) ;
#2346 = ORIENTED_EDGE ( 'NONE', *, *, #3977, .F. ) ;
#2347 = DIRECTION ( 'NONE',  ( -1.000000000000000000, 0.000000000000000000, 0.000000000000000000 ) ) ;
#2348 = CARTESIAN_POINT ( 'NONE',  ( -0.6250000000000003331, 0.3000000000000000444, -0.9249999999999998224 ) ) ;
#2349 = DIRECTION ( 'NONE',  ( -0.000000000000000000, 0.000000000000000000, -1.000000000000000000 ) ) ;
#2350 = SURFACE_SIDE_STYLE ('',( #1010 ) ) ;
#2351 = DIRECTION ( 'NONE',  ( 0.000000000000000000, 1.000000000000000000, 0.000000000000000000 ) ) ;
#2352 = DIRECTION ( 'NONE',  ( -0.000000000000000000, -1.000000000000000000, -0.000000000000000000 ) ) ;
#2353 = DIRECTION ( 'NONE',  ( 0.000000000000000000, -0.000000000000000000, -1.000000000000000000 ) ) ;
#2354 = ORIENTED_EDGE ( 'NONE', *, *, #3218, .F. ) ;
#2355 = LINE ( 'NONE', #3062, #2796 ) ;
#2356 = ADVANCED_FACE ( 'NONE', ( #1241 ), #3946, .F. ) ;
#2357 = VERTEX_POINT ( 'NONE', #931 ) ;
#2358 = ADVANCED_FACE ( 'NONE', ( #3314 ), #260, .F. ) ;
#2359 = DIRECTION ( 'NONE',  ( 0.000000000000000000, -0.000000000000000000, -1.000000000000000000 ) ) ;
#2360 = LINE ( 'NONE', #3026, #3283 ) ;
#2361 = EDGE_LOOP ( 'NONE', ( #1051, #1490, #1235, #4245 ) ) ;
#2362 = UNCERTAINTY_MEASURE_WITH_UNIT (LENGTH_MEASURE( 1.000000000000000082E-05 ), #2894, 'distance_accuracy_value', 'NONE');
#2363 = ORIENTED_EDGE ( 'NONE', *, *, #50, .T. ) ;
#2364 = ORIENTED_EDGE ( 'NONE', *, *, #4221, .F. ) ;
#2365 = EDGE_CURVE ( 'NONE', #3571, #2228, #954, .T. ) ;
#2366 = FACE_OUTER_BOUND ( 'NONE', #1341, .T. ) ;
#2367 = DIRECTION ( 'NONE',  ( 0.000000000000000000, -1.000000000000000000, 0.000000000000000000 ) ) ;
#2368 = APPLICATION_CONTEXT ( 'automotive_design' ) ;
#2369 = ORIENTED_EDGE ( 'NONE', *, *, #3330, .T. ) ;
#2370 = EDGE_CURVE ( 'NONE', #4291, #2371, #686, .T. ) ;
#2371 = VERTEX_POINT ( 'NONE', #3726 ) ;
#2372 = EDGE_LOOP ( 'NONE', ( #215, #1218, #2239, #4193 ) ) ;
#2373 = DIRECTION ( 'NONE',  ( 0.000000000000000000, 0.000000000000000000, 1.000000000000000000 ) ) ;
#2374 = PRESENTATION_LAYER_ASSIGNMENT (  '', '', ( #3356 ) ) ;
#2375 =( NAMED_UNIT ( * ) PLANE_ANGLE_UNIT ( ) SI_UNIT ( $, .RADIAN. ) );
#2376 = ORIENTED_EDGE ( 'NONE', *, *, #2877, .T. ) ;
#2377 =( NAMED_UNIT ( * ) PLANE_ANGLE_UNIT ( ) SI_UNIT ( $, .RADIAN. ) );
#2378 = VECTOR ( 'NONE', #2834, 1000.000000000000000 ) ;
#2379 = VECTOR ( 'NONE', #1861, 1000.000000000000000 ) ;
#2380 = DIRECTION ( 'NONE',  ( 0.000000000000000000, -0.000000000000000000, -1.000000000000000000 ) ) ;
#2381 = VECTOR ( 'NONE', #2126, 1000.000000000000000 ) ;
#2382 = CARTESIAN_POINT ( 'NONE',  ( 0.2399999999999991029, 0.7999999999999999334, 0.3899999999999990696 ) ) ;
#2383 = VERTEX_POINT ( 'NONE', #1731 ) ;
#2384 = LINE ( 'NONE', #356, #1455 ) ;
#2385 = DIRECTION ( 'NONE',  ( 1.000000000000000000, 0.000000000000000000, -0.000000000000000000 ) ) ;
#2386 = DIRECTION ( 'NONE',  ( -2.168404344971009361E-16, 0.000000000000000000, -1.000000000000000000 ) ) ;
#2387 = ORIENTED_EDGE ( 'NONE', *, *, #1056, .T. ) ;
#2388 = EDGE_LOOP ( 'NONE', ( #3781, #4041, #4260, #4389 ) ) ;
#2389 = ORIENTED_EDGE ( 'NONE', *, *, #474, .T. ) ;
#2390 = VECTOR ( 'NONE', #2621, 1000.000000000000000 ) ;
#2391 = CARTESIAN_POINT ( 'NONE',  ( -0.6250000000000003331, 0.6749999999999998224, 0.6250000000000001110 ) ) ;
#2392 = AXIS2_PLACEMENT_3D ( 'NONE', #4017, #3763, #705 ) ;
#2393 = PLANE ( 'NONE',  #3957 ) ;
#2394 = DIRECTION ( 'NONE',  ( 0.000000000000000000, 0.000000000000000000, 1.000000000000000000 ) ) ;
#2395 = ADVANCED_FACE ( 'NONE', ( #2020 ), #337, .F. ) ;
#2396 = CIRCLE ( 'NONE', #1036, 0.3000000000000000444 ) ;
#2397 = DIRECTION ( 'NONE',  ( 4.625929269271476645E-15, 0.000000000000000000, -1.000000000000000000 ) ) ;
#2398 = AXIS2_PLACEMENT_3D ( 'NONE', #1591, #230, #2947 ) ;
#2399 = EDGE_CURVE ( 'NONE', #3338, #3739, #358, .T. ) ;
#2400 = EDGE_LOOP ( 'NONE', ( #350, #1970, #3827, #2115, #1664, #77, #1237, #816, #2772, #982, #1885, #2788 ) ) ;
#2401 = VERTEX_POINT ( 'NONE', #3333 ) ;
#2402 = DIRECTION ( 'NONE',  ( 0.000000000000000000, 0.000000000000000000, -1.000000000000000000 ) ) ;
#2403 = LINE ( 'NONE', #4141, #1223 ) ;
#2404 = EDGE_CURVE ( 'NONE', #2521, #2076, #3024, .T. ) ;
#2405 = ORIENTED_EDGE ( 'NONE', *, *, #3441, .T. ) ;
#2406 = FACE_OUTER_BOUND ( 'NONE', #4355, .T. ) ;
#2407 = ORIENTED_EDGE ( 'NONE', *, *, #3035, .F. ) ;
#2408 = CARTESIAN_POINT ( 'NONE',  ( 0.6250000000000000000, 0.03499999999999998251, -0.9250000000000011546 ) ) ;
#2409 = CARTESIAN_POINT ( 'NONE',  ( -0.6250000000000000000, 0.000000000000000000, -0.6250000000000009992 ) ) ;
#2410 = CARTESIAN_POINT ( 'NONE',  ( 0.8749999999999997780, 0.2999999999999999334, -0.6250000000000001110 ) ) ;
#2411 = DIRECTION ( 'NONE',  ( 0.000000000000000000, 1.000000000000000000, 0.000000000000000000 ) ) ;
#2412 = AXIS2_PLACEMENT_3D ( 'NONE', #2824, #2481, #3782 ) ;
#2413 = CARTESIAN_POINT ( 'NONE',  ( -0.6250000000000003331, 0.2500000000000000000, -0.6249999999999997780 ) ) ;
#2414 = FACE_OUTER_BOUND ( 'NONE', #3204, .T. ) ;
#2415 = STYLED_ITEM ( 'NONE', ( #25 ), #267 ) ;
#2416 = VECTOR ( 'NONE', #800, 1000.000000000000000 ) ;
#2417 = CARTESIAN_POINT ( 'NONE',  ( -1.000000000000000888, 0.000000000000000000, -1.000000000000000888 ) ) ;
#2418 = DIRECTION ( 'NONE',  ( 0.000000000000000000, 1.000000000000000000, 0.000000000000000000 ) ) ;
#2419 = EDGE_CURVE ( 'NONE', #463, #2983, #2396, .T. ) ;
#2420 = EDGE_LOOP ( 'NONE', ( #3547, #3970, #1929, #111 ) ) ;
#2421 = DIRECTION ( 'NONE',  ( 1.734723475976806848E-16, 0.000000000000000000, -1.000000000000000000 ) ) ;
#2422 = CARTESIAN_POINT ( 'NONE',  ( -0.6250000000000000000, 0.000000000000000000, 0.6250000000000009992 ) ) ;
#2423 = EDGE_CURVE ( 'NONE', #3132, #4202, #2669, .T. ) ;
#2424 = PLANE ( 'NONE',  #1389 ) ;
#2425 = EDGE_CURVE ( 'NONE', #2983, #52, #3352, .T. ) ;
#2426 = CARTESIAN_POINT ( 'NONE',  ( 0.6250000000000008882, 0.03500000000000000333, -0.3750000000000000000 ) ) ;
#2427 = CARTESIAN_POINT ( 'NONE',  ( 0.000000000000000000, 0.000000000000000000, 0.9250000000000009326 ) ) ;
#2428 = DIRECTION ( 'NONE',  ( 1.734723475976806503E-15, 0.000000000000000000, 1.000000000000000000 ) ) ;
#2429 = EDGE_LOOP ( 'NONE', ( #508, #3930 ) ) ;
#2430 = CARTESIAN_POINT ( 'NONE',  ( 0.6250000000000008882, 0.000000000000000000, -0.3750000000000000000 ) ) ;
#2431 = ORIENTED_EDGE ( 'NONE', *, *, #3816, .F. ) ;
#2432 = DIRECTION ( 'NONE',  ( 1.000000000000000000, -0.000000000000000000, 1.734723475976806503E-15 ) ) ;
#2433 = CARTESIAN_POINT ( 'NONE',  ( 1.000000000000000888, 0.000000000000000000, 0.9999999999999991118 ) ) ;
#2434 = DIRECTION ( 'NONE',  ( 1.000000000000000000, 0.000000000000000000, -6.195440985631453345E-16 ) ) ;
#2435 = ORIENTED_EDGE ( 'NONE', *, *, #3470, .F. ) ;
#2436 = ORIENTED_EDGE ( 'NONE', *, *, #2279, .T. ) ;
#2437 = PLANE ( 'NONE',  #3284 ) ;
#2438 = ORIENTED_EDGE ( 'NONE', *, *, #997, .T. ) ;
#2439 = VECTOR ( 'NONE', #3156, 1000.000000000000000 ) ;
#2440 = LINE ( 'NONE', #3805, #539 ) ;
#2441 = CARTESIAN_POINT ( 'NONE',  ( -0.1250000000000000278, 0.03500000000000000333, -0.6250000000000009992 ) ) ;
#2442 = ADVANCED_FACE ( 'NONE', ( #1667 ), #2069, .T. ) ;
#2443 = DIRECTION ( 'NONE',  ( 1.000000000000000000, 0.000000000000000000, -2.891205793294679312E-16 ) ) ;
#2444 = VECTOR ( 'NONE', #56, 1000.000000000000000 ) ;
#2445 =( GEOMETRIC_REPRESENTATION_CONTEXT ( 3 ) GLOBAL_UNCERTAINTY_ASSIGNED_CONTEXT ( ( #983 ) ) GLOBAL_UNIT_ASSIGNED_CONTEXT ( ( #789, #129, #2477 ) ) REPRESENTATION_CONTEXT ( 'NONE', 'WORKASPACE' ) );
#2446 = CIRCLE ( 'NONE', #518, 0.05000000000000002359 ) ;
#2447 = EDGE_CURVE ( 'NONE', #2848, #869, #3065, .T. ) ;
#2448 = VECTOR ( 'NONE', #4261, 1000.000000000000000 ) ;
#2449 = DIRECTION ( 'NONE',  ( 0.000000000000000000, -1.000000000000000000, 0.000000000000000000 ) ) ;
#2450 = EDGE_CURVE ( 'NONE', #1493, #2514, #3683, .T. ) ;
#2451 = ORIENTED_EDGE ( 'NONE', *, *, #2491, .F. ) ;
#2452 = LINE ( 'NONE', #2109, #3211 ) ;
#2453 = LINE ( 'NONE', #3405, #1627 ) ;
#2454 = CARTESIAN_POINT ( 'NONE',  ( 0.3750000000000000000, 0.000000000000000000, -0.6250000000000009992 ) ) ;
#2455 = ORIENTED_EDGE ( 'NONE', *, *, #45, .F. ) ;
#2456 = DIRECTION ( 'NONE',  ( 0.000000000000000000, 1.000000000000000000, 0.000000000000000000 ) ) ;
#2457 = VECTOR ( 'NONE', #249, 1000.000000000000000 ) ;
#2458 = AXIS2_PLACEMENT_3D ( 'NONE', #3084, #1687, #2341 ) ;
#2459 = ORIENTED_EDGE ( 'NONE', *, *, #3225, .F. ) ;
#2460 = DIRECTION ( 'NONE',  ( -4.625929269271497944E-15, 0.000000000000000000, 1.000000000000000000 ) ) ;
#2461 = CARTESIAN_POINT ( 'NONE',  ( 0.8749999999999997780, 4.174873734152916960, -0.6250000000000001110 ) ) ;
#2462 = VECTOR ( 'NONE', #1724, 1000.000000000000000 ) ;
#2463 = ORIENTED_EDGE ( 'NONE', *, *, #2209, .F. ) ;
#2464 = AXIS2_PLACEMENT_3D ( 'NONE', #496, #3203, #2468 ) ;
#2465 = CARTESIAN_POINT ( 'NONE',  ( 1.000000000000000888, 0.1499999999999999944, 0.9999999999999991118 ) ) ;
#2466 = CARTESIAN_POINT ( 'NONE',  ( -1.000000000000000888, 0.000000000000000000, 0.9999999999999991118 ) ) ;
#2467 = CARTESIAN_POINT ( 'NONE',  ( -0.6250000000000000000, 0.03500000000000000333, -0.6250000000000009992 ) ) ;
#2468 = DIRECTION ( 'NONE',  ( 0.000000000000000000, -0.000000000000000000, -1.000000000000000000 ) ) ;
#2469 = DIRECTION ( 'NONE',  ( 0.000000000000000000, 1.000000000000000000, 0.000000000000000000 ) ) ;
#2470 = EDGE_CURVE ( 'NONE', #4075, #2588, #2999, .T. ) ;
#2471 = CARTESIAN_POINT ( 'NONE',  ( 0.2399999999999991029, 0.8249999999999998446, 0.08999999999999917788 ) ) ;
#2472 = ORIENTED_EDGE ( 'NONE', *, *, #1659, .F. ) ;
#2473 = EDGE_CURVE ( 'NONE', #274, #3618, #1997, .T. ) ;
#2474 = CLOSED_SHELL ( 'NONE', ( #3168, #4123, #4398, #619, #2308, #538 ) ) ;
#2475 = CARTESIAN_POINT ( 'NONE',  ( -0.3750000000000000000, 0.03500000000000000333, 0.6250000000000009992 ) ) ;
#2476 = LINE ( 'NONE', #2191, #3514 ) ;
#2477 =( NAMED_UNIT ( * ) SI_UNIT ( $, .STERADIAN. ) SOLID_ANGLE_UNIT ( ) );
#2478 = ORIENTED_EDGE ( 'NONE', *, *, #3741, .T. ) ;
#2479 = CARTESIAN_POINT ( 'NONE',  ( 0.8749999999999998890, 0.6749999999999998224, 0.6250000000000002220 ) ) ;
#2480 = FILL_AREA_STYLE ('',( #1161 ) ) ;
#2481 = DIRECTION ( 'NONE',  ( 0.000000000000000000, 0.000000000000000000, 1.000000000000000000 ) ) ;
#2482 = LINE ( 'NONE', #1140, #1727 ) ;
#2483 = CARTESIAN_POINT ( 'NONE',  ( 0.000000000000000000, 0.03499999999999998251, 0.6250000000000009992 ) ) ;
#2484 = CARTESIAN_POINT ( 'NONE',  ( 0.1249999999999999722, 0.4255124837953336292, 0.6250000000000009992 ) ) ;
#2485 = DIRECTION ( 'NONE',  ( 0.000000000000000000, 1.000000000000000000, 0.000000000000000000 ) ) ;
#2486 = FACE_OUTER_BOUND ( 'NONE', #220, .T. ) ;
#2487 = FACE_OUTER_BOUND ( 'NONE', #1648, .T. ) ;
#2488 = VERTEX_POINT ( 'NONE', #308 ) ;
#2489 = DIRECTION ( 'NONE',  ( -4.987329993433327496E-15, 0.000000000000000000, 1.000000000000000000 ) ) ;
#2490 =( NAMED_UNIT ( * ) SI_UNIT ( $, .STERADIAN. ) SOLID_ANGLE_UNIT ( ) );
#2491 = EDGE_CURVE ( 'NONE', #1101, #596, #3421, .T. ) ;
#2492 = ADVANCED_FACE ( 'NONE', ( #378 ), #1332, .T. ) ;
#2493 = EDGE_CURVE ( 'NONE', #3485, #4218, #3699, .T. ) ;
#2494 = CARTESIAN_POINT ( 'NONE',  ( 0.1249999999999999722, 0.000000000000000000, -0.6250000000000009992 ) ) ;
#2495 = CARTESIAN_POINT ( 'NONE',  ( 1.000000000000000888, 0.1499999999999999944, 0.9999999999999991118 ) ) ;
#2496 = DIRECTION ( 'NONE',  ( -1.000000000000000000, -0.000000000000000000, -0.000000000000000000 ) ) ;
#2497 = ORIENTED_EDGE ( 'NONE', *, *, #798, .T. ) ;
#2498 = ADVANCED_FACE ( 'NONE', ( #659 ), #3378, .F. ) ;
#2499 = ORIENTED_EDGE ( 'NONE', *, *, #3816, .T. ) ;
#2500 = DIRECTION ( 'NONE',  ( 0.000000000000000000, -1.000000000000000000, 0.000000000000000000 ) ) ;
#2501 = DIRECTION ( 'NONE',  ( 0.000000000000000000, 0.000000000000000000, -1.000000000000000000 ) ) ;
#2502 = CARTESIAN_POINT ( 'NONE',  ( -0.1250000000000000278, 0.03500000000000000333, -0.6250000000000009992 ) ) ;
#2503 = VERTEX_POINT ( 'NONE', #1395 ) ;
#2504 = CARTESIAN_POINT ( 'NONE',  ( -0.6250000000000008882, 0.4255124837953336292, -1.084202172485505420E-15 ) ) ;
#2505 = DIRECTION ( 'NONE',  ( 0.000000000000000000, -1.000000000000000000, 0.000000000000000000 ) ) ;
#2506 = VECTOR ( 'NONE', #631, 1000.000000000000000 ) ;
#2507 = AXIS2_PLACEMENT_3D ( 'NONE', #1114, #3468, #3488 ) ;
#2508 = EDGE_LOOP ( 'NONE', ( #2241, #2704, #264, #259 ) ) ;
#2509 = CARTESIAN_POINT ( 'NONE',  ( -0.6250000000000000000, 0.03500000000000000333, -0.6250000000000009992 ) ) ;
#2510 = VERTEX_POINT ( 'NONE', #4110 ) ;
#2511 = ORIENTED_EDGE ( 'NONE', *, *, #3949, .F. ) ;
#2512 = EDGE_LOOP ( 'NONE', ( #2405, #284, #1982, #1174 ) ) ;
#2513 = VECTOR ( 'NONE', #664, 1000.000000000000000 ) ;
#2514 = VERTEX_POINT ( 'NONE', #1063 ) ;
#2515 = CARTESIAN_POINT ( 'NONE',  ( -0.6250000000000003331, 0.1499999999999999944, -0.6249999999999997780 ) ) ;
#2516 = VERTEX_POINT ( 'NONE', #2430 ) ;
#2517 = ORIENTED_EDGE ( 'NONE', *, *, #2280, .F. ) ;
#2518 = ORIENTED_EDGE ( 'NONE', *, *, #3127, .F. ) ;
#2519 = AXIS2_PLACEMENT_3D ( 'NONE', #1553, #3566, #526 ) ;
#2520 = ORIENTED_EDGE ( 'NONE', *, *, #2338, .T. ) ;
#2521 = VERTEX_POINT ( 'NONE', #724 ) ;
#2522 = FACE_OUTER_BOUND ( 'NONE', #2544, .T. ) ;
#2523 = ORIENTED_EDGE ( 'NONE', *, *, #2616, .T. ) ;
#2524 = EDGE_LOOP ( 'NONE', ( #2149, #2957, #3351, #1190 ) ) ;
#2525 = EDGE_CURVE ( 'NONE', #2580, #1373, #2789, .T. ) ;
#2526 = VECTOR ( 'NONE', #218, 1000.000000000000000 ) ;
#2527 = ADVANCED_FACE ( 'NONE', ( #1796 ), #3167, .F. ) ;
#2528 = CARTESIAN_POINT ( 'NONE',  ( 0.2399999999999991307, 0.7999999999999999334, 0.08999999999999917788 ) ) ;
#2529 = VECTOR ( 'NONE', #4056, 1000.000000000000000 ) ;
#2530 = VECTOR ( 'NONE', #3021, 1000.000000000000000 ) ;
#2531 = CARTESIAN_POINT ( 'NONE',  ( -0.1249999999999999722, 0.03500000000000000333, 0.6250000000000009992 ) ) ;
#2532 = DIRECTION ( 'NONE',  ( 0.000000000000000000, 0.000000000000000000, -1.000000000000000000 ) ) ;
#2533 = VECTOR ( 'NONE', #162, 1000.000000000000000 ) ;
#2534 = DIRECTION ( 'NONE',  ( -1.000000000000000000, 0.000000000000000000, 1.445602896647339163E-16 ) ) ;
#2535 = ORIENTED_EDGE ( 'NONE', *, *, #3110, .F. ) ;
#2536 = CARTESIAN_POINT ( 'NONE',  ( -0.3750000000000000000, 0.03500000000000000333, 0.6250000000000009992 ) ) ;
#2537 = EDGE_LOOP ( 'NONE', ( #470, #3202, #877, #2363 ) ) ;
#2538 = LINE ( 'NONE', #2471, #4206 ) ;
#2539 = ORIENTED_EDGE ( 'NONE', *, *, #3574, .T. ) ;
#2540 = DIRECTION ( 'NONE',  ( -1.000000000000000000, 0.000000000000000000, -8.673617379884034239E-17 ) ) ;
#2541 = LINE ( 'NONE', #3550, #2725 ) ;
#2542 = VECTOR ( 'NONE', #3953, 1000.000000000000000 ) ;
#2543 = ORIENTED_EDGE ( 'NONE', *, *, #1756, .F. ) ;
#2544 = EDGE_LOOP ( 'NONE', ( #1696, #1334, #4049, #442 ) ) ;
#2545 =( NAMED_UNIT ( * ) SI_UNIT ( $, .STERADIAN. ) SOLID_ANGLE_UNIT ( ) );
#2546 = VERTEX_POINT ( 'NONE', #1754 ) ;
#2547 = ORIENTED_EDGE ( 'NONE', *, *, #2689, .T. ) ;
#2548 = EDGE_CURVE ( 'NONE', #1954, #2295, #98, .T. ) ;
#2549 = VERTEX_POINT ( 'NONE', #3828 ) ;
#2550 = ADVANCED_FACE ( 'NONE', ( #76 ), #4151, .F. ) ;
#2551 = DIRECTION ( 'NONE',  ( 1.000000000000000000, -0.000000000000000000, 0.000000000000000000 ) ) ;
#2552 = CARTESIAN_POINT ( 'NONE',  ( -0.3750000000000000000, 0.03500000000000000333, 0.6250000000000009992 ) ) ;
#2553 = DIRECTION ( 'NONE',  ( -0.000000000000000000, -1.000000000000000000, -0.000000000000000000 ) ) ;
#2554 = EDGE_CURVE ( 'NONE', #1996, #2173, #420, .T. ) ;
#2555 = ADVANCED_FACE ( 'NONE', ( #1435 ), #3098, .T. ) ;
#2556 = CARTESIAN_POINT ( 'NONE',  ( 0.1249999999999982653, 0.03500000000000000333, 1.000000000000000888 ) ) ;
#2557 = ORIENTED_EDGE ( 'NONE', *, *, #72, .F. ) ;
#2558 = DIRECTION ( 'NONE',  ( 0.000000000000000000, -0.000000000000000000, 1.000000000000000000 ) ) ;
#2559 = CARTESIAN_POINT ( 'NONE',  ( 0.6250000000000000000, 0.4255124837953336292, -0.6250000000000009992 ) ) ;
#2560 = VERTEX_POINT ( 'NONE', #2125 ) ;
#2561 = EDGE_LOOP ( 'NONE', ( #3526, #3899, #2673, #4225 ) ) ;
#2562 = LINE ( 'NONE', #3235, #2448 ) ;
#2563 = ORIENTED_EDGE ( 'NONE', *, *, #2110, .T. ) ;
#2564 = PRODUCT_RELATED_PRODUCT_CATEGORY ( 'part', '', ( #2812 ) ) ;
#2565 = ORIENTED_EDGE ( 'NONE', *, *, #357, .F. ) ;
#2566 = DIRECTION ( 'NONE',  ( 1.000000000000000000, 0.000000000000000000, -0.000000000000000000 ) ) ;
#2567 = ORIENTED_EDGE ( 'NONE', *, *, #912, .T. ) ;
#2568 = DIRECTION ( 'NONE',  ( -4.553649124439120201E-15, 0.000000000000000000, 1.000000000000000000 ) ) ;
#2569 = ORIENTED_EDGE ( 'NONE', *, *, #743, .T. ) ;
#2570 = DIRECTION ( 'NONE',  ( 0.000000000000000000, 0.000000000000000000, 1.000000000000000000 ) ) ;
#2571 = LINE ( 'NONE', #187, #1660 ) ;
#2572 = CARTESIAN_POINT ( 'NONE',  ( 0.3750000000000000000, 0.03500000000000000333, 0.6250000000000009992 ) ) ;
#2573 = DIRECTION ( 'NONE',  ( 0.000000000000000000, 0.000000000000000000, 1.000000000000000000 ) ) ;
#2574 = LINE ( 'NONE', #3989, #3094 ) ;
#2575 = DIRECTION ( 'NONE',  ( 1.000000000000000000, 0.000000000000000000, -1.734723475976807094E-15 ) ) ;
#2576 = CARTESIAN_POINT ( 'NONE',  ( -0.6250000000000015543, 0.000000000000000000, 0.3749999999999989453 ) ) ;
#2577 = ORIENTED_EDGE ( 'NONE', *, *, #847, .F. ) ;
#2578 = ORIENTED_EDGE ( 'NONE', *, *, #1599, .T. ) ;
#2579 = CARTESIAN_POINT ( 'NONE',  ( -1.000000000000000888, 0.03500000000000000333, -0.1250000000000000000 ) ) ;
#2580 = VERTEX_POINT ( 'NONE', #3483 ) ;
#2581 = ORIENTED_EDGE ( 'NONE', *, *, #2423, .F. ) ;
#2582 = EDGE_CURVE ( 'NONE', #2929, #3236, #1145, .T. ) ;
#2583 = EDGE_LOOP ( 'NONE', ( #4052, #934, #1907, #1765 ) ) ;
#2584 = VECTOR ( 'NONE', #3625, 1000.000000000000000 ) ;
#2585 = EDGE_CURVE ( 'NONE', #959, #869, #434, .T. ) ;
#2586 = DIRECTION ( 'NONE',  ( 0.000000000000000000, 0.000000000000000000, 1.000000000000000000 ) ) ;
#2587 = CARTESIAN_POINT ( 'NONE',  ( 0.2399999999999991029, 0.8499999999999999778, 0.2399999999999991029 ) ) ;
#2588 = VERTEX_POINT ( 'NONE', #3105 ) ;
#2589 = VECTOR ( 'NONE', #3637, 1000.000000000000000 ) ;
#2590 = AXIS2_PLACEMENT_3D ( 'NONE', #3384, #2418, #2394 ) ;
#2591 = VERTEX_POINT ( 'NONE', #4129 ) ;
#2592 = LINE ( 'NONE', #2962, #55 ) ;
#2593 = CARTESIAN_POINT ( 'NONE',  ( 0.3749999999999998890, 0.03499999999999998251, -0.9250000000000011546 ) ) ;
#2594 = EDGE_LOOP ( 'NONE', ( #2988, #3749 ) ) ;
#2595 = ORIENTED_EDGE ( 'NONE', *, *, #448, .F. ) ;
#2596 = FACE_OUTER_BOUND ( 'NONE', #1329, .T. ) ;
#2597 = CARTESIAN_POINT ( 'NONE',  ( 0.000000000000000000, 0.03500000000000000333, 0.000000000000000000 ) ) ;
#2598 = CARTESIAN_POINT ( 'NONE',  ( 0.8749999999999998890, 4.174873734152916960, 0.6250000000000002220 ) ) ;
#2599 = CARTESIAN_POINT ( 'NONE',  ( 0.6249999999999998890, 0.2999999999999999334, -0.9249999999999999334 ) ) ;
#2600 = DIRECTION ( 'NONE',  ( -0.000000000000000000, -1.000000000000000000, -0.000000000000000000 ) ) ;
#2601 = AXIS2_PLACEMENT_3D ( 'NONE', #614, #3656, #3719 ) ;
#2602 = CIRCLE ( 'NONE', #675, 0.07499999999999987232 ) ;
#2603 = CARTESIAN_POINT ( 'NONE',  ( -0.5750000000000001776, 0.8399999999999999689, -0.6750000000000001554 ) ) ;
#2604 = VECTOR ( 'NONE', #2682, 1000.000000000000000 ) ;
#2605 = EDGE_LOOP ( 'NONE', ( #1712, #4211, #285, #550 ) ) ;
#2606 = PLANE ( 'NONE',  #2611 ) ;
#2607 = PLANE ( 'NONE',  #3223 ) ;
#2608 = ORIENTED_EDGE ( 'NONE', *, *, #1735, .T. ) ;
#2609 = DIRECTION ( 'NONE',  ( 0.000000000000000000, 0.000000000000000000, -1.000000000000000000 ) ) ;
#2610 = ORIENTED_EDGE ( 'NONE', *, *, #4012, .F. ) ;
#2611 = AXIS2_PLACEMENT_3D ( 'NONE', #80, #1469, #2558 ) ;
#2612 = EDGE_CURVE ( 'NONE', #418, #130, #478, .T. ) ;
#2613 = ORIENTED_EDGE ( 'NONE', *, *, #352, .F. ) ;
#2614 = LINE ( 'NONE', #2217, #3857 ) ;
#2615 = LINE ( 'NONE', #598, #4195 ) ;
#2616 = EDGE_CURVE ( 'NONE', #2357, #2326, #140, .T. ) ;
#2617 = ORIENTED_EDGE ( 'NONE', *, *, #3622, .T. ) ;
#2618 = ORIENTED_EDGE ( 'NONE', *, *, #2525, .F. ) ;
#2619 = DIRECTION ( 'NONE',  ( 0.000000000000000000, 0.000000000000000000, 1.000000000000000000 ) ) ;
#2620 = VECTOR ( 'NONE', #1581, 1000.000000000000000 ) ;
#2621 = DIRECTION ( 'NONE',  ( 0.000000000000000000, 0.000000000000000000, -1.000000000000000000 ) ) ;
#2622 = LINE ( 'NONE', #2941, #4140 ) ;
#2623 = FACE_OUTER_BOUND ( 'NONE', #812, .T. ) ;
#2624 = CARTESIAN_POINT ( 'NONE',  ( -6.505213034913026604E-16, 0.03499999999999998251, 0.3750000000000000000 ) ) ;
#2625 = DIRECTION ( 'NONE',  ( 0.000000000000000000, 1.000000000000000000, 0.000000000000000000 ) ) ;
#2626 = VECTOR ( 'NONE', #1525, 1000.000000000000000 ) ;
#2627 = CARTESIAN_POINT ( 'NONE',  ( 0.6249999999999998890, 0.6749999999999999334, -0.6999999999999998446 ) ) ;
#2628 = LINE ( 'NONE', #1327, #3375 ) ;
#2629 = DIRECTION ( 'NONE',  ( -8.673617379884034239E-17, 0.000000000000000000, -1.000000000000000000 ) ) ;
#2630 = ORIENTED_EDGE ( 'NONE', *, *, #474, .F. ) ;
#2631 = LINE ( 'NONE', #3630, #4006 ) ;
#2632 = EDGE_LOOP ( 'NONE', ( #3212, #1766, #3476, #1148 ) ) ;
#2633 = CARTESIAN_POINT ( 'NONE',  ( -0.3750000000000017208, 0.03500000000000000333, 1.000000000000000000 ) ) ;
#2634 = LINE ( 'NONE', #1957, #376 ) ;
#2635 = ORIENTED_EDGE ( 'NONE', *, *, #1707, .F. ) ;
#2636 = EDGE_LOOP ( 'NONE', ( #3682, #3895, #1488, #2267 ) ) ;
#2637 = CARTESIAN_POINT ( 'NONE',  ( 0.6249999999999998890, 0.2999999999999999334, -0.6250000000000000000 ) ) ;
#2638 = EDGE_CURVE ( 'NONE', #2488, #2823, #744, .T. ) ;
#2639 = CARTESIAN_POINT ( 'NONE',  ( -0.6250000000000008882, 0.000000000000000000, -0.2750000000000000777 ) ) ;
#2640 = CYLINDRICAL_SURFACE ( 'NONE', #728, 0.05000000000000002359 ) ;
#2641 = CYLINDRICAL_SURFACE ( 'NONE', #4064, 0.1750000000000000167 ) ;
#2642 = EDGE_CURVE ( 'NONE', #3215, #3041, #1835, .T. ) ;
#2643 = CARTESIAN_POINT ( 'NONE',  ( 0.6250000000000011102, 0.03500000000000000333, 0.1249999999999988065 ) ) ;
#2644 = CARTESIAN_POINT ( 'NONE',  ( -1.000000000000000888, 0.000000000000000000, 0.9999999999999991118 ) ) ;
#2645 = CARTESIAN_POINT ( 'NONE',  ( -0.3750000000000000000, 0.000000000000000000, -0.9250000000000011546 ) ) ;
#2646 = DIRECTION ( 'NONE',  ( -0.000000000000000000, 0.000000000000000000, -1.000000000000000000 ) ) ;
#2647 = DIRECTION ( 'NONE',  ( 0.000000000000000000, 0.000000000000000000, 1.000000000000000000 ) ) ;
#2648 = ORIENTED_EDGE ( 'NONE', *, *, #3165, .F. ) ;
#2649 = LINE ( 'NONE', #2579, #2227 ) ;
#2650 = FACE_OUTER_BOUND ( 'NONE', #2388, .T. ) ;
#2651 = CARTESIAN_POINT ( 'NONE',  ( 0.000000000000000000, 0.000000000000000000, 0.000000000000000000 ) ) ;
#2652 = ORIENTED_EDGE ( 'NONE', *, *, #2779, .F. ) ;
#2653 = DIRECTION ( 'NONE',  ( 0.000000000000000000, 1.000000000000000000, 0.000000000000000000 ) ) ;
#2654 = DIRECTION ( 'NONE',  ( 0.000000000000000000, -0.000000000000000000, -1.000000000000000000 ) ) ;
#2655 = CIRCLE ( 'NONE', #2222, 0.1000000000000001027 ) ;
#2656 = ORIENTED_EDGE ( 'NONE', *, *, #2280, .T. ) ;
#2657 = AXIS2_PLACEMENT_3D ( 'NONE', #837, #173, #4176 ) ;
#2658 = VECTOR ( 'NONE', #1819, 1000.000000000000000 ) ;
#2659 = DIRECTION ( 'NONE',  ( 0.000000000000000000, -1.000000000000000000, 0.000000000000000000 ) ) ;
#2660 = CYLINDRICAL_SURFACE ( 'NONE', #1862, 0.3000000000000000444 ) ;
#2661 = LINE ( 'NONE', #70, #2216 ) ;
#2662 = ADVANCED_FACE ( 'NONE', ( #2486 ), #3460, .F. ) ;
#2663 = EDGE_CURVE ( 'NONE', #2210, #1963, #1817, .T. ) ;
#2664 = LINE ( 'NONE', #4395, #969 ) ;
#2665 = DIRECTION ( 'NONE',  ( -0.000000000000000000, -1.000000000000000000, -0.000000000000000000 ) ) ;
#2666 = ORIENTED_EDGE ( 'NONE', *, *, #3274, .T. ) ;
#2667 = DIRECTION ( 'NONE',  ( 0.000000000000000000, 0.000000000000000000, 1.000000000000000000 ) ) ;
#2668 = VECTOR ( 'NONE', #1780, 1000.000000000000000 ) ;
#2669 = LINE ( 'NONE', #3045, #2320 ) ;
#2670 =( GEOMETRIC_REPRESENTATION_CONTEXT ( 3 ) GLOBAL_UNCERTAINTY_ASSIGNED_CONTEXT ( ( #4317 ) ) GLOBAL_UNIT_ASSIGNED_CONTEXT ( ( #974, #2686, #4014 ) ) REPRESENTATION_CONTEXT ( 'NONE', 'WORKASPACE' ) );
#2671 = CARTESIAN_POINT ( 'NONE',  ( -0.5750000000000001776, 0.8399999999999999689, -0.4749999999999998668 ) ) ;
#2672 = UNCERTAINTY_MEASURE_WITH_UNIT (LENGTH_MEASURE( 1.000000000000000082E-05 ), #2841, 'distance_accuracy_value', 'NONE');
#2673 = ORIENTED_EDGE ( 'NONE', *, *, #405, .T. ) ;
#2674 = AXIS2_PLACEMENT_3D ( 'NONE', #2391, #764, #2123 ) ;
#2675 = CARTESIAN_POINT ( 'NONE',  ( -0.9250000000000000444, -0.000000000000000000, 0.3749999999999983902 ) ) ;
#2676 = CARTESIAN_POINT ( 'NONE',  ( -0.1250000000000000278, 0.03500000000000000333, -0.6250000000000009992 ) ) ;
#2677 = EDGE_LOOP ( 'NONE', ( #4259, #3047, #561, #84 ) ) ;
#2678 = DIRECTION ( 'NONE',  ( -1.000000000000000000, 0.000000000000000000, 2.891205793294679312E-16 ) ) ;
#2679 = LINE ( 'NONE', #31, #3207 ) ;
#2680 = SURFACE_SIDE_STYLE ('',( #895 ) ) ;
#2681 = EDGE_LOOP ( 'NONE', ( #690, #689, #2511, #2265 ) ) ;
#2682 = DIRECTION ( 'NONE',  ( 1.000000000000000000, 0.000000000000000000, 0.000000000000000000 ) ) ;
#2683 = VECTOR ( 'NONE', #2701, 1000.000000000000000 ) ;
#2684 = ADVANCED_FACE ( 'NONE', ( #2164 ), #3527, .T. ) ;
#2685 = PLANE ( 'NONE',  #1749 ) ;
#2686 =( NAMED_UNIT ( * ) PLANE_ANGLE_UNIT ( ) SI_UNIT ( $, .RADIAN. ) );
#2687 = FACE_OUTER_BOUND ( 'NONE', #2139, .T. ) ;
#2688 = EDGE_CURVE ( 'NONE', #312, #953, #1171, .T. ) ;
#2689 = EDGE_CURVE ( 'NONE', #1146, #506, #2288, .T. ) ;
#2690 = VERTEX_POINT ( 'NONE', #2576 ) ;
#2691 = CARTESIAN_POINT ( 'NONE',  ( -0.9250000000000000444, -0.000000000000000000, 0.000000000000000000 ) ) ;
#2692 = EDGE_CURVE ( 'NONE', #805, #1416, #3913, .T. ) ;
#2693 = VERTEX_POINT ( 'NONE', #3943 ) ;
#2694 = AXIS2_PLACEMENT_3D ( 'NONE', #2187, #849, #1189 ) ;
#2695 = ORIENTED_EDGE ( 'NONE', *, *, #1290, .T. ) ;
#2696 = CARTESIAN_POINT ( 'NONE',  ( 0.6250000000000000000, 0.000000000000000000, 0.000000000000000000 ) ) ;
#2697 = ADVANCED_FACE ( 'NONE', ( #4258 ), #3544, .F. ) ;
#2698 = CARTESIAN_POINT ( 'NONE',  ( 0.000000000000000000, 0.4255124837953336292, 0.6250000000000009992 ) ) ;
#2699 = VERTEX_POINT ( 'NONE', #2886 ) ;
#2700 = EDGE_LOOP ( 'NONE', ( #2472, #484, #79, #195 ) ) ;
#2701 = DIRECTION ( 'NONE',  ( -1.000000000000000000, -0.000000000000000000, -0.000000000000000000 ) ) ;
#2702 = DIRECTION ( 'NONE',  ( -1.000000000000000000, 0.000000000000000000, 0.000000000000000000 ) ) ;
#2703 = VERTEX_POINT ( 'NONE', #593 ) ;
#2704 = ORIENTED_EDGE ( 'NONE', *, *, #4278, .F. ) ;
#2705 = DIRECTION ( 'NONE',  ( -0.000000000000000000, -1.000000000000000000, -0.000000000000000000 ) ) ;
#2706 = SURFACE_STYLE_FILL_AREA ( #32 ) ;
#2707 = DIRECTION ( 'NONE',  ( 0.000000000000000000, -1.000000000000000000, 0.000000000000000000 ) ) ;
#2708 = LINE ( 'NONE', #3760, #3660 ) ;
#2709 = LINE ( 'NONE', #3437, #1033 ) ;
#2710 = DIRECTION ( 'NONE',  ( -1.000000000000000000, 0.000000000000000000, -4.625929269271501888E-15 ) ) ;
#2711 = LINE ( 'NONE', #4086, #1810 ) ;
#2712 = ADVANCED_FACE ( 'NONE', ( #3307 ), #2607, .F. ) ;
#2713 = CARTESIAN_POINT ( 'NONE',  ( 0.6250000000000000000, 0.000000000000000000, 0.6250000000000009992 ) ) ;
#2714 = EDGE_CURVE ( 'NONE', #3739, #2401, #668, .T. ) ;
#2715 = DIRECTION ( 'NONE',  ( -2.891205793294679312E-16, 0.000000000000000000, -1.000000000000000000 ) ) ;
#2716 = EDGE_LOOP ( 'NONE', ( #2791, #1572, #2195, #4318, #2630 ) ) ;
#2717 = EDGE_CURVE ( 'NONE', #1202, #3185, #232, .T. ) ;
#2718 = CARTESIAN_POINT ( 'NONE',  ( -0.6250000000000000000, 0.03500000000000000333, 0.6250000000000009992 ) ) ;
#2719 = FILL_AREA_STYLE ('',( #1760 ) ) ;
#2720 = CARTESIAN_POINT ( 'NONE',  ( -0.6250000000000015543, 0.03500000000000000333, 0.3749999999999989453 ) ) ;
#2721 = CARTESIAN_POINT ( 'NONE',  ( 0.2399999999999991029, 0.8499999999999999778, 0.2399999999999991029 ) ) ;
#2722 = ORIENTED_EDGE ( 'NONE', *, *, #3909, .F. ) ;
#2723 = CARTESIAN_POINT ( 'NONE',  ( -0.7000000000000002887, 0.6749999999999999334, 6.071532165918828528E-17 ) ) ;
#2724 = AXIS2_PLACEMENT_3D ( 'NONE', #1656, #4370, #1677 ) ;
#2725 = VECTOR ( 'NONE', #2130, 1000.000000000000000 ) ;
#2726 = VECTOR ( 'NONE', #3195, 1000.000000000000000 ) ;
#2727 = VERTEX_POINT ( 'NONE', #164 ) ;
#2728 = DIRECTION ( 'NONE',  ( 1.000000000000000000, 0.000000000000000000, 4.915049848600948964E-15 ) ) ;
#2729 = CARTESIAN_POINT ( 'NONE',  ( 0.000000000000000000, 0.000000000000000000, 0.000000000000000000 ) ) ;
#2730 = FACE_OUTER_BOUND ( 'NONE', #2400, .T. ) ;
#2731 = CARTESIAN_POINT ( 'NONE',  ( -6.505213034913026604E-16, -0.000000000000000000, 0.3750000000000000000 ) ) ;
#2732 = DIRECTION ( 'NONE',  ( 0.000000000000000000, 1.000000000000000000, 0.000000000000000000 ) ) ;
#2733 = DIRECTION ( 'NONE',  ( 0.000000000000000000, -0.000000000000000000, -1.000000000000000000 ) ) ;
#2734 = ORIENTED_EDGE ( 'NONE', *, *, #531, .F. ) ;
#2735 = EDGE_CURVE ( 'NONE', #553, #2836, #214, .T. ) ;
#2736 = ORIENTED_EDGE ( 'NONE', *, *, #3330, .F. ) ;
#2737 = EDGE_CURVE ( 'NONE', #2118, #2194, #2264, .T. ) ;
#2738 = AXIS2_PLACEMENT_3D ( 'NONE', #4007, #2678, #3604 ) ;
#2739 = VECTOR ( 'NONE', #1590, 1000.000000000000000 ) ;
#2740 = FILL_AREA_STYLE_COLOUR ( '', #979 ) ;
#2741 = DIRECTION ( 'NONE',  ( 0.000000000000000000, 0.000000000000000000, 1.000000000000000000 ) ) ;
#2742 =( NAMED_UNIT ( * ) SI_UNIT ( $, .STERADIAN. ) SOLID_ANGLE_UNIT ( ) );
#2743 = ADVANCED_FACE ( 'NONE', ( #3872 ), #4233, .F. ) ;
#2744 = VECTOR ( 'NONE', #4277, 1000.000000000000000 ) ;
#2745 = EDGE_CURVE ( 'NONE', #2357, #2848, #1594, .T. ) ;
#2746 = ORIENTED_EDGE ( 'NONE', *, *, #3661, .T. ) ;
#2747 = CARTESIAN_POINT ( 'NONE',  ( -0.1249999999999999722, 0.03500000000000000333, 0.6250000000000009992 ) ) ;
#2748 = ORIENTED_EDGE ( 'NONE', *, *, #1294, .T. ) ;
#2749 = VECTOR ( 'NONE', #2505, 1000.000000000000000 ) ;
#2750 = DIRECTION ( 'NONE',  ( 0.000000000000000000, -1.000000000000000000, 0.000000000000000000 ) ) ;
#2751 = CARTESIAN_POINT ( 'NONE',  ( 1.807003620809172105E-17, 0.000000000000000000, -0.1249999999999998612 ) ) ;
#2752 = CARTESIAN_POINT ( 'NONE',  ( 0.1249999999999999722, 0.4255124837953336292, -0.6250000000000009992 ) ) ;
#2753 = DIRECTION ( 'NONE',  ( -1.000000000000000000, -0.000000000000000000, -0.000000000000000000 ) ) ;
#2754 = CARTESIAN_POINT ( 'NONE',  ( -0.1249999999999999722, 0.03500000000000000333, 0.6250000000000009992 ) ) ;
#2755 = CARTESIAN_POINT ( 'NONE',  ( 0.3750000000000000000, 0.03500000000000000333, 0.6250000000000009992 ) ) ;
#2756 = DIRECTION ( 'NONE',  ( 1.000000000000000000, -0.000000000000000000, 0.000000000000000000 ) ) ;
#2757 = FACE_BOUND ( 'NONE', #2429, .T. ) ;
#2758 = VERTEX_POINT ( 'NONE', #1234 ) ;
#2759 = EDGE_CURVE ( 'NONE', #1032, #651, #4107, .T. ) ;
#2760 = VERTEX_POINT ( 'NONE', #4332 ) ;
#2761 = DIRECTION ( 'NONE',  ( 1.000000000000000000, 0.000000000000000000, 0.000000000000000000 ) ) ;
#2762 = ORIENTED_EDGE ( 'NONE', *, *, #2086, .T. ) ;
#2763 = EDGE_CURVE ( 'NONE', #1256, #4361, #571, .T. ) ;
#2764 = LINE ( 'NONE', #3162, #3029 ) ;
#2765 = CARTESIAN_POINT ( 'NONE',  ( 0.6250000000000008882, 0.000000000000000000, 0.000000000000000000 ) ) ;
#2766 = FACE_OUTER_BOUND ( 'NONE', #446, .T. ) ;
#2767 = CARTESIAN_POINT ( 'NONE',  ( 0.9250000000000000444, 0.4255124837953336292, -0.1250000000000000000 ) ) ;
#2768 = CARTESIAN_POINT ( 'NONE',  ( 0.000000000000000000, 0.4255124837953336292, -0.6250000000000009992 ) ) ;
#2769 = FACE_OUTER_BOUND ( 'NONE', #3403, .T. ) ;
#2770 = ORIENTED_EDGE ( 'NONE', *, *, #1763, .F. ) ;
#2771 = DIRECTION ( 'NONE',  ( -1.000000000000000000, 0.000000000000000000, -4.987329993433327496E-15 ) ) ;
#2772 = ORIENTED_EDGE ( 'NONE', *, *, #2554, .T. ) ;
#2773 = ORIENTED_EDGE ( 'NONE', *, *, #2872, .T. ) ;
#2774 = DIRECTION ( 'NONE',  ( 1.000000000000000000, -0.000000000000000000, 4.625929269271497944E-15 ) ) ;
#2775 = DIRECTION ( 'NONE',  ( -1.000000000000000000, 0.000000000000000000, 8.673617379884034239E-17 ) ) ;
#2776 = ORIENTED_EDGE ( 'NONE', *, *, #3758, .T. ) ;
#2777 = ORIENTED_EDGE ( 'NONE', *, *, #2927, .F. ) ;
#2778 = ORIENTED_EDGE ( 'NONE', *, *, #2004, .F. ) ;
#2779 = EDGE_CURVE ( 'NONE', #3615, #1494, #1619, .T. ) ;
#2780 = CARTESIAN_POINT ( 'NONE',  ( -0.9250000000000000444, 0.000000000000000000, 0.1249999999999983763 ) ) ;
#2781 = LINE ( 'NONE', #3844, #4174 ) ;
#2782 = DIRECTION ( 'NONE',  ( 0.000000000000000000, 0.000000000000000000, 1.000000000000000000 ) ) ;
#2783 = AXIS2_PLACEMENT_3D ( 'NONE', #1454, #1096, #3479 ) ;
#2784 = EDGE_CURVE ( 'NONE', #1963, #3552, #1853, .T. ) ;
#2785 = VECTOR ( 'NONE', #4290, 1000.000000000000000 ) ;
#2786 = CIRCLE ( 'NONE', #2016, 0.1499999999999999667 ) ;
#2787 = FACE_OUTER_BOUND ( 'NONE', #292, .T. ) ;
#2788 = ORIENTED_EDGE ( 'NONE', *, *, #119, .T. ) ;
#2789 = LINE ( 'NONE', #2832, #1958 ) ;
#2790 = DIRECTION ( 'NONE',  ( 0.000000000000000000, -1.000000000000000000, 0.000000000000000000 ) ) ;
#2791 = ORIENTED_EDGE ( 'NONE', *, *, #798, .F. ) ;
#2792 = CYLINDRICAL_SURFACE ( 'NONE', #2033, 0.05000000000000002359 ) ;
#2793 = CARTESIAN_POINT ( 'NONE',  ( -0.9250000000000003775, 0.2999999999999999334, -0.6249999999999997780 ) ) ;
#2794 = VERTEX_POINT ( 'NONE', #3590 ) ;
#2795 = FILL_AREA_STYLE ('',( #813 ) ) ;
#2796 = VECTOR ( 'NONE', #2753, 1000.000000000000000 ) ;
#2797 = VECTOR ( 'NONE', #3300, 1000.000000000000000 ) ;
#2798 = ORIENTED_EDGE ( 'NONE', *, *, #233, .F. ) ;
#2799 = LINE ( 'NONE', #796, #1657 ) ;
#2800 =( NAMED_UNIT ( * ) SI_UNIT ( $, .STERADIAN. ) SOLID_ANGLE_UNIT ( ) );
#2801 = ORIENTED_EDGE ( 'NONE', *, *, #2131, .F. ) ;
#2802 = VECTOR ( 'NONE', #1304, 1000.000000000000000 ) ;
#2803 = STYLED_ITEM ( 'NONE', ( #2206 ), #344 ) ;
#2804 = LINE ( 'NONE', #4163, #1087 ) ;
#2805 = DIRECTION ( 'NONE',  ( -0.000000000000000000, -0.000000000000000000, 1.000000000000000000 ) ) ;
#2806 = PLANE ( 'NONE',  #4154 ) ;
#2807 = CARTESIAN_POINT ( 'NONE',  ( -1.000000000000000888, 0.1499999999999999944, -1.000000000000000888 ) ) ;
#2808 = EDGE_CURVE ( 'NONE', #4131, #2758, #4308, .T. ) ;
#2809 = ORIENTED_EDGE ( 'NONE', *, *, #209, .T. ) ;
#2810 = EDGE_CURVE ( 'NONE', #3155, #1373, #3967, .T. ) ;
#2811 = PLANE ( 'NONE',  #160 ) ;
#2812 = PRODUCT ( 'ICP-20100', 'ICP-20100', '', ( #1746 ) ) ;
#2813 = VECTOR ( 'NONE', #1291, 1000.000000000000000 ) ;
#2814 = ORIENTED_EDGE ( 'NONE', *, *, #722, .T. ) ;
#2815 = EDGE_CURVE ( 'NONE', #2488, #2371, #1901, .T. ) ;
#2816 = CARTESIAN_POINT ( 'NONE',  ( -0.1249999999999968636, -0.000000000000000000, -6.234162491791503570E-16 ) ) ;
#2817 = ORIENTED_EDGE ( 'NONE', *, *, #2878, .T. ) ;
#2818 = PLANE ( 'NONE',  #2507 ) ;
#2819 = AXIS2_PLACEMENT_3D ( 'NONE', #3457, #1456, #1411 ) ;
#2820 = ORIENTED_EDGE ( 'NONE', *, *, #1004, .T. ) ;
#2821 = DIRECTION ( 'NONE',  ( -0.000000000000000000, -0.000000000000000000, 1.000000000000000000 ) ) ;
#2822 = DIRECTION ( 'NONE',  ( 4.625929269271497944E-15, 0.000000000000000000, -1.000000000000000000 ) ) ;
#2823 = VERTEX_POINT ( 'NONE', #2065 ) ;
#2824 = CARTESIAN_POINT ( 'NONE',  ( 0.000000000000000000, 0.000000000000000000, 0.000000000000000000 ) ) ;
#2825 = ORIENTED_EDGE ( 'NONE', *, *, #1513, .T. ) ;
#2826 = VECTOR ( 'NONE', #4274, 1000.000000000000000 ) ;
#2827 = CARTESIAN_POINT ( 'NONE',  ( 1.000000000000000888, 0.000000000000000000, -0.1250000000000000000 ) ) ;
#2828 = CARTESIAN_POINT ( 'NONE',  ( 0.6250000000000008882, 0.4255124837953336292, -0.1249999999999999445 ) ) ;
#2829 = LINE ( 'NONE', #2158, #1097 ) ;
#2830 = DIRECTION ( 'NONE',  ( -0.000000000000000000, -1.000000000000000000, -0.000000000000000000 ) ) ;
#2831 = ORIENTED_EDGE ( 'NONE', *, *, #4253, .T. ) ;
#2832 = CARTESIAN_POINT ( 'NONE',  ( -0.6250000000000013323, 0.4255124837953336292, 0.9250000000000009326 ) ) ;
#2833 = VERTEX_POINT ( 'NONE', #3744 ) ;
#2834 = DIRECTION ( 'NONE',  ( -0.000000000000000000, -0.000000000000000000, 1.000000000000000000 ) ) ;
#2835 = EDGE_LOOP ( 'NONE', ( #1596, #1132, #1653, #3391 ) ) ;
#2836 = VERTEX_POINT ( 'NONE', #2410 ) ;
#2837 = ORIENTED_EDGE ( 'NONE', *, *, #1180, .T. ) ;
#2838 = ADVANCED_FACE ( 'NONE', ( #3991 ), #704, .F. ) ;
#2839 = CARTESIAN_POINT ( 'NONE',  ( 0.6250000000000000000, 0.03500000000000000333, -0.6250000000000009992 ) ) ;
#2840 = ORIENTED_EDGE ( 'NONE', *, *, #595, .F. ) ;
#2841 =( LENGTH_UNIT ( ) NAMED_UNIT ( * ) SI_UNIT ( .MILLI., .METRE. ) );
#2842 = VERTEX_POINT ( 'NONE', #1366 ) ;
#2843 = ADVANCED_FACE ( 'NONE', ( #1702 ), #682, .F. ) ;
#2844 = ORIENTED_EDGE ( 'NONE', *, *, #985, .F. ) ;
#2845 = ORIENTED_EDGE ( 'NONE', *, *, #3059, .T. ) ;
#2846 = DIRECTION ( 'NONE',  ( -0.000000000000000000, -0.000000000000000000, 1.000000000000000000 ) ) ;
#2847 = CARTESIAN_POINT ( 'NONE',  ( 0.3750000000000000000, 0.03500000000000000333, -0.6250000000000009992 ) ) ;
#2848 = VERTEX_POINT ( 'NONE', #3019 ) ;
#2849 = VERTEX_POINT ( 'NONE', #1306 ) ;
#2850 = EDGE_LOOP ( 'NONE', ( #1580, #3494, #3231, #3701 ) ) ;
#2851 = CARTESIAN_POINT ( 'NONE',  ( 0.1249999999999999722, 0.000000000000000000, -0.9250000000000011546 ) ) ;
#2852 = VECTOR ( 'NONE', #4337, 1000.000000000000000 ) ;
#2853 = DIRECTION ( 'NONE',  ( 0.000000000000000000, 0.000000000000000000, -1.000000000000000000 ) ) ;
#2854 = PLANE ( 'NONE',  #2156 ) ;
#2855 = VECTOR ( 'NONE', #1940, 1000.000000000000000 ) ;
#2856 = AXIS2_PLACEMENT_3D ( 'NONE', #3700, #3748, #2733 ) ;
#2857 = AXIS2_PLACEMENT_3D ( 'NONE', #2009, #3536, #3222 ) ;
#2858 = FACE_OUTER_BOUND ( 'NONE', #4062, .T. ) ;
#2859 = DIRECTION ( 'NONE',  ( 0.000000000000000000, -1.000000000000000000, 0.000000000000000000 ) ) ;
#2860 = AXIS2_PLACEMENT_3D ( 'NONE', #2348, #939, #607 ) ;
#2861 = ORIENTED_EDGE ( 'NONE', *, *, #2903, .T. ) ;
#2862 =( GEOMETRIC_REPRESENTATION_CONTEXT ( 3 ) GLOBAL_UNCERTAINTY_ASSIGNED_CONTEXT ( ( #2672 ) ) GLOBAL_UNIT_ASSIGNED_CONTEXT ( ( #2841, #82, #2490 ) ) REPRESENTATION_CONTEXT ( 'NONE', 'WORKASPACE' ) );
#2863 = CARTESIAN_POINT ( 'NONE',  ( 0.6250000000000008882, 0.4255124837953336292, -0.3750000000000000000 ) ) ;
#2864 = EDGE_LOOP ( 'NONE', ( #482, #1425, #657, #1960 ) ) ;
#2865 = VECTOR ( 'NONE', #1733, 1000.000000000000000 ) ;
#2866 = EDGE_LOOP ( 'NONE', ( #107, #1635, #734, #909 ) ) ;
#2867 = DIRECTION ( 'NONE',  ( -0.000000000000000000, -1.000000000000000000, -0.000000000000000000 ) ) ;
#2868 = ADVANCED_FACE ( 'NONE', ( #1974 ), #615, .F. ) ;
#2869 = ORIENTED_EDGE ( 'NONE', *, *, #2425, .F. ) ;
#2870 = AXIS2_PLACEMENT_3D ( 'NONE', #4158, #1113, #3831 ) ;
#2871 = ORIENTED_EDGE ( 'NONE', *, *, #591, .T. ) ;
#2872 = EDGE_CURVE ( 'NONE', #777, #1397, #11, .T. ) ;
#2873 = ORIENTED_EDGE ( 'NONE', *, *, #847, .T. ) ;
#2874 = SURFACE_STYLE_FILL_AREA ( #1786 ) ;
#2875 = EDGE_CURVE ( 'NONE', #2889, #2322, #1348, .T. ) ;
#2876 = ORIENTED_EDGE ( 'NONE', *, *, #4347, .T. ) ;
#2877 = EDGE_CURVE ( 'NONE', #3182, #817, #1013, .T. ) ;
#2878 = EDGE_CURVE ( 'NONE', #3279, #3615, #3061, .T. ) ;
#2879 = DIRECTION ( 'NONE',  ( 0.000000000000000000, 0.000000000000000000, 1.000000000000000000 ) ) ;
#2880 = CARTESIAN_POINT ( 'NONE',  ( 0.6250000000000008882, 0.000000000000000000, -1.084202172485505420E-15 ) ) ;
#2881 = LINE ( 'NONE', #3586, #2739 ) ;
#2882 = TOROIDAL_SURFACE ( 'NONE', #2242, 0.3000000000000000999, 0.05000000000000000278 ) ;
#2883 = CARTESIAN_POINT ( 'NONE',  ( -1.807003620809169455E-16, 0.000000000000000000, 0.1249999999999997086 ) ) ;
#2884 = CARTESIAN_POINT ( 'NONE',  ( -0.6250000000000017764, 0.03500000000000000333, 0.9999999999999995559 ) ) ;
#2885 = ORIENTED_EDGE ( 'NONE', *, *, #3684, .T. ) ;
#2886 = CARTESIAN_POINT ( 'NONE',  ( 0.2399999999999991307, 0.8499999999999999778, 0.08999999999999917788 ) ) ;
#2887 = ORIENTED_EDGE ( 'NONE', *, *, #2254, .F. ) ;
#2888 = CARTESIAN_POINT ( 'NONE',  ( 0.3750000000000000000, 0.000000000000000000, -0.6250000000000009992 ) ) ;
#2889 = VERTEX_POINT ( 'NONE', #2382 ) ;
#2890 = CARTESIAN_POINT ( 'NONE',  ( -0.8750000000000003331, 4.174873734152916960, -0.6249999999999997780 ) ) ;
#2891 = VECTOR ( 'NONE', #406, 1000.000000000000000 ) ;
#2892 = ORIENTED_EDGE ( 'NONE', *, *, #2642, .T. ) ;
#2893 = ORIENTED_EDGE ( 'NONE', *, *, #972, .T. ) ;
#2894 =( LENGTH_UNIT ( ) NAMED_UNIT ( * ) SI_UNIT ( .MILLI., .METRE. ) );
#2895 = ORIENTED_EDGE ( 'NONE', *, *, #1100, .T. ) ;
#2896 = ORIENTED_EDGE ( 'NONE', *, *, #1109, .F. ) ;
#2897 = ADVANCED_FACE ( 'NONE', ( #2997 ), #4351, .T. ) ;
#2898 = AXIS2_PLACEMENT_3D ( 'NONE', #3117, #1141, #740 ) ;
#2899 = CARTESIAN_POINT ( 'NONE',  ( 0.9250000000000000444, 0.4255124837953336292, 0.3749999999999983902 ) ) ;
#2900 = ADVANCED_FACE ( 'NONE', ( #2730 ), #4085, .F. ) ;
#2901 = CARTESIAN_POINT ( 'NONE',  ( -0.6250000000000003331, 0.2500000000000000000, 0.6250000000000001110 ) ) ;
#2902 = DIRECTION ( 'NONE',  ( 0.000000000000000000, 0.000000000000000000, -1.000000000000000000 ) ) ;
#2903 = EDGE_CURVE ( 'NONE', #3891, #141, #1663, .T. ) ;
#2904 = CARTESIAN_POINT ( 'NONE',  ( 0.3750000000000001665, 0.000000000000000000, -1.084202172485505174E-16 ) ) ;
#2905 = FACE_OUTER_BOUND ( 'NONE', #1795, .T. ) ;
#2906 = CARTESIAN_POINT ( 'NONE',  ( -0.9250000000000002665, 0.1499999999999999944, 0.6250000000000001110 ) ) ;
#2907 = ORIENTED_EDGE ( 'NONE', *, *, #1248, .T. ) ;
#2908 = CARTESIAN_POINT ( 'NONE',  ( -1.807003620809169455E-16, 0.4255124837953336292, 0.1249999999999997086 ) ) ;
#2909 = EDGE_LOOP ( 'NONE', ( #2547, #905, #1717, #1630 ) ) ;
#2910 = PLANE ( 'NONE',  #1380 ) ;
#2911 = CARTESIAN_POINT ( 'NONE',  ( -1.000000000000001554, 0.03500000000000000333, 0.3749999999999982792 ) ) ;
#2912 = VERTEX_POINT ( 'NONE', #1725 ) ;
#2913 = CARTESIAN_POINT ( 'NONE',  ( 0.9249999999999999334, 0.2999999999999999334, 0.6250000000000002220 ) ) ;
#2914 = PLANE ( 'NONE',  #1371 ) ;
#2915 = ORIENTED_EDGE ( 'NONE', *, *, #1984, .T. ) ;
#2916 = ORIENTED_EDGE ( 'NONE', *, *, #937, .T. ) ;
#2917 = CARTESIAN_POINT ( 'NONE',  ( -0.3750000000000014433, 0.03499999999999998251, 0.9250000000000009326 ) ) ;
#2918 = CARTESIAN_POINT ( 'NONE',  ( -0.7000000000000001776, 0.6749999999999999334, 0.6250000000000001110 ) ) ;
#2919 = LINE ( 'NONE', #3271, #3610 ) ;
#2920 = ADVANCED_FACE ( 'NONE', ( #3082 ), #994, .F. ) ;
#2921 = CARTESIAN_POINT ( 'NONE',  ( 0.1249999999999982653, 0.03500000000000000333, 1.000000000000000888 ) ) ;
#2922 = ADVANCED_FACE ( 'NONE', ( #2687 ), #635, .T. ) ;
#2923 = LINE ( 'NONE', #543, #2533 ) ;
#2924 = ORIENTED_EDGE ( 'NONE', *, *, #4254, .F. ) ;
#2925 = DIRECTION ( 'NONE',  ( 0.000000000000000000, 0.000000000000000000, 1.000000000000000000 ) ) ;
#2926 = DIRECTION ( 'NONE',  ( 0.000000000000000000, -1.000000000000000000, 0.000000000000000000 ) ) ;
#2927 = EDGE_CURVE ( 'NONE', #3555, #4367, #1994, .T. ) ;
#2928 = LINE ( 'NONE', #234, #1091 ) ;
#2929 = VERTEX_POINT ( 'NONE', #2018 ) ;
#2930 = AXIS2_PLACEMENT_3D ( 'NONE', #3692, #1361, #2373 ) ;
#2931 = VERTEX_POINT ( 'NONE', #1811 ) ;
#2932 = LINE ( 'NONE', #551, #1812 ) ;
#2933 = PRESENTATION_LAYER_ASSIGNMENT (  '', '', ( #3428 ) ) ;
#2934 = DIRECTION ( 'NONE',  ( 0.000000000000000000, -0.000000000000000000, -1.000000000000000000 ) ) ;
#2935 = VECTOR ( 'NONE', #481, 1000.000000000000000 ) ;
#2936 = ORIENTED_EDGE ( 'NONE', *, *, #2737, .F. ) ;
#2937 = LINE ( 'NONE', #1250, #4390 ) ;
#2938 = ORIENTED_EDGE ( 'NONE', *, *, #826, .F. ) ;
#2939 = AXIS2_PLACEMENT_3D ( 'NONE', #1775, #2469, #61 ) ;
#2940 = LINE ( 'NONE', #293, #3025 ) ;
#2941 = CARTESIAN_POINT ( 'NONE',  ( -0.6250000000000003331, 4.174873734152916960, -0.8749999999999997780 ) ) ;
#2942 = DIRECTION ( 'NONE',  ( 1.000000000000000000, 0.000000000000000000, 0.000000000000000000 ) ) ;
#2943 = DIRECTION ( 'NONE',  ( 1.000000000000000000, 0.000000000000000000, -1.734723475976806306E-15 ) ) ;
#2944 = LINE ( 'NONE', #189, #3933 ) ;
#2945 = VECTOR ( 'NONE', #2352, 1000.000000000000000 ) ;
#2946 = AXIS2_PLACEMENT_3D ( 'NONE', #1874, #1231, #3940 ) ;
#2947 = DIRECTION ( 'NONE',  ( 1.000000000000000000, 0.000000000000000000, -0.000000000000000000 ) ) ;
#2948 = AXIS2_PLACEMENT_3D ( 'NONE', #368, #700, #1991 ) ;
#2949 = FACE_OUTER_BOUND ( 'NONE', #4201, .T. ) ;
#2950 = CARTESIAN_POINT ( 'NONE',  ( -1.000000000000000888, 0.000000000000000000, -1.000000000000000888 ) ) ;
#2951 = VERTEX_POINT ( 'NONE', #451 ) ;
#2952 = DIRECTION ( 'NONE',  ( -0.000000000000000000, -1.000000000000000000, -0.000000000000000000 ) ) ;
#2953 = VECTOR ( 'NONE', #4103, 1000.000000000000000 ) ;
#2954 = EDGE_LOOP ( 'NONE', ( #3120, #3490, #2243, #1074 ) ) ;
#2955 = EDGE_CURVE ( 'NONE', #3279, #1, #1060, .T. ) ;
#2956 = EDGE_CURVE ( 'NONE', #2245, #1202, #1098, .T. ) ;
#2957 = ORIENTED_EDGE ( 'NONE', *, *, #2759, .T. ) ;
#2958 = CARTESIAN_POINT ( 'NONE',  ( 0.9250000000000000444, 0.000000000000000000, -0.1250000000000000000 ) ) ;
#2959 = LINE ( 'NONE', #933, #3009 ) ;
#2960 = VERTEX_POINT ( 'NONE', #74 ) ;
#2961 = EDGE_CURVE ( 'NONE', #510, #1272, #1791, .T. ) ;
#2962 = CARTESIAN_POINT ( 'NONE',  ( 0.1249999999999999722, 0.000000000000000000, 0.6250000000000009992 ) ) ;
#2963 = LINE ( 'NONE', #1651, #304 ) ;
#2964 = CLOSED_SHELL ( 'NONE', ( #3340, #3548, #2743, #780, #176, #3764 ) ) ;
#2965 = VERTEX_POINT ( 'NONE', #3762 ) ;
#2966 = DIRECTION ( 'NONE',  ( 0.000000000000000000, -1.000000000000000000, 0.000000000000000000 ) ) ;
#2967 = DIRECTION ( 'NONE',  ( 1.000000000000000000, 0.000000000000000000, -0.000000000000000000 ) ) ;
#2968 = FACE_OUTER_BOUND ( 'NONE', #3779, .T. ) ;
#2969 = LINE ( 'NONE', #733, #22 ) ;
#2970 = LINE ( 'NONE', #868, #461 ) ;
#2971 = LINE ( 'NONE', #2883, #330 ) ;
#2972 = CIRCLE ( 'NONE', #3534, 0.07499999999999998335 ) ;
#2973 = CARTESIAN_POINT ( 'NONE',  ( -0.9250000000000000444, 0.4255124837953336292, 0.000000000000000000 ) ) ;
#2974 = CARTESIAN_POINT ( 'NONE',  ( 0.6250000000000008882, 0.4255124837953336292, 0.000000000000000000 ) ) ;
#2975 = PRESENTATION_LAYER_ASSIGNMENT (  '', '', ( #485 ) ) ;
#2976 = ORIENTED_EDGE ( 'NONE', *, *, #3225, .T. ) ;
#2977 = DIRECTION ( 'NONE',  ( 0.000000000000000000, 0.000000000000000000, 1.000000000000000000 ) ) ;
#2978 = ORIENTED_EDGE ( 'NONE', *, *, #409, .F. ) ;
#2979 = ORIENTED_EDGE ( 'NONE', *, *, #1729, .T. ) ;
#2980 = CARTESIAN_POINT ( 'NONE',  ( 0.6250000000000028866, 0.4255124837953336292, 2.891205793294686511E-15 ) ) ;
#2981 = CARTESIAN_POINT ( 'NONE',  ( 0.1249999999999999722, 0.03500000000000000333, 0.6250000000000009992 ) ) ;
#2982 = ADVANCED_FACE ( 'NONE', ( #1124 ), #3438, .F. ) ;
#2983 = VERTEX_POINT ( 'NONE', #396 ) ;
#2984 = EDGE_CURVE ( 'NONE', #1256, #1440, #1771, .T. ) ;
#2985 = DIRECTION ( 'NONE',  ( -0.000000000000000000, 0.000000000000000000, -1.000000000000000000 ) ) ;
#2986 = DIRECTION ( 'NONE',  ( 4.625929269271476645E-15, 0.000000000000000000, -1.000000000000000000 ) ) ;
#2987 = EDGE_CURVE ( 'NONE', #596, #1820, #58, .T. ) ;
#2988 = ORIENTED_EDGE ( 'NONE', *, *, #3386, .F. ) ;
#2989 = CARTESIAN_POINT ( 'NONE',  ( -0.3750000000000000000, 0.4255124837953336292, -0.9250000000000011546 ) ) ;
#2990 = LINE ( 'NONE', #4, #3360 ) ;
#2991 = DIRECTION ( 'NONE',  ( 0.000000000000000000, -1.000000000000000000, 0.000000000000000000 ) ) ;
#2992 = DIRECTION ( 'NONE',  ( 0.000000000000000000, 0.000000000000000000, -1.000000000000000000 ) ) ;
#2993 = ORIENTED_EDGE ( 'NONE', *, *, #2370, .F. ) ;
#2994 = LINE ( 'NONE', #633, #3518 ) ;
#2995 = CARTESIAN_POINT ( 'NONE',  ( -0.6250000000000009992, 0.03499999999999998251, -0.2750000000000000777 ) ) ;
#2996 = ORIENTED_EDGE ( 'NONE', *, *, #4226, .T. ) ;
#2997 = FACE_OUTER_BOUND ( 'NONE', #4097, .T. ) ;
#2998 = CARTESIAN_POINT ( 'NONE',  ( 0.6249999999999998890, 0.6749999999999998224, 0.8750000000000003331 ) ) ;
#2999 = LINE ( 'NONE', #2713, #3160 ) ;
#3000 = ORIENTED_EDGE ( 'NONE', *, *, #2082, .F. ) ;
#3001 = LINE ( 'NONE', #2220, #2785 ) ;
#3002 = VERTEX_POINT ( 'NONE', #2441 ) ;
#3003 = VECTOR ( 'NONE', #3033, 1000.000000000000000 ) ;
#3004 = EDGE_CURVE ( 'NONE', #3078, #4186, #3101, .T. ) ;
#3005 = VECTOR ( 'NONE', #2299, 1000.000000000000000 ) ;
#3006 = CARTESIAN_POINT ( 'NONE',  ( 0.6999999999999997335, 0.8499999999999999778, -0.6250000000000001110 ) ) ;
#3007 = DIRECTION ( 'NONE',  ( 1.000000000000000000, 0.000000000000000000, 0.000000000000000000 ) ) ;
#3008 = ORIENTED_EDGE ( 'NONE', *, *, #1426, .F. ) ;
#3009 = VECTOR ( 'NONE', #884, 1000.000000000000000 ) ;
#3010 = AXIS2_PLACEMENT_3D ( 'NONE', #3751, #1673, #710 ) ;
#3011 = VECTOR ( 'NONE', #1284, 1000.000000000000000 ) ;
#3012 = ADVANCED_FACE ( 'NONE', ( #782 ), #113, .F. ) ;
#3013 = CARTESIAN_POINT ( 'NONE',  ( -0.8750000000000003331, 4.174873734152916960, -0.6249999999999997780 ) ) ;
#3014 = LINE ( 'NONE', #697, #3634 ) ;
#3015 = DIRECTION ( 'NONE',  ( 1.000000000000000000, 0.000000000000000000, -0.000000000000000000 ) ) ;
#3016 = EDGE_CURVE ( 'NONE', #1084, #3336, #4034, .T. ) ;
#3017 = DIRECTION ( 'NONE',  ( -4.553649124439120201E-15, 0.000000000000000000, 1.000000000000000000 ) ) ;
#3018 = LINE ( 'NONE', #1683, #882 ) ;
#3019 = CARTESIAN_POINT ( 'NONE',  ( 0.6250000000000000000, 0.000000000000000000, -0.6250000000000009992 ) ) ;
#3020 = ORIENTED_EDGE ( 'NONE', *, *, #1481, .T. ) ;
#3021 = DIRECTION ( 'NONE',  ( 0.000000000000000000, -1.000000000000000000, 0.000000000000000000 ) ) ;
#3022 = AXIS2_PLACEMENT_3D ( 'NONE', #3869, #3807, #2122 ) ;
#3023 = ORIENTED_EDGE ( 'NONE', *, *, #640, .F. ) ;
#3024 = LINE ( 'NONE', #4404, #3934 ) ;
#3025 = VECTOR ( 'NONE', #1655, 1000.000000000000000 ) ;
#3026 = CARTESIAN_POINT ( 'NONE',  ( -0.6250000000000000000, 0.4255124837953336292, -0.6250000000000009992 ) ) ;
#3027 = PRODUCT_DEFINITION_CONTEXT ( 'detailed design', #4033, 'design' ) ;
#3028 = ORIENTED_EDGE ( 'NONE', *, *, #505, .T. ) ;
#3029 = VECTOR ( 'NONE', #3823, 1000.000000000000000 ) ;
#3030 = DIRECTION ( 'NONE',  ( 0.000000000000000000, 0.000000000000000000, -1.000000000000000000 ) ) ;
#3031 = DIRECTION ( 'NONE',  ( 0.000000000000000000, 1.000000000000000000, 0.000000000000000000 ) ) ;
#3032 = DIRECTION ( 'NONE',  ( -0.000000000000000000, -1.000000000000000000, -0.000000000000000000 ) ) ;
#3033 = DIRECTION ( 'NONE',  ( 1.000000000000000000, 0.000000000000000000, 0.000000000000000000 ) ) ;
#3034 =( LENGTH_UNIT ( ) NAMED_UNIT ( * ) SI_UNIT ( .MILLI., .METRE. ) );
#3035 = EDGE_CURVE ( 'NONE', #2516, #4004, #2121, .T. ) ;
#3036 = PRESENTATION_LAYER_ASSIGNMENT (  '', '', ( #3597 ) ) ;
#3037 = EDGE_CURVE ( 'NONE', #1561, #339, #2136, .T. ) ;
#3038 = FACE_OUTER_BOUND ( 'NONE', #2909, .T. ) ;
#3039 = DIRECTION ( 'NONE',  ( -1.000000000000000000, 0.000000000000000000, -1.445602896647339163E-16 ) ) ;
#3040 = CARTESIAN_POINT ( 'NONE',  ( 0.000000000000000000, 0.4255124837953336292, -0.9250000000000011546 ) ) ;
#3041 = VERTEX_POINT ( 'NONE', #414 ) ;
#3042 = LINE ( 'NONE', #656, #4296 ) ;
#3043 = EDGE_CURVE ( 'NONE', #103, #2929, #760, .T. ) ;
#3044 = AXIS2_PLACEMENT_3D ( 'NONE', #4038, #2313, #2353 ) ;
#3045 = CARTESIAN_POINT ( 'NONE',  ( -0.6250000000000008882, -0.000000000000000000, -1.084202172485505420E-15 ) ) ;
#3046 = CARTESIAN_POINT ( 'NONE',  ( -0.6249999999999971134, 0.03499999999999998251, -2.891205793294675467E-15 ) ) ;
#3047 = ORIENTED_EDGE ( 'NONE', *, *, #4262, .T. ) ;
#3048 = ORIENTED_EDGE ( 'NONE', *, *, #1732, .T. ) ;
#3049 = VECTOR ( 'NONE', #1897, 1000.000000000000000 ) ;
#3050 = DIRECTION ( 'NONE',  ( 0.000000000000000000, -0.000000000000000000, -1.000000000000000000 ) ) ;
#3051 = DIRECTION ( 'NONE',  ( -2.168404344971009361E-16, 0.000000000000000000, -1.000000000000000000 ) ) ;
#3052 = ORIENTED_EDGE ( 'NONE', *, *, #3187, .T. ) ;
#3053 = DIRECTION ( 'NONE',  ( 1.000000000000000000, 0.000000000000000000, 0.000000000000000000 ) ) ;
#3054 =( NAMED_UNIT ( * ) PLANE_ANGLE_UNIT ( ) SI_UNIT ( $, .RADIAN. ) );
#3055 = ORIENTED_EDGE ( 'NONE', *, *, #21, .T. ) ;
#3056 = ORIENTED_EDGE ( 'NONE', *, *, #1462, .F. ) ;
#3057 =( LENGTH_UNIT ( ) NAMED_UNIT ( * ) SI_UNIT ( .MILLI., .METRE. ) );
#3058 = DIRECTION ( 'NONE',  ( 0.000000000000000000, -1.000000000000000000, 0.000000000000000000 ) ) ;
#3059 = EDGE_CURVE ( 'NONE', #1403, #3613, #2781, .T. ) ;
#3060 = LINE ( 'NONE', #299, #2945 ) ;
#3061 = LINE ( 'NONE', #3326, #3603 ) ;
#3062 = CARTESIAN_POINT ( 'NONE',  ( -0.1250000000000000278, 0.000000000000000000, -0.6250000000000009992 ) ) ;
#3063 = EDGE_CURVE ( 'NONE', #2127, #604, #2157, .T. ) ;
#3064 = EDGE_CURVE ( 'NONE', #1069, #2210, #4181, .T. ) ;
#3065 = LINE ( 'NONE', #2696, #3449 ) ;
#3066 = CARTESIAN_POINT ( 'NONE',  ( 0.9250000000000000444, 0.03499999999999998251, 0.3749999999999983902 ) ) ;
#3067 = PLANE ( 'NONE',  #1106 ) ;
#3068 = CARTESIAN_POINT ( 'NONE',  ( -0.6250000000000003331, 0.6749999999999998224, -0.6999999999999997335 ) ) ;
#3069 = LINE ( 'NONE', #943, #4142 ) ;
#3070 = AXIS2_PLACEMENT_3D ( 'NONE', #2723, #4076, #1030 ) ;
#3071 = PRESENTATION_LAYER_ASSIGNMENT (  '', '', ( #792 ) ) ;
#3072 = ORIENTED_EDGE ( 'NONE', *, *, #4248, .F. ) ;
#3073 = FACE_OUTER_BOUND ( 'NONE', #1784, .T. ) ;
#3074 = AXIS2_PLACEMENT_3D ( 'NONE', #3936, #1524, #3905 ) ;
#3075 = CARTESIAN_POINT ( 'NONE',  ( -0.9250000000000000444, 0.4255124837953336292, 0.1249999999999983763 ) ) ;
#3076 = VECTOR ( 'NONE', #3880, 1000.000000000000000 ) ;
#3077 = VECTOR ( 'NONE', #2367, 1000.000000000000000 ) ;
#3078 = VERTEX_POINT ( 'NONE', #3499 ) ;
#3079 = LINE ( 'NONE', #296, #1605 ) ;
#3080 = DIRECTION ( 'NONE',  ( 4.915049848600948964E-15, 0.000000000000000000, -1.000000000000000000 ) ) ;
#3081 = CARTESIAN_POINT ( 'NONE',  ( -0.7250000000000009770, 0.03500000000000000333, -0.3750000000000000000 ) ) ;
#3082 = FACE_OUTER_BOUND ( 'NONE', #3564, .T. ) ;
#3083 = CARTESIAN_POINT ( 'NONE',  ( 0.6250000000000000000, 0.000000000000000000, 0.6250000000000009992 ) ) ;
#3084 = CARTESIAN_POINT ( 'NONE',  ( -0.6250000000000008882, 0.4255124837953336292, 0.000000000000000000 ) ) ;
#3085 = DIRECTION ( 'NONE',  ( 1.734723475976806503E-15, 0.000000000000000000, -1.000000000000000000 ) ) ;
#3086 = EDGE_CURVE ( 'NONE', #389, #4004, #93, .T. ) ;
#3087 = AXIS2_PLACEMENT_3D ( 'NONE', #3531, #2586, #2566 ) ;
#3088 = AXIS2_PLACEMENT_3D ( 'NONE', #629, #2659, #1297 ) ;
#3089 = ADVANCED_FACE ( 'NONE', ( #1831 ), #1393, .F. ) ;
#3090 = AXIS2_PLACEMENT_3D ( 'NONE', #2502, #1142, #3139 ) ;
#3091 = DIRECTION ( 'NONE',  ( 0.000000000000000000, -0.000000000000000000, 1.000000000000000000 ) ) ;
#3092 = CARTESIAN_POINT ( 'NONE',  ( 0.000000000000000000, 0.8499999999999999778, 0.000000000000000000 ) ) ;
#3093 = EDGE_CURVE ( 'NONE', #2951, #2194, #3539, .T. ) ;
#3094 = VECTOR ( 'NONE', #1281, 1000.000000000000000 ) ;
#3095 = EDGE_LOOP ( 'NONE', ( #1070, #1759, #2893, #1428 ) ) ;
#3096 = CARTESIAN_POINT ( 'NONE',  ( -0.1249999999999999722, 0.000000000000000000, 0.6250000000000009992 ) ) ;
#3097 = DIRECTION ( 'NONE',  ( 0.7071067811865477948, 0.000000000000000000, 0.7071067811865473507 ) ) ;
#3098 = TOROIDAL_SURFACE ( 'NONE', #2939, 0.07499999999999990008, 0.1749999999999999889 ) ;
#3099 = CARTESIAN_POINT ( 'NONE',  ( 0.6250000000000000000, 0.03499999999999998251, 0.000000000000000000 ) ) ;
#3100 = CARTESIAN_POINT ( 'NONE',  ( 0.1249999999999999722, 0.4255124837953336292, -0.9250000000000011546 ) ) ;
#3101 = LINE ( 'NONE', #473, #416 ) ;
#3102 = CARTESIAN_POINT ( 'NONE',  ( 0.6249999999999998890, 0.8499999999999999778, -0.6999999999999998446 ) ) ;
#3103 = AXIS2_PLACEMENT_3D ( 'NONE', #3620, #1986, #1559 ) ;
#3104 = ORIENTED_EDGE ( 'NONE', *, *, #2717, .F. ) ;
#3105 = CARTESIAN_POINT ( 'NONE',  ( 0.6249999999999982236, 0.000000000000000000, 1.000000000000001776 ) ) ;
#3106 = CARTESIAN_POINT ( 'NONE',  ( -1.000000000000001110, 0.000000000000000000, 0.1249999999999982653 ) ) ;
#3107 = CARTESIAN_POINT ( 'NONE',  ( 1.000000000000001554, 0.03500000000000000333, 0.3749999999999982792 ) ) ;
#3108 = EDGE_CURVE ( 'NONE', #312, #3556, #3199, .T. ) ;
#3109 = ORIENTED_EDGE ( 'NONE', *, *, #2692, .T. ) ;
#3110 = EDGE_CURVE ( 'NONE', #2823, #4291, #2919, .T. ) ;
#3111 = VERTEX_POINT ( 'NONE', #1499 ) ;
#3112 = LINE ( 'NONE', #1475, #1368 ) ;
#3113 = DIRECTION ( 'NONE',  ( 2.891205793294679312E-16, 0.000000000000000000, 1.000000000000000000 ) ) ;
#3114 = ADVANCED_FACE ( 'NONE', ( #2231 ), #3227, .T. ) ;
#3115 = ORIENTED_EDGE ( 'NONE', *, *, #3546, .T. ) ;
#3116 = DIRECTION ( 'NONE',  ( 0.000000000000000000, -1.000000000000000000, 0.000000000000000000 ) ) ;
#3117 = CARTESIAN_POINT ( 'NONE',  ( -0.6250000000000003331, 0.6749999999999998224, -0.6249999999999997780 ) ) ;
#3118 = PLANE ( 'NONE',  #3090 ) ;
#3119 = ORIENTED_EDGE ( 'NONE', *, *, #2493, .F. ) ;
#3120 = ORIENTED_EDGE ( 'NONE', *, *, #1984, .F. ) ;
#3121 = CARTESIAN_POINT ( 'NONE',  ( -0.6250000000000008882, 0.03499999999999998251, 0.000000000000000000 ) ) ;
#3122 = CARTESIAN_POINT ( 'NONE',  ( 0.000000000000000000, 0.03500000000000000333, 0.000000000000000000 ) ) ;
#3123 = EDGE_LOOP ( 'NONE', ( #2887, #2976, #3245, #1649 ) ) ;
#3124 = DIRECTION ( 'NONE',  ( 1.000000000000000000, 0.000000000000000000, 0.000000000000000000 ) ) ;
#3125 = DIRECTION ( 'NONE',  ( 0.000000000000000000, 0.000000000000000000, 1.000000000000000000 ) ) ;
#3126 = ORIENTED_EDGE ( 'NONE', *, *, #479, .T. ) ;
#3127 = EDGE_CURVE ( 'NONE', #858, #2912, #2258, .T. ) ;
#3128 = ORIENTED_EDGE ( 'NONE', *, *, #476, .T. ) ;
#3129 = DIRECTION ( 'NONE',  ( 0.000000000000000000, 0.000000000000000000, 1.000000000000000000 ) ) ;
#3130 = CARTESIAN_POINT ( 'NONE',  ( 0.6249999999999998890, 4.174873734152916960, -0.6250000000000000000 ) ) ;
#3131 = ADVANCED_FACE ( 'NONE', ( #1873 ), #3963, .F. ) ;
#3132 = VERTEX_POINT ( 'NONE', #1229 ) ;
#3133 = EDGE_CURVE ( 'NONE', #2591, #1921, #1184, .T. ) ;
#3134 = ADVANCED_FACE ( 'NONE', ( #3888 ), #1564, .T. ) ;
#3135 =( GEOMETRIC_REPRESENTATION_CONTEXT ( 3 ) GLOBAL_UNCERTAINTY_ASSIGNED_CONTEXT ( ( #2273 ) ) GLOBAL_UNIT_ASSIGNED_CONTEXT ( ( #3454, #3054, #1031 ) ) REPRESENTATION_CONTEXT ( 'NONE', 'WORKASPACE' ) );
#3136 = CARTESIAN_POINT ( 'NONE',  ( -0.8750000000000003331, 0.6749999999999998224, -0.6249999999999997780 ) ) ;
#3137 = EDGE_CURVE ( 'NONE', #4263, #1493, #3906, .T. ) ;
#3138 = DIRECTION ( 'NONE',  ( -2.891205793294679312E-16, 0.000000000000000000, -1.000000000000000000 ) ) ;
#3139 = DIRECTION ( 'NONE',  ( 2.168404344971009361E-16, 0.000000000000000000, 1.000000000000000000 ) ) ;
#3140 = AXIS2_PLACEMENT_3D ( 'NONE', #3856, #3509, #2568 ) ;
#3141 = ADVANCED_FACE ( 'NONE', ( #1166 ), #866, .F. ) ;
#3142 = CIRCLE ( 'NONE', #3783, 0.05000000000000002359 ) ;
#3143 = CARTESIAN_POINT ( 'NONE',  ( -0.6250000000000003331, 0.2500000000000000000, -0.9249999999999998224 ) ) ;
#3144 = CARTESIAN_POINT ( 'NONE',  ( 0.9249999999999999334, 0.2500000000000000000, 0.6250000000000001110 ) ) ;
#3145 = ORIENTED_EDGE ( 'NONE', *, *, #2875, .F. ) ;
#3146 = LINE ( 'NONE', #1505, #2658 ) ;
#3147 = PLANE ( 'NONE',  #2182 ) ;
#3148 = CARTESIAN_POINT ( 'NONE',  ( -0.8750000000000002220, 0.2999999999999999334, 0.6250000000000001110 ) ) ;
#3149 = PRESENTATION_STYLE_ASSIGNMENT (( #3190 ) ) ;
#3150 = ORIENTED_EDGE ( 'NONE', *, *, #2089, .T. ) ;
#3151 = AXIS2_PLACEMENT_3D ( 'NONE', #2328, #3363, #4029 ) ;
#3152 = VECTOR ( 'NONE', #2600, 1000.000000000000000 ) ;
#3153 = AXIS2_PLACEMENT_3D ( 'NONE', #3715, #2992, #326 ) ;
#3154 = AXIS2_PLACEMENT_3D ( 'NONE', #4175, #1131, #788 ) ;
#3155 = VERTEX_POINT ( 'NONE', #844 ) ;
#3156 = DIRECTION ( 'NONE',  ( 0.000000000000000000, -1.000000000000000000, 0.000000000000000000 ) ) ;
#3157 = CARTESIAN_POINT ( 'NONE',  ( 1.000000000000001110, 0.000000000000000000, 0.1249999999999982653 ) ) ;
#3158 = AXIS2_PLACEMENT_3D ( 'NONE', #2504, #3541, #4208 ) ;
#3159 = EDGE_LOOP ( 'NONE', ( #2041, #2777, #2778, #1818 ) ) ;
#3160 = VECTOR ( 'NONE', #4383, 1000.000000000000000 ) ;
#3161 = VECTOR ( 'NONE', #3277, 1000.000000000000000 ) ;
#3162 = CARTESIAN_POINT ( 'NONE',  ( 0.6250000000000000000, 0.03500000000000000333, 0.6250000000000009992 ) ) ;
#3163 = DIRECTION ( 'NONE',  ( 0.000000000000000000, -1.000000000000000000, 0.000000000000000000 ) ) ;
#3164 = CARTESIAN_POINT ( 'NONE',  ( -0.6250000000000003331, 0.6749999999999999334, 0.6999999999999999556 ) ) ;
#3165 = EDGE_CURVE ( 'NONE', #3618, #3078, #567, .T. ) ;
#3166 = LINE ( 'NONE', #2718, #889 ) ;
#3167 = PLANE ( 'NONE',  #40 ) ;
#3168 = ADVANCED_FACE ( 'NONE', ( #3558 ), #3251, .T. ) ;
#3169 = DIRECTION ( 'NONE',  ( 1.000000000000000000, 0.000000000000000000, -0.000000000000000000 ) ) ;
#3170 = ORIENTED_EDGE ( 'NONE', *, *, #95, .F. ) ;
#3171 = CARTESIAN_POINT ( 'NONE',  ( 0.2399999999999991029, 0.8249999999999998446, 0.2399999999999991029 ) ) ;
#3172 = DIRECTION ( 'NONE',  ( -1.000000000000000000, -0.000000000000000000, -1.445602896647339163E-16 ) ) ;
#3173 = VECTOR ( 'NONE', #3720, 1000.000000000000000 ) ;
#3174 = ORIENTED_EDGE ( 'NONE', *, *, #2213, .F. ) ;
#3175 = CARTESIAN_POINT ( 'NONE',  ( 0.6250000000000000000, 0.4255124837953336292, 0.6250000000000009992 ) ) ;
#3176 = CYLINDRICAL_SURFACE ( 'NONE', #440, 0.2499999999999998890 ) ;
#3177 = CARTESIAN_POINT ( 'NONE',  ( -0.1250000000000000278, 0.03500000000000000333, -0.6250000000000009992 ) ) ;
#3178 = DIRECTION ( 'NONE',  ( 0.000000000000000000, 0.000000000000000000, -1.000000000000000000 ) ) ;
#3179 = DIRECTION ( 'NONE',  ( -1.734723475976806306E-15, -0.000000000000000000, -1.000000000000000000 ) ) ;
#3180 = EDGE_CURVE ( 'NONE', #3220, #2591, #1546, .T. ) ;
#3181 = FACE_OUTER_BOUND ( 'NONE', #2189, .T. ) ;
#3182 = VERTEX_POINT ( 'NONE', #1917 ) ;
#3183 = CARTESIAN_POINT ( 'NONE',  ( 1.000000000000000888, 0.000000000000000000, 0.9999999999999991118 ) ) ;
#3184 = ADVANCED_FACE ( 'NONE', ( #137 ), #226, .F. ) ;
#3185 = VERTEX_POINT ( 'NONE', #922 ) ;
#3186 = DIRECTION ( 'NONE',  ( -1.000000000000000000, 0.000000000000000000, -0.000000000000000000 ) ) ;
#3187 = EDGE_CURVE ( 'NONE', #3613, #3220, #2284, .T. ) ;
#3188 = FACE_OUTER_BOUND ( 'NONE', #4322, .T. ) ;
#3189 = EDGE_CURVE ( 'NONE', #2549, #936, #159, .T. ) ;
#3190 = SURFACE_STYLE_USAGE ( .BOTH. , #773 ) ;
#3191 = ORIENTED_EDGE ( 'NONE', *, *, #1980, .F. ) ;
#3192 = VERTEX_POINT ( 'NONE', #3753 ) ;
#3193 = VERTEX_POINT ( 'NONE', #1969 ) ;
#3194 = DIRECTION ( 'NONE',  ( -1.000000000000000000, 0.000000000000000000, 0.000000000000000000 ) ) ;
#3195 = DIRECTION ( 'NONE',  ( -0.000000000000000000, -1.000000000000000000, -0.000000000000000000 ) ) ;
#3196 = ADVANCED_FACE ( 'NONE', ( #2 ), #1279, .F. ) ;
#3197 = ORIENTED_EDGE ( 'NONE', *, *, #2956, .F. ) ;
#3198 = FACE_OUTER_BOUND ( 'NONE', #1062, .T. ) ;
#3199 = LINE ( 'NONE', #2552, #699 ) ;
#3200 = CARTESIAN_POINT ( 'NONE',  ( 0.6249999999999998890, 0.2999999999999999334, -0.6250000000000000000 ) ) ;
#3201 = VECTOR ( 'NONE', #2821, 1000.000000000000000 ) ;
#3202 = ORIENTED_EDGE ( 'NONE', *, *, #2159, .F. ) ;
#3203 = DIRECTION ( 'NONE',  ( 0.000000000000000000, -1.000000000000000000, 0.000000000000000000 ) ) ;
#3204 = EDGE_LOOP ( 'NONE', ( #4213, #3883, #3578, #2613 ) ) ;
#3205 = VERTEX_POINT ( 'NONE', #1048 ) ;
#3206 = CARTESIAN_POINT ( 'NONE',  ( -0.6250000000000003331, 0.2999999999999999334, 0.9250000000000000444 ) ) ;
#3207 = VECTOR ( 'NONE', #3053, 1000.000000000000000 ) ;
#3208 = VECTOR ( 'NONE', #2247, 1000.000000000000000 ) ;
#3209 = CARTESIAN_POINT ( 'NONE',  ( 1.000000000000001110, 0.03500000000000000333, 0.1249999999999982653 ) ) ;
#3210 = ORIENTED_EDGE ( 'NONE', *, *, #3273, .F. ) ;
#3211 = VECTOR ( 'NONE', #1776, 1000.000000000000000 ) ;
#3212 = ORIENTED_EDGE ( 'NONE', *, *, #1457, .F. ) ;
#3213 = CARTESIAN_POINT ( 'NONE',  ( -0.6250000000000008882, 0.000000000000000000, -0.1249999999999999445 ) ) ;
#3214 = ORIENTED_EDGE ( 'NONE', *, *, #2927, .T. ) ;
#3215 = VERTEX_POINT ( 'NONE', #1738 ) ;
#3216 = EDGE_LOOP ( 'NONE', ( #1029, #4341, #1740, #2543 ) ) ;
#3217 = MANIFOLD_SOLID_BREP ( 'Pin[3]', #257 ) ;
#3218 = EDGE_CURVE ( 'NONE', #2912, #281, #3426, .T. ) ;
#3219 = ORIENTED_EDGE ( 'NONE', *, *, #618, .F. ) ;
#3220 = VERTEX_POINT ( 'NONE', #65 ) ;
#3221 = PLANE ( 'NONE',  #3873 ) ;
#3222 = DIRECTION ( 'NONE',  ( 0.000000000000000000, 0.000000000000000000, 1.000000000000000000 ) ) ;
#3223 = AXIS2_PLACEMENT_3D ( 'NONE', #4281, #926, #3893 ) ;
#3224 = ORIENTED_EDGE ( 'NONE', *, *, #409, .T. ) ;
#3225 = EDGE_CURVE ( 'NONE', #3958, #3338, #363, .T. ) ;
#3226 = DIRECTION ( 'NONE',  ( 0.000000000000000000, 0.000000000000000000, 1.000000000000000000 ) ) ;
#3227 = CYLINDRICAL_SURFACE ( 'NONE', #834, 0.2999999999999999334 ) ;
#3228 = LINE ( 'NONE', #3559, #1035 ) ;
#3229 = AXIS2_PLACEMENT_3D ( 'NONE', #3395, #3058, #354 ) ;
#3230 = PLANE ( 'NONE',  #3587 ) ;
#3231 = ORIENTED_EDGE ( 'NONE', *, *, #2810, .F. ) ;
#3232 = LINE ( 'NONE', #4257, #460 ) ;
#3233 = DIRECTION ( 'NONE',  ( -0.000000000000000000, -0.000000000000000000, 1.000000000000000000 ) ) ;
#3234 = ORIENTED_EDGE ( 'NONE', *, *, #3702, .F. ) ;
#3235 = CARTESIAN_POINT ( 'NONE',  ( -1.000000000000000888, 0.000000000000000000, 0.9999999999999991118 ) ) ;
#3236 = VERTEX_POINT ( 'NONE', #1762 ) ;
#3237 = EDGE_LOOP ( 'NONE', ( #4239, #525, #3666, #3569 ) ) ;
#3238 = ORIENTED_EDGE ( 'NONE', *, *, #2808, .T. ) ;
#3239 = ORIENTED_EDGE ( 'NONE', *, *, #67, .F. ) ;
#3240 = CARTESIAN_POINT ( 'NONE',  ( -0.6250000000000000000, 0.03499999999999998251, 0.6250000000000009992 ) ) ;
#3241 = FACE_OUTER_BOUND ( 'NONE', #3402, .T. ) ;
#3242 = ORIENTED_EDGE ( 'NONE', *, *, #46, .T. ) ;
#3243 = VERTEX_POINT ( 'NONE', #273 ) ;
#3244 = FACE_OUTER_BOUND ( 'NONE', #4054, .T. ) ;
#3245 = ORIENTED_EDGE ( 'NONE', *, *, #2399, .T. ) ;
#3246 = ADVANCED_FACE ( 'NONE', ( #2757, #1713, #1358 ), #1068, .T. ) ;
#3247 = EDGE_CURVE ( 'NONE', #2699, #2322, #88, .T. ) ;
#3248 = AXIS2_PLACEMENT_3D ( 'NONE', #872, #3562, #524 ) ;
#3249 = DIRECTION ( 'NONE',  ( -0.000000000000000000, 1.000000000000000000, -0.000000000000000000 ) ) ;
#3250 = PLANE ( 'NONE',  #438 ) ;
#3251 = PLANE ( 'NONE',  #2269 ) ;
#3252 = CARTESIAN_POINT ( 'NONE',  ( -0.9250000000000002665, 0.2500000000000000000, -0.6249999999999997780 ) ) ;
#3253 = DIRECTION ( 'NONE',  ( -0.7071067811865473507, 0.000000000000000000, 0.7071067811865477948 ) ) ;
#3254 = ORIENTED_EDGE ( 'NONE', *, *, #4147, .T. ) ;
#3255 = DIRECTION ( 'NONE',  ( -1.000000000000000000, 0.000000000000000000, 1.445602896647339163E-16 ) ) ;
#3256 = DIRECTION ( 'NONE',  ( 0.000000000000000000, 0.000000000000000000, -1.000000000000000000 ) ) ;
#3257 = ORIENTED_EDGE ( 'NONE', *, *, #2254, .T. ) ;
#3258 = EDGE_LOOP ( 'NONE', ( #4098, #1155, #4053, #3429 ) ) ;
#3259 = DIRECTION ( 'NONE',  ( 1.000000000000000000, 0.000000000000000000, -0.000000000000000000 ) ) ;
#3260 = ORIENTED_EDGE ( 'NONE', *, *, #146, .F. ) ;
#3261 = EDGE_LOOP ( 'NONE', ( #2517, #555, #572, #3874 ) ) ;
#3262 = CARTESIAN_POINT ( 'NONE',  ( 0.000000000000000000, 0.000000000000000000, 0.6250000000000009992 ) ) ;
#3263 = CYLINDRICAL_SURFACE ( 'NONE', #4357, 0.1750000000000000167 ) ;
#3264 = ORIENTED_EDGE ( 'NONE', *, *, #4316, .T. ) ;
#3265 = CARTESIAN_POINT ( 'NONE',  ( 1.000000000000001110, 0.03500000000000000333, 0.1249999999999982653 ) ) ;
#3266 = DIRECTION ( 'NONE',  ( 0.000000000000000000, -1.000000000000000000, 0.000000000000000000 ) ) ;
#3267 = ORIENTED_EDGE ( 'NONE', *, *, #2310, .T. ) ;
#3268 = CARTESIAN_POINT ( 'NONE',  ( 0.1249999999999986261, 0.000000000000000000, 0.9250000000000009326 ) ) ;
#3269 = CYLINDRICAL_SURFACE ( 'NONE', #3995, 0.1000000000000001027 ) ;
#3270 = CARTESIAN_POINT ( 'NONE',  ( 0.000000000000000000, 0.000000000000000000, 0.9250000000000009326 ) ) ;
#3271 = CARTESIAN_POINT ( 'NONE',  ( 0.3750000000000000000, 0.4255124837953336292, 0.6250000000000009992 ) ) ;
#3272 = CARTESIAN_POINT ( 'NONE',  ( 0.2399999999999991029, 0.8249999999999998446, 0.2399999999999991029 ) ) ;
#3273 = EDGE_CURVE ( 'NONE', #1388, #3619, #3069, .T. ) ;
#3274 = EDGE_CURVE ( 'NONE', #651, #1646, #2224, .T. ) ;
#3275 = CARTESIAN_POINT ( 'NONE',  ( -0.6250000000000000000, 0.000000000000000000, -0.6250000000000009992 ) ) ;
#3276 = ORIENTED_EDGE ( 'NONE', *, *, #4287, .F. ) ;
#3277 = DIRECTION ( 'NONE',  ( 8.673617379884034239E-17, -0.000000000000000000, 1.000000000000000000 ) ) ;
#3278 = DIRECTION ( 'NONE',  ( -0.000000000000000000, -1.000000000000000000, -0.000000000000000000 ) ) ;
#3279 = VERTEX_POINT ( 'NONE', #3649 ) ;
#3280 = DIRECTION ( 'NONE',  ( 0.000000000000000000, 1.000000000000000000, 0.000000000000000000 ) ) ;
#3281 = EDGE_CURVE ( 'NONE', #2727, #4023, #2969, .T. ) ;
#3282 = ORIENTED_EDGE ( 'NONE', *, *, #3607, .T. ) ;
#3283 = VECTOR ( 'NONE', #4406, 1000.000000000000000 ) ;
#3284 = AXIS2_PLACEMENT_3D ( 'NONE', #1805, #443, #1094 ) ;
#3285 = PRESENTATION_LAYER_ASSIGNMENT (  '', '', ( #2087 ) ) ;
#3286 = ORIENTED_EDGE ( 'NONE', *, *, #1575, .F. ) ;
#3287 = DIRECTION ( 'NONE',  ( -1.000000000000000000, 0.000000000000000000, 0.000000000000000000 ) ) ;
#3288 = MECHANICAL_DESIGN_GEOMETRIC_PRESENTATION_REPRESENTATION (  '', ( #792 ), #23 ) ;
#3289 = LINE ( 'NONE', #2911, #3565 ) ;
#3290 = ORIENTED_EDGE ( 'NONE', *, *, #4093, .F. ) ;
#3291 = MANIFOLD_SOLID_BREP ( 'Internal', #4026 ) ;
#3292 = AXIS2_PLACEMENT_3D ( 'NONE', #3577, #3642, #2986 ) ;
#3293 = CYLINDRICAL_SURFACE ( 'NONE', #1263, 0.05000000000000002359 ) ;
#3294 = FACE_OUTER_BOUND ( 'NONE', #2864, .T. ) ;
#3295 = VECTOR ( 'NONE', #804, 1000.000000000000000 ) ;
#3296 = CARTESIAN_POINT ( 'NONE',  ( -0.1250000000000018319, 0.03500000000000000333, 1.000000000000000444 ) ) ;
#3297 = DIRECTION ( 'NONE',  ( 1.000000000000000000, -0.000000000000000000, -0.000000000000000000 ) ) ;
#3298 = CARTESIAN_POINT ( 'NONE',  ( 0.9249999999999998224, 0.2500000000000000000, -0.6250000000000000000 ) ) ;
#3299 = SURFACE_STYLE_FILL_AREA ( #753 ) ;
#3300 = DIRECTION ( 'NONE',  ( -0.000000000000000000, -1.000000000000000000, -0.000000000000000000 ) ) ;
#3301 = AXIS2_PLACEMENT_3D ( 'NONE', #3321, #1852, #4168 ) ;
#3302 = CIRCLE ( 'NONE', #4375, 0.3000000000000000444 ) ;
#3303 = CARTESIAN_POINT ( 'NONE',  ( 0.6250000000000000000, 0.000000000000000000, -0.9250000000000011546 ) ) ;
#3304 = EDGE_CURVE ( 'NONE', #961, #2514, #467, .T. ) ;
#3305 = AXIS2_PLACEMENT_3D ( 'NONE', #1090, #466, #1822 ) ;
#3306 = SURFACE_STYLE_USAGE ( .BOTH. , #332 ) ;
#3307 = FACE_OUTER_BOUND ( 'NONE', #1793, .T. ) ;
#3308 = DIRECTION ( 'NONE',  ( 0.000000000000000000, 0.000000000000000000, 1.000000000000000000 ) ) ;
#3309 = AXIS2_PLACEMENT_3D ( 'NONE', #973, #2728, #3080 ) ;
#3310 = ORIENTED_EDGE ( 'NONE', *, *, #117, .F. ) ;
#3311 = ADVANCED_FACE ( 'NONE', ( #3450 ), #2818, .T. ) ;
#3312 = ORIENTED_EDGE ( 'NONE', *, *, #1156, .T. ) ;
#3313 = EDGE_CURVE ( 'NONE', #2503, #2228, #1492, .T. ) ;
#3314 = FACE_OUTER_BOUND ( 'NONE', #2632, .T. ) ;
#3315 = CARTESIAN_POINT ( 'NONE',  ( -0.6250000000000008882, 0.4255124837953336292, -0.1249999999999999445 ) ) ;
#3316 = ORIENTED_EDGE ( 'NONE', *, *, #3602, .F. ) ;
#3317 = PLANE ( 'NONE',  #3103 ) ;
#3318 = CARTESIAN_POINT ( 'NONE',  ( -0.6250000000000008882, 0.4255124837953336292, -0.2750000000000000777 ) ) ;
#3319 = EDGE_LOOP ( 'NONE', ( #60, #2565, #1219, #4102 ) ) ;
#3320 = ORIENTED_EDGE ( 'NONE', *, *, #3977, .T. ) ;
#3321 = CARTESIAN_POINT ( 'NONE',  ( 0.000000000000000000, 0.1499999999999999944, 0.000000000000000000 ) ) ;
#3322 = DIRECTION ( 'NONE',  ( 0.000000000000000000, -0.000000000000000000, -1.000000000000000000 ) ) ;
#3323 = FILL_AREA_STYLE_COLOUR ( '', #152 ) ;
#3324 = DIRECTION ( 'NONE',  ( -0.000000000000000000, -1.000000000000000000, -0.000000000000000000 ) ) ;
#3325 = DIRECTION ( 'NONE',  ( -0.000000000000000000, -1.000000000000000000, -0.000000000000000000 ) ) ;
#3326 = CARTESIAN_POINT ( 'NONE',  ( 0.000000000000000000, 0.03499999999999998251, -0.6250000000000009992 ) ) ;
#3327 = MANIFOLD_SOLID_BREP ( 'Pin[8]', #2255 ) ;
#3328 = ORIENTED_EDGE ( 'NONE', *, *, #3273, .T. ) ;
#3329 = CARTESIAN_POINT ( 'NONE',  ( 0.000000000000000000, 0.4255124837953336292, 0.9250000000000009326 ) ) ;
#3330 = EDGE_CURVE ( 'NONE', #323, #765, #1823, .T. ) ;
#3331 = EDGE_CURVE ( 'NONE', #201, #842, #2541, .T. ) ;
#3332 = ORIENTED_EDGE ( 'NONE', *, *, #1462, .T. ) ;
#3333 = CARTESIAN_POINT ( 'NONE',  ( -0.6250000000000003331, 0.2500000000000000000, 0.9250000000000000444 ) ) ;
#3334 = EDGE_LOOP ( 'NONE', ( #2892, #1530, #2132, #153 ) ) ;
#3335 = DIRECTION ( 'NONE',  ( 1.000000000000000000, 0.000000000000000000, -8.673617379884034239E-17 ) ) ;
#3336 = VERTEX_POINT ( 'NONE', #2193 ) ;
#3337 = EDGE_CURVE ( 'NONE', #3517, #1557, #148, .T. ) ;
#3338 = VERTEX_POINT ( 'NONE', #2148 ) ;
#3339 = ADVANCED_FACE ( 'NONE', ( #1841 ), #1472, .F. ) ;
#3340 = ADVANCED_FACE ( 'NONE', ( #1152 ), #1512, .F. ) ;
#3341 = CARTESIAN_POINT ( 'NONE',  ( -0.6250000000000003331, 0.2500000000000000000, -0.9249999999999998224 ) ) ;
#3342 = LINE ( 'NONE', #3979, #2144 ) ;
#3343 = ORIENTED_EDGE ( 'NONE', *, *, #4040, .T. ) ;
#3344 = CARTESIAN_POINT ( 'NONE',  ( 0.8749999999999998890, 0.2999999999999999334, 0.6250000000000002220 ) ) ;
#3345 = CARTESIAN_POINT ( 'NONE',  ( 0.000000000000000000, 0.03500000000000000333, 0.000000000000000000 ) ) ;
#3346 = CARTESIAN_POINT ( 'NONE',  ( 0.9250000000000000444, 0.000000000000000000, 0.000000000000000000 ) ) ;
#3347 = PLANE ( 'NONE',  #3229 ) ;
#3348 = CARTESIAN_POINT ( 'NONE',  ( -1.000000000000000888, 0.1499999999999999944, 0.9999999999999991118 ) ) ;
#3349 = CARTESIAN_POINT ( 'NONE',  ( 0.6250000000000008882, 0.03500000000000000333, -0.1249999999999999445 ) ) ;
#3350 = FACE_OUTER_BOUND ( 'NONE', #514, .T. ) ;
#3351 = ORIENTED_EDGE ( 'NONE', *, *, #1758, .T. ) ;
#3352 = LINE ( 'NONE', #41, #1318 ) ;
#3353 = CARTESIAN_POINT ( 'NONE',  ( 0.1250000000000001110, 0.000000000000000000, -1.000000000000000888 ) ) ;
#3354 = ORIENTED_EDGE ( 'NONE', *, *, #3574, .F. ) ;
#3355 = ORIENTED_EDGE ( 'NONE', *, *, #1756, .T. ) ;
#3356 = STYLED_ITEM ( 'NONE', ( #991 ), #1728 ) ;
#3357 = SURFACE_SIDE_STYLE ('',( #314 ) ) ;
#3358 = CARTESIAN_POINT ( 'NONE',  ( -1.000000000000000888, 0.000000000000000000, -1.000000000000000888 ) ) ;
#3359 = EDGE_CURVE ( 'NONE', #1403, #2591, #1781, .T. ) ;
#3360 = VECTOR ( 'NONE', #967, 1000.000000000000000 ) ;
#3361 = VECTOR ( 'NONE', #2397, 1000.000000000000000 ) ;
#3362 = VECTOR ( 'NONE', #2386, 1000.000000000000000 ) ;
#3363 = DIRECTION ( 'NONE',  ( 1.000000000000000000, 0.000000000000000000, 4.625929269271501888E-15 ) ) ;
#3364 = CARTESIAN_POINT ( 'NONE',  ( -0.9250000000000000444, 0.03499999999999998251, -0.1250000000000000000 ) ) ;
#3365 = ADVANCED_FACE ( 'NONE', ( #1981 ), #3263, .T. ) ;
#3366 = ORIENTED_EDGE ( 'NONE', *, *, #2612, .T. ) ;
#3367 = PRESENTATION_STYLE_ASSIGNMENT (( #1303 ) ) ;
#3368 = VECTOR ( 'NONE', #2091, 1000.000000000000000 ) ;
#3369 = ORIENTED_EDGE ( 'NONE', *, *, #3955, .T. ) ;
#3370 = CARTESIAN_POINT ( 'NONE',  ( 0.3749999999999998890, 0.4255124837953336292, -0.9250000000000011546 ) ) ;
#3371 = PLANE ( 'NONE',  #2233 ) ;
#3372 = ORIENTED_EDGE ( 'NONE', *, *, #4278, .T. ) ;
#3373 = DIRECTION ( 'NONE',  ( 1.000000000000000000, 0.000000000000000000, -0.000000000000000000 ) ) ;
#3374 = DIRECTION ( 'NONE',  ( 0.000000000000000000, 1.000000000000000000, 0.000000000000000000 ) ) ;
#3375 = VECTOR ( 'NONE', #2334, 1000.000000000000000 ) ;
#3376 = PRESENTATION_LAYER_ASSIGNMENT (  '', '', ( #2236 ) ) ;
#3377 = VECTOR ( 'NONE', #2867, 1000.000000000000000 ) ;
#3378 = PLANE ( 'NONE',  #1609 ) ;
#3379 = AXIS2_PLACEMENT_3D ( 'NONE', #2627, #2311, #592 ) ;
#3380 = LINE ( 'NONE', #4021, #2865 ) ;
#3381 = ORIENTED_EDGE ( 'NONE', *, *, #3787, .T. ) ;
#3382 = CIRCLE ( 'NONE', #106, 0.3000000000000000444 ) ;
#3383 = DIRECTION ( 'NONE',  ( 0.000000000000000000, 0.000000000000000000, 1.000000000000000000 ) ) ;
#3384 = CARTESIAN_POINT ( 'NONE',  ( 0.6249999999999997780, 0.2999999999999999334, 0.6250000000000002220 ) ) ;
#3385 = ORIENTED_EDGE ( 'NONE', *, *, #1183, .T. ) ;
#3386 = EDGE_CURVE ( 'NONE', #2322, #2699, #3778, .T. ) ;
#3387 = ORIENTED_EDGE ( 'NONE', *, *, #2447, .T. ) ;
#3388 = CARTESIAN_POINT ( 'NONE',  ( -0.6250000000000001110, 0.000000000000000000, -1.000000000000000888 ) ) ;
#3389 = CARTESIAN_POINT ( 'NONE',  ( -0.6250000000000003331, 0.8499999999999999778, -0.6999999999999997335 ) ) ;
#3390 = EDGE_CURVE ( 'NONE', #2336, #1093, #2959, .T. ) ;
#3391 = ORIENTED_EDGE ( 'NONE', *, *, #2423, .T. ) ;
#3392 = ADVANCED_FACE ( 'NONE', ( #3974 ), #1287, .T. ) ;
#3393 = CLOSED_SHELL ( 'NONE', ( #1238, #2185, #3114, #2094, #1331, #2527, #1130, #698, #2442, #1024, #329, #404, #1518, #255, #1654, #1814, #4372, #3866, #2250, #3246, #3833, #318, #3141, #1423, #4247, #1243, #206, #920, #1946, #1427, #3365, #746, #2555, #2214, #1705, #3921, #4095, #1021, #4200, #51 ) ) ;
#3394 = ORIENTED_EDGE ( 'NONE', *, *, #2763, .T. ) ;
#3395 = CARTESIAN_POINT ( 'NONE',  ( 0.000000000000000000, 0.03500000000000000333, 0.000000000000000000 ) ) ;
#3396 = DIRECTION ( 'NONE',  ( -1.000000000000000000, 0.000000000000000000, -0.000000000000000000 ) ) ;
#3397 = CARTESIAN_POINT ( 'NONE',  ( 0.000000000000000000, 0.000000000000000000, -0.6250000000000009992 ) ) ;
#3398 = DIRECTION ( 'NONE',  ( -1.445602896647339114E-15, 0.000000000000000000, 1.000000000000000000 ) ) ;
#3399 = CARTESIAN_POINT ( 'NONE',  ( 0.6249999999999997780, 0.2500000000000000000, 0.6250000000000002220 ) ) ;
#3400 = PLANE ( 'NONE',  #2856 ) ;
#3401 = VERTEX_POINT ( 'NONE', #219 ) ;
#3402 = EDGE_LOOP ( 'NONE', ( #3639, #170, #880, #44, #4032, #1194, #790, #3174, #4135, #3740, #3594, #4090, #3462, #1983, #1782, #3473, #1003, #2142, #3752, #3736, #1214, #3316, #3917, #3170, #1266, #1288, #3553, #3286, #3408, #1521, #1666, #2022, #3698, #3471, #1911, #1486, #3464, #2153, #2577, #1439, #3535, #3877, #125, #4386, #345 ) ) ;
#3403 = EDGE_LOOP ( 'NONE', ( #2734, #4196, #1931, #3145 ) ) ;
#3404 = CARTESIAN_POINT ( 'NONE',  ( -0.6250000000000011102, 0.000000000000000000, 0.1249999999999988065 ) ) ;
#3405 = CARTESIAN_POINT ( 'NONE',  ( 0.000000000000000000, -0.000000000000000000, -0.3750000000000000000 ) ) ;
#3406 = DIRECTION ( 'NONE',  ( 0.000000000000000000, 0.000000000000000000, -1.000000000000000000 ) ) ;
#3407 = ORIENTED_EDGE ( 'NONE', *, *, #3496, .T. ) ;
#3408 = ORIENTED_EDGE ( 'NONE', *, *, #227, .F. ) ;
#3409 = ORIENTED_EDGE ( 'NONE', *, *, #1763, .T. ) ;
#3410 = ORIENTED_EDGE ( 'NONE', *, *, #879, .T. ) ;
#3411 = CARTESIAN_POINT ( 'NONE',  ( 0.6249999999999997780, 0.2500000000000000000, 0.6250000000000002220 ) ) ;
#3412 = CARTESIAN_POINT ( 'NONE',  ( 0.3749999999999998890, 0.000000000000000000, -0.9250000000000011546 ) ) ;
#3413 = ORIENTED_EDGE ( 'NONE', *, *, #970, .F. ) ;
#3414 = LINE ( 'NONE', #4010, #3513 ) ;
#3415 = CARTESIAN_POINT ( 'NONE',  ( 0.1249999999999986261, 0.4255124837953336292, 0.9250000000000009326 ) ) ;
#3416 = DIRECTION ( 'NONE',  ( -4.553649124439120201E-15, 0.000000000000000000, 1.000000000000000000 ) ) ;
#3417 = DIRECTION ( 'NONE',  ( 1.000000000000000000, 0.000000000000000000, 0.000000000000000000 ) ) ;
#3418 = EDGE_CURVE ( 'NONE', #674, #2690, #237, .T. ) ;
#3419 = DIRECTION ( 'NONE',  ( -0.000000000000000000, -1.000000000000000000, -0.000000000000000000 ) ) ;
#3420 = EDGE_CURVE ( 'NONE', #2055, #201, #3289, .T. ) ;
#3421 = LINE ( 'NONE', #1352, #2161 ) ;
#3422 = EDGE_CURVE ( 'NONE', #869, #1734, #3001, .T. ) ;
#3423 = DIRECTION ( 'NONE',  ( 0.000000000000000000, 0.000000000000000000, 1.000000000000000000 ) ) ;
#3424 = DIRECTION ( 'NONE',  ( -0.000000000000000000, -1.000000000000000000, -0.000000000000000000 ) ) ;
#3425 = DIRECTION ( 'NONE',  ( 0.000000000000000000, 1.000000000000000000, 0.000000000000000000 ) ) ;
#3426 = LINE ( 'NONE', #4134, #3361 ) ;
#3427 = VECTOR ( 'NONE', #411, 1000.000000000000000 ) ;
#3428 = STYLED_ITEM ( 'NONE', ( #1405 ), #1779 ) ;
#3429 = ORIENTED_EDGE ( 'NONE', *, *, #4120, .T. ) ;
#3430 = CARTESIAN_POINT ( 'NONE',  ( -0.3750000000000000000, 0.03499999999999998251, -0.6250000000000009992 ) ) ;
#3431 = VECTOR ( 'NONE', #1848, 1000.000000000000000 ) ;
#3432 =( LENGTH_UNIT ( ) NAMED_UNIT ( * ) SI_UNIT ( .MILLI., .METRE. ) );
#3433 = COLOUR_RGB ( '',0.000000000000000000, 0.000000000000000000, 0.000000000000000000 ) ;
#3434 = AXIS2_PLACEMENT_3D ( 'NONE', #4340, #2654, #537 ) ;
#3435 = VECTOR ( 'NONE', #2071, 1000.000000000000000 ) ;
#3436 = DIRECTION ( 'NONE',  ( 1.000000000000000000, -0.000000000000000000, -1.445602896647339114E-15 ) ) ;
#3437 = CARTESIAN_POINT ( 'NONE',  ( 0.1250000000000028311, 0.03499999999999998251, 5.692061405549028441E-16 ) ) ;
#3438 = PLANE ( 'NONE',  #348 ) ;
#3439 = DIRECTION ( 'NONE',  ( 0.000000000000000000, -1.000000000000000000, -0.000000000000000000 ) ) ;
#3440 = AXIS2_PLACEMENT_3D ( 'NONE', #2129, #147, #2540 ) ;
#3441 = EDGE_CURVE ( 'NONE', #3041, #4075, #1579, .T. ) ;
#3442 = CARTESIAN_POINT ( 'NONE',  ( 0.3750000000000000000, 0.000000000000000000, 0.6250000000000009992 ) ) ;
#3443 = ADVANCED_FACE ( 'NONE', ( #3241 ), #3596, .T. ) ;
#3444 = FACE_OUTER_BOUND ( 'NONE', #3829, .T. ) ;
#3445 = ADVANCED_FACE ( 'NONE', ( #200 ), #2319, .F. ) ;
#3446 = CIRCLE ( 'NONE', #1317, 0.1750000000000000167 ) ;
#3447 = SURFACE_STYLE_USAGE ( .BOTH. , #3357 ) ;
#3448 = FACE_OUTER_BOUND ( 'NONE', #287, .T. ) ;
#3449 = VECTOR ( 'NONE', #980, 1000.000000000000000 ) ;
#3450 = FACE_OUTER_BOUND ( 'NONE', #2253, .T. ) ;
#3451 = VECTOR ( 'NONE', #1078, 1000.000000000000000 ) ;
#3452 = ORIENTED_EDGE ( 'NONE', *, *, #976, .T. ) ;
#3453 = LINE ( 'NONE', #3836, #3201 ) ;
#3454 =( LENGTH_UNIT ( ) NAMED_UNIT ( * ) SI_UNIT ( .MILLI., .METRE. ) );
#3455 = ORIENTED_EDGE ( 'NONE', *, *, #3110, .T. ) ;
#3456 = DIRECTION ( 'NONE',  ( -0.000000000000000000, -0.000000000000000000, 1.000000000000000000 ) ) ;
#3457 = CARTESIAN_POINT ( 'NONE',  ( -0.3749999999999971134, 0.4255124837953336292, -1.734723475976798417E-15 ) ) ;
#3458 = FACE_OUTER_BOUND ( 'NONE', #1057, .T. ) ;
#3459 = CLOSED_SHELL ( 'NONE', ( #2900, #2498, #2356, #423, #637, #3443, #1944, #1239, #2712, #2067, #1679, #4252, #2838, #1543, #2897, #1430, #4036, #3520, #2922, #587, #3681, #4125, #502, #4101, #2219, #4167, #1788, #646, #854, #2662, #2037, #3707, #4042, #313, #2684, #3445, #3089, #2843, #4152, #3131, #3658, #1912, #2492, #1077, #3196, #2982, #1346 ) ) ;
#3460 = PLANE ( 'NONE',  #453 ) ;
#3461 = FACE_OUTER_BOUND ( 'NONE', #3948, .T. ) ;
#3462 = ORIENTED_EDGE ( 'NONE', *, *, #185, .F. ) ;
#3463 = EDGE_CURVE ( 'NONE', #2560, #1474, #956, .T. ) ;
#3464 = ORIENTED_EDGE ( 'NONE', *, *, #672, .F. ) ;
#3465 = ADVANCED_FACE ( 'NONE', ( #908 ), #3617, .F. ) ;
#3466 = VECTOR ( 'NONE', #1571, 1000.000000000000000 ) ;
#3467 = LINE ( 'NONE', #3508, #3377 ) ;
#3468 = DIRECTION ( 'NONE',  ( 1.000000000000000000, 0.000000000000000000, -0.000000000000000000 ) ) ;
#3469 = EDGE_CURVE ( 'NONE', #6, #2127, #2615, .T. ) ;
#3470 = EDGE_CURVE ( 'NONE', #4004, #2295, #4360, .T. ) ;
#3471 = ORIENTED_EDGE ( 'NONE', *, *, #14, .F. ) ;
#3472 = EDGE_CURVE ( 'NONE', #874, #2703, #2634, .T. ) ;
#3473 = ORIENTED_EDGE ( 'NONE', *, *, #4018, .F. ) ;
#3474 = CARTESIAN_POINT ( 'NONE',  ( 0.9250000000000000444, 0.000000000000000000, 0.1249999999999983763 ) ) ;
#3475 = EDGE_CURVE ( 'NONE', #130, #2343, #3947, .T. ) ;
#3476 = ORIENTED_EDGE ( 'NONE', *, *, #3127, .T. ) ;
#3477 = ORIENTED_EDGE ( 'NONE', *, *, #2315, .F. ) ;
#3478 = ORIENTED_EDGE ( 'NONE', *, *, #119, .F. ) ;
#3479 = DIRECTION ( 'NONE',  ( 0.000000000000000000, 0.000000000000000000, -1.000000000000000000 ) ) ;
#3480 = DIRECTION ( 'NONE',  ( -1.000000000000000000, -0.000000000000000000, -0.000000000000000000 ) ) ;
#3481 = DIRECTION ( 'NONE',  ( 0.000000000000000000, 0.000000000000000000, -1.000000000000000000 ) ) ;
#3482 = CARTESIAN_POINT ( 'NONE',  ( 1.000000000000000888, 0.000000000000000000, -0.1250000000000000000 ) ) ;
#3483 = CARTESIAN_POINT ( 'NONE',  ( -0.6250000000000013323, 0.03499999999999998251, 0.9250000000000009326 ) ) ;
#3484 = LINE ( 'NONE', #1129, #2378 ) ;
#3485 = VERTEX_POINT ( 'NONE', #2671 ) ;
#3486 = LINE ( 'NONE', #2884, #2152 ) ;
#3487 = DIRECTION ( 'NONE',  ( 0.000000000000000000, 0.000000000000000000, -1.000000000000000000 ) ) ;
#3488 = DIRECTION ( 'NONE',  ( -0.000000000000000000, 0.000000000000000000, -1.000000000000000000 ) ) ;
#3489 = AXIS2_PLACEMENT_3D ( 'NONE', #623, #576, #1217 ) ;
#3490 = ORIENTED_EDGE ( 'NONE', *, *, #3016, .F. ) ;
#3491 = CARTESIAN_POINT ( 'NONE',  ( -0.6250000000000008882, 0.000000000000000000, -0.1249999999999999445 ) ) ;
#3492 = LINE ( 'NONE', #69, #3841 ) ;
#3493 = EDGE_CURVE ( 'NONE', #393, #1095, #3925, .T. ) ;
#3494 = ORIENTED_EDGE ( 'NONE', *, *, #2525, .T. ) ;
#3495 = STYLED_ITEM ( 'NONE', ( #2101 ), #1742 ) ;
#3496 = EDGE_CURVE ( 'NONE', #141, #2099, #4044, .T. ) ;
#3497 = DIRECTION ( 'NONE',  ( -1.734723475976806306E-15, 0.000000000000000000, 1.000000000000000000 ) ) ;
#3498 = VECTOR ( 'NONE', #650, 1000.000000000000000 ) ;
#3499 = CARTESIAN_POINT ( 'NONE',  ( -0.9250000000000000444, 0.03499999999999998251, 0.3749999999999983902 ) ) ;
#3500 = FACE_OUTER_BOUND ( 'NONE', #2866, .T. ) ;
#3501 = EDGE_LOOP ( 'NONE', ( #3670, #2028, #4333, #3191 ) ) ;
#3502 = CARTESIAN_POINT ( 'NONE',  ( 0.6249999999999998890, 0.1499999999999999944, -0.6250000000000000000 ) ) ;
#3503 = DIRECTION ( 'NONE',  ( 4.915049848600948964E-15, -0.000000000000000000, -1.000000000000000000 ) ) ;
#3504 = DIRECTION ( 'NONE',  ( -1.734723475976807094E-15, 0.000000000000000000, -1.000000000000000000 ) ) ;
#3505 = ORIENTED_EDGE ( 'NONE', *, *, #2582, .T. ) ;
#3506 = VECTOR ( 'NONE', #1193, 1000.000000000000000 ) ;
#3507 = VERTEX_POINT ( 'NONE', #3766 ) ;
#3508 = CARTESIAN_POINT ( 'NONE',  ( -0.1250000000000000278, 0.03500000000000000333, -0.6250000000000009992 ) ) ;
#3509 = DIRECTION ( 'NONE',  ( -1.000000000000000000, 0.000000000000000000, -4.553649124439120201E-15 ) ) ;
#3510 = ORIENTED_EDGE ( 'NONE', *, *, #3570, .F. ) ;
#3511 = VECTOR ( 'NONE', #1751, 1000.000000000000000 ) ;
#3512 = CIRCLE ( 'NONE', #3654, 0.1499999999999999667 ) ;
#3513 = VECTOR ( 'NONE', #1323, 1000.000000000000000 ) ;
#3514 = VECTOR ( 'NONE', #1417, 1000.000000000000000 ) ;
#3515 = DIRECTION ( 'NONE',  ( 0.000000000000000000, 1.000000000000000000, 0.000000000000000000 ) ) ;
#3516 = CARTESIAN_POINT ( 'NONE',  ( -0.3750000000000000000, 0.03500000000000000333, 0.6250000000000009992 ) ) ;
#3517 = VERTEX_POINT ( 'NONE', #1001 ) ;
#3518 = VECTOR ( 'NONE', #1058, 1000.000000000000000 ) ;
#3519 = EDGE_LOOP ( 'NONE', ( #3645, #3028, #712, #2773 ) ) ;
#3520 = ADVANCED_FACE ( 'NONE', ( #3444 ), #1708, .F. ) ;
#3521 = CARTESIAN_POINT ( 'NONE',  ( -0.1250000000000014710, 0.03499999999999998251, 0.9250000000000009326 ) ) ;
#3522 = DIRECTION ( 'NONE',  ( -0.000000000000000000, 0.000000000000000000, 1.000000000000000000 ) ) ;
#3523 = CARTESIAN_POINT ( 'NONE',  ( -0.5750000000000001776, 0.8399999999999999689, -0.5749999999999999556 ) ) ;
#3524 = EDGE_CURVE ( 'NONE', #1018, #777, #2360, .T. ) ;
#3525 = DIRECTION ( 'NONE',  ( 0.000000000000000000, 0.000000000000000000, 1.000000000000000000 ) ) ;
#3526 = ORIENTED_EDGE ( 'NONE', *, *, #2089, .F. ) ;
#3527 = PLANE ( 'NONE',  #1375 ) ;
#3528 = CLOSED_SHELL ( 'NONE', ( #450, #172, #820, #2395, #428, #126, #4074 ) ) ;
#3529 = CARTESIAN_POINT ( 'NONE',  ( 0.000000000000000000, 0.03499999999999998251, 0.9250000000000009326 ) ) ;
#3530 = EDGE_LOOP ( 'NONE', ( #2557, #2168, #3000, #3072 ) ) ;
#3531 = CARTESIAN_POINT ( 'NONE',  ( -0.1250000000000000278, 0.03500000000000000333, -0.6250000000000009992 ) ) ;
#3532 = VERTEX_POINT ( 'NONE', #43 ) ;
#3533 = ORIENTED_EDGE ( 'NONE', *, *, #181, .F. ) ;
#3534 = AXIS2_PLACEMENT_3D ( 'NONE', #1549, #436, #751 ) ;
#3535 = ORIENTED_EDGE ( 'NONE', *, *, #3441, .F. ) ;
#3536 = DIRECTION ( 'NONE',  ( -1.000000000000000000, -0.000000000000000000, -0.000000000000000000 ) ) ;
#3537 = EDGE_LOOP ( 'NONE', ( #1887, #2907, #4312, #3242 ) ) ;
#3538 = FACE_OUTER_BOUND ( 'NONE', #1483, .T. ) ;
#3539 = LINE ( 'NONE', #519, #2626 ) ;
#3540 = CARTESIAN_POINT ( 'NONE',  ( -0.6250000000000003331, 0.1499999999999999944, 0.6250000000000001110 ) ) ;
#3541 = DIRECTION ( 'NONE',  ( -1.000000000000000000, 0.000000000000000000, -1.734723475976806306E-15 ) ) ;
#3542 = ADVANCED_FACE ( 'NONE', ( #2414 ), #3400, .T. ) ;
#3543 = ORIENTED_EDGE ( 'NONE', *, *, #3955, .F. ) ;
#3544 = PLANE ( 'NONE',  #737 ) ;
#3545 = DIRECTION ( 'NONE',  ( 0.000000000000000000, 0.000000000000000000, -1.000000000000000000 ) ) ;
#3546 = EDGE_CURVE ( 'NONE', #604, #674, #1333, .T. ) ;
#3547 = ORIENTED_EDGE ( 'NONE', *, *, #2134, .T. ) ;
#3548 = ADVANCED_FACE ( 'NONE', ( #1998 ), #4089, .F. ) ;
#3549 = CARTESIAN_POINT ( 'NONE',  ( 1.000000000000000888, 0.000000000000000000, 0.3749999999999986122 ) ) ;
#3550 = CARTESIAN_POINT ( 'NONE',  ( -1.000000000000001554, 0.03500000000000000333, 0.3749999999999982792 ) ) ;
#3551 = VERTEX_POINT ( 'NONE', #3066 ) ;
#3552 = VERTEX_POINT ( 'NONE', #3353 ) ;
#3553 = ORIENTED_EDGE ( 'NONE', *, *, #3064, .F. ) ;
#3554 = DIRECTION ( 'NONE',  ( 0.000000000000000000, 0.000000000000000000, -1.000000000000000000 ) ) ;
#3555 = VERTEX_POINT ( 'NONE', #2092 ) ;
#3556 = VERTEX_POINT ( 'NONE', #359 ) ;
#3557 = LINE ( 'NONE', #2899, #382 ) ;
#3558 = FACE_OUTER_BOUND ( 'NONE', #1824, .T. ) ;
#3559 = CARTESIAN_POINT ( 'NONE',  ( 0.000000000000000000, -0.000000000000000000, -0.9250000000000011546 ) ) ;
#3560 = COLOUR_RGB ( '',1.000000000000000000, 0.8117647058823529438, 0.5019607843137254832 ) ;
#3561 = CARTESIAN_POINT ( 'NONE',  ( 0.3749999999999981681, 0.03500000000000000333, 1.000000000000001332 ) ) ;
#3562 = DIRECTION ( 'NONE',  ( -0.000000000000000000, -1.000000000000000000, -0.000000000000000000 ) ) ;
#3563 = VECTOR ( 'NONE', #843, 1000.000000000000000 ) ;
#3564 = EDGE_LOOP ( 'NONE', ( #3834, #3543 ) ) ;
#3565 = VECTOR ( 'NONE', #3998, 1000.000000000000000 ) ;
#3566 = DIRECTION ( 'NONE',  ( 0.000000000000000000, 1.000000000000000000, 0.000000000000000000 ) ) ;
#3567 = EDGE_CURVE ( 'NONE', #3192, #202, #18, .T. ) ;
#3568 = VECTOR ( 'NONE', #951, 1000.000000000000000 ) ;
#3569 = ORIENTED_EDGE ( 'NONE', *, *, #1208, .F. ) ;
#3570 = EDGE_CURVE ( 'NONE', #3613, #2383, #661, .T. ) ;
#3571 = VERTEX_POINT ( 'NONE', #1372 ) ;
#3572 = CARTESIAN_POINT ( 'NONE',  ( 0.3750000000000000000, 0.03499999999999998251, -0.6250000000000009992 ) ) ;
#3573 = DIRECTION ( 'NONE',  ( 1.000000000000000000, 0.000000000000000000, -1.445602896647339163E-16 ) ) ;
#3574 = EDGE_CURVE ( 'NONE', #3236, #2215, #4061, .T. ) ;
#3575 = ORIENTED_EDGE ( 'NONE', *, *, #591, .F. ) ;
#3576 = DIRECTION ( 'NONE',  ( 0.000000000000000000, -0.000000000000000000, 1.000000000000000000 ) ) ;
#3577 = CARTESIAN_POINT ( 'NONE',  ( 0.6250000000000000000, 0.03500000000000000333, 0.6250000000000009992 ) ) ;
#3578 = ORIENTED_EDGE ( 'NONE', *, *, #4313, .F. ) ;
#3579 = AXIS2_PLACEMENT_3D ( 'NONE', #2973, #925, #2646 ) ;
#3580 = CIRCLE ( 'NONE', #1386, 0.05000000000000002359 ) ;
#3581 = CIRCLE ( 'NONE', #1674, 0.3000000000000000444 ) ;
#3582 = CARTESIAN_POINT ( 'NONE',  ( -0.6250000000000008882, 0.03500000000000000333, -0.1249999999999999445 ) ) ;
#3583 = AXIS2_PLACEMENT_3D ( 'NONE', #244, #1612, #1676 ) ;
#3584 = DIRECTION ( 'NONE',  ( -0.000000000000000000, -1.000000000000000000, -0.000000000000000000 ) ) ;
#3585 = AXIS2_PLACEMENT_3D ( 'NONE', #999, #3765, #2359 ) ;
#3586 = CARTESIAN_POINT ( 'NONE',  ( 0.6250000000000000000, 0.03500000000000000333, -1.000000000000000888 ) ) ;
#3587 = AXIS2_PLACEMENT_3D ( 'NONE', #1232, #3890, #1973 ) ;
#3588 = PLANE ( 'NONE',  #4303 ) ;
#3589 = DIRECTION ( 'NONE',  ( 1.734723475976807094E-15, -0.000000000000000000, 1.000000000000000000 ) ) ;
#3590 = CARTESIAN_POINT ( 'NONE',  ( 0.6249999999999998890, 0.2999999999999999334, 0.8750000000000003331 ) ) ;
#3591 = ORIENTED_EDGE ( 'NONE', *, *, #3059, .F. ) ;
#3592 = CARTESIAN_POINT ( 'NONE',  ( 0.2399999999999991029, 0.7999999999999999334, 0.2399999999999991029 ) ) ;
#3593 = VERTEX_POINT ( 'NONE', #2021 ) ;
#3594 = ORIENTED_EDGE ( 'NONE', *, *, #3063, .F. ) ;
#3595 = DIRECTION ( 'NONE',  ( 1.000000000000000000, 0.000000000000000000, -0.000000000000000000 ) ) ;
#3596 = PLANE ( 'NONE',  #306 ) ;
#3597 = STYLED_ITEM ( 'NONE', ( #4091 ), #258 ) ;
#3598 = ORIENTED_EDGE ( 'NONE', *, *, #2370, .T. ) ;
#3599 = LINE ( 'NONE', #2298, #2813 ) ;
#3600 = DIRECTION ( 'NONE',  ( -8.673617379884034239E-17, 0.000000000000000000, -1.000000000000000000 ) ) ;
#3601 = EDGE_CURVE ( 'NONE', #1699, #2836, #3142, .T. ) ;
#3602 = EDGE_CURVE ( 'NONE', #2023, #4367, #403, .T. ) ;
#3603 = VECTOR ( 'NONE', #4380, 1000.000000000000000 ) ;
#3604 = DIRECTION ( 'NONE',  ( 2.891205793294679312E-16, 0.000000000000000000, 1.000000000000000000 ) ) ;
#3605 = FACE_OUTER_BOUND ( 'NONE', #1293, .T. ) ;
#3606 = DIRECTION ( 'NONE',  ( 8.673617379884034239E-17, 0.000000000000000000, 1.000000000000000000 ) ) ;
#3607 = EDGE_CURVE ( 'NONE', #765, #2127, #3380, .T. ) ;
#3608 = DIRECTION ( 'NONE',  ( 0.000000000000000000, -1.000000000000000000, 0.000000000000000000 ) ) ;
#3609 = LINE ( 'NONE', #2921, #4297 ) ;
#3610 = VECTOR ( 'NONE', #3608, 1000.000000000000000 ) ;
#3611 = FACE_OUTER_BOUND ( 'NONE', #1799, .T. ) ;
#3612 = CARTESIAN_POINT ( 'NONE',  ( -0.8750000000000003331, 0.2999999999999999334, -0.6249999999999997780 ) ) ;
#3613 = VERTEX_POINT ( 'NONE', #1396 ) ;
#3614 = CARTESIAN_POINT ( 'NONE',  ( -0.6250000000000003331, 4.174873734152916960, -0.6249999999999997780 ) ) ;
#3615 = VERTEX_POINT ( 'NONE', #981 ) ;
#3616 = FACE_OUTER_BOUND ( 'NONE', #3773, .T. ) ;
#3617 = PLANE ( 'NONE',  #3489 ) ;
#3618 = VERTEX_POINT ( 'NONE', #338 ) ;
#3619 = VERTEX_POINT ( 'NONE', #687 ) ;
#3620 = CARTESIAN_POINT ( 'NONE',  ( 0.6250000000000000000, 0.4255124837953336292, 0.000000000000000000 ) ) ;
#3621 = DIRECTION ( 'NONE',  ( -1.000000000000000000, -0.000000000000000000, 1.734723475976806848E-16 ) ) ;
#3622 = EDGE_CURVE ( 'NONE', #3243, #2931, #387, .T. ) ;
#3623 = PLANE ( 'NONE',  #807 ) ;
#3624 = CARTESIAN_POINT ( 'NONE',  ( -0.3750000000000000000, 0.4255124837953336292, 0.000000000000000000 ) ) ;
#3625 = DIRECTION ( 'NONE',  ( 0.000000000000000000, 0.000000000000000000, -1.000000000000000000 ) ) ;
#3626 = DIRECTION ( 'NONE',  ( -1.000000000000000000, 0.000000000000000000, -0.000000000000000000 ) ) ;
#3627 = LINE ( 'NONE', #1615, #2027 ) ;
#3628 = CARTESIAN_POINT ( 'NONE',  ( -0.6250000000000017764, 0.000000000000000000, 0.9999999999999995559 ) ) ;
#3629 = DIRECTION ( 'NONE',  ( 1.000000000000000000, 0.000000000000000000, 0.000000000000000000 ) ) ;
#3630 = CARTESIAN_POINT ( 'NONE',  ( -0.6250000000000015543, 0.03500000000000000333, 0.3749999999999989453 ) ) ;
#3631 = VECTOR ( 'NONE', #3693, 1000.000000000000000 ) ;
#3632 = ORIENTED_EDGE ( 'NONE', *, *, #3870, .T. ) ;
#3633 = MECHANICAL_DESIGN_GEOMETRIC_PRESENTATION_REPRESENTATION (  '', ( #1151 ), #1438 ) ;
#3634 = VECTOR ( 'NONE', #630, 1000.000000000000000 ) ;
#3635 = EDGE_LOOP ( 'NONE', ( #4256, #2845, #3052, #340 ) ) ;
#3636 = DIRECTION ( 'NONE',  ( -8.673617379884036705E-17, 0.000000000000000000, -1.000000000000000000 ) ) ;
#3637 = DIRECTION ( 'NONE',  ( 1.000000000000000000, 0.000000000000000000, 0.000000000000000000 ) ) ;
#3638 = VECTOR ( 'NONE', #1065, 1000.000000000000000 ) ;
#3639 = ORIENTED_EDGE ( 'NONE', *, *, #3304, .F. ) ;
#3640 = ORIENTED_EDGE ( 'NONE', *, *, #2987, .T. ) ;
#3641 = PLANE ( 'NONE',  #620 ) ;
#3642 = DIRECTION ( 'NONE',  ( 1.000000000000000000, -0.000000000000000000, 4.625929269271476645E-15 ) ) ;
#3643 = ORIENTED_EDGE ( 'NONE', *, *, #1538, .F. ) ;
#3644 = ORIENTED_EDGE ( 'NONE', *, *, #3909, .T. ) ;
#3645 = ORIENTED_EDGE ( 'NONE', *, *, #21, .F. ) ;
#3646 = FACE_OUTER_BOUND ( 'NONE', #1313, .T. ) ;
#3647 = FACE_OUTER_BOUND ( 'NONE', #1289, .T. ) ;
#3648 = LINE ( 'NONE', #1278, #3631 ) ;
#3649 = CARTESIAN_POINT ( 'NONE',  ( 0.1249999999999999722, 0.03499999999999998251, -0.6250000000000009992 ) ) ;
#3650 = EDGE_CURVE ( 'NONE', #1018, #2336, #1668, .T. ) ;
#3651 = CARTESIAN_POINT ( 'NONE',  ( 0.000000000000000000, 0.03499999999999998251, -0.3750000000000000000 ) ) ;
#3652 = AXIS2_PLACEMENT_3D ( 'NONE', #3855, #1509, #3125 ) ;
#3653 = EDGE_CURVE ( 'NONE', #2580, #2245, #1688, .T. ) ;
#3654 = AXIS2_PLACEMENT_3D ( 'NONE', #2019, #3374, #4381 ) ;
#3655 = DIRECTION ( 'NONE',  ( 1.000000000000000000, 0.000000000000000000, 0.000000000000000000 ) ) ;
#3656 = DIRECTION ( 'NONE',  ( -0.000000000000000000, -1.000000000000000000, -0.000000000000000000 ) ) ;
#3657 = CARTESIAN_POINT ( 'NONE',  ( 0.3749999999999985567, 0.4255124837953336292, 0.9250000000000009326 ) ) ;
#3658 = ADVANCED_FACE ( 'NONE', ( #123 ), #3851, .F. ) ;
#3659 = LINE ( 'NONE', #4334, #4279 ) ;
#3660 = VECTOR ( 'NONE', #3324, 1000.000000000000000 ) ;
#3661 = EDGE_CURVE ( 'NONE', #1440, #2503, #747, .T. ) ;
#3662 = ORIENTED_EDGE ( 'NONE', *, *, #1980, .T. ) ;
#3663 = ORIENTED_EDGE ( 'NONE', *, *, #185, .T. ) ;
#3664 = DIRECTION ( 'NONE',  ( 0.000000000000000000, 0.000000000000000000, -1.000000000000000000 ) ) ;
#3665 = CARTESIAN_POINT ( 'NONE',  ( -0.6250000000000011102, 0.000000000000000000, 0.1249999999999988065 ) ) ;
#3666 = ORIENTED_EDGE ( 'NONE', *, *, #1212, .T. ) ;
#3667 = ORIENTED_EDGE ( 'NONE', *, *, #1402, .T. ) ;
#3668 = DIRECTION ( 'NONE',  ( -1.000000000000000000, 0.000000000000000000, 1.734723475976807094E-15 ) ) ;
#3669 = VECTOR ( 'NONE', #3928, 1000.000000000000000 ) ;
#3670 = ORIENTED_EDGE ( 'NONE', *, *, #1783, .T. ) ;
#3671 = VERTEX_POINT ( 'NONE', #1147 ) ;
#3672 = CARTESIAN_POINT ( 'NONE',  ( -0.7000000000000002887, 0.6749999999999999334, -0.6249999999999997780 ) ) ;
#3673 = DIRECTION ( 'NONE',  ( 0.000000000000000000, -1.000000000000000000, 0.000000000000000000 ) ) ;
#3674 = FILL_AREA_STYLE ('',( #3323 ) ) ;
#3675 =( NAMED_UNIT ( * ) SI_UNIT ( $, .STERADIAN. ) SOLID_ANGLE_UNIT ( ) );
#3676 = VECTOR ( 'NONE', #3163, 1000.000000000000000 ) ;
#3677 = DIRECTION ( 'NONE',  ( 0.000000000000000000, 0.000000000000000000, -1.000000000000000000 ) ) ;
#3678 = DIRECTION ( 'NONE',  ( 0.000000000000000000, -1.000000000000000000, 0.000000000000000000 ) ) ;
#3679 = CARTESIAN_POINT ( 'NONE',  ( 1.000000000000000888, 0.1499999999999999944, 0.9999999999999991118 ) ) ;
#3680 = FACE_OUTER_BOUND ( 'NONE', #1265, .T. ) ;
#3681 = ADVANCED_FACE ( 'NONE', ( #1836 ), #4153, .F. ) ;
#3682 = ORIENTED_EDGE ( 'NONE', *, *, #3304, .T. ) ;
#3683 = LINE ( 'NONE', #2754, #680 ) ;
#3684 = EDGE_CURVE ( 'NONE', #713, #1, #459, .T. ) ;
#3685 = CARTESIAN_POINT ( 'NONE',  ( -0.6250000000000011102, 0.03500000000000000333, 0.1249999999999988065 ) ) ;
#3686 = UNCERTAINTY_MEASURE_WITH_UNIT (LENGTH_MEASURE( 1.000000000000000082E-05 ), #3034, 'distance_accuracy_value', 'NONE');
#3687 = ORIENTED_EDGE ( 'NONE', *, *, #2956, .T. ) ;
#3688 = EDGE_CURVE ( 'NONE', #2931, #369, #2538, .T. ) ;
#3689 = DIRECTION ( 'NONE',  ( -0.000000000000000000, -0.000000000000000000, 1.000000000000000000 ) ) ;
#3690 = LINE ( 'NONE', #2816, #392 ) ;
#3691 = DIRECTION ( 'NONE',  ( 0.000000000000000000, 1.000000000000000000, 0.000000000000000000 ) ) ;
#3692 = CARTESIAN_POINT ( 'NONE',  ( -0.6250000000000003331, 0.2999999999999999334, 0.6250000000000001110 ) ) ;
#3693 = DIRECTION ( 'NONE',  ( 2.168404344971009361E-16, 0.000000000000000000, 1.000000000000000000 ) ) ;
#3694 = ORIENTED_EDGE ( 'NONE', *, *, #1212, .F. ) ;
#3695 = DIRECTION ( 'NONE',  ( 1.445602896647339163E-16, 0.000000000000000000, -1.000000000000000000 ) ) ;
#3696 = CARTESIAN_POINT ( 'NONE',  ( -0.1250000000000001110, 0.03500000000000000333, -1.000000000000000888 ) ) ;
#3697 = DIRECTION ( 'NONE',  ( 1.000000000000000000, 0.000000000000000000, 1.445602896647339114E-15 ) ) ;
#3698 = ORIENTED_EDGE ( 'NONE', *, *, #722, .F. ) ;
#3699 = LINE ( 'NONE', #3747, #1748 ) ;
#3700 = CARTESIAN_POINT ( 'NONE',  ( 0.000000000000000000, 0.000000000000000000, 0.000000000000000000 ) ) ;
#3701 = ORIENTED_EDGE ( 'NONE', *, *, #2225, .F. ) ;
#3702 = EDGE_CURVE ( 'NONE', #2727, #323, #3484, .T. ) ;
#3703 = ORIENTED_EDGE ( 'NONE', *, *, #1351, .T. ) ;
#3704 = EDGE_CURVE ( 'NONE', #463, #2833, #806, .T. ) ;
#3705 = DIRECTION ( 'NONE',  ( 1.000000000000000000, 0.000000000000000000, 0.000000000000000000 ) ) ;
#3706 = CARTESIAN_POINT ( 'NONE',  ( 0.2399999999999991307, 0.7999999999999999334, 0.08999999999999917788 ) ) ;
#3707 = ADVANCED_FACE ( 'NONE', ( #3461 ), #1855, .F. ) ;
#3708 = ORIENTED_EDGE ( 'NONE', *, *, #2276, .T. ) ;
#3709 = EDGE_LOOP ( 'NONE', ( #2618, #688, #2499, #145 ) ) ;
#3710 = CARTESIAN_POINT ( 'NONE',  ( -0.7250000000000009770, 0.000000000000000000, -0.3750000000000000000 ) ) ;
#3711 =( NAMED_UNIT ( * ) SI_UNIT ( $, .STERADIAN. ) SOLID_ANGLE_UNIT ( ) );
#3712 = ORIENTED_EDGE ( 'NONE', *, *, #424, .F. ) ;
#3713 = ORIENTED_EDGE ( 'NONE', *, *, #1707, .T. ) ;
#3714 = ORIENTED_EDGE ( 'NONE', *, *, #3472, .T. ) ;
#3715 = CARTESIAN_POINT ( 'NONE',  ( 0.000000000000000000, 0.4255124837953336292, -0.6250000000000009992 ) ) ;
#3716 = VECTOR ( 'NONE', #3503, 1000.000000000000000 ) ;
#3717 = EDGE_CURVE ( 'NONE', #2580, #1268, #4187, .T. ) ;
#3718 = CARTESIAN_POINT ( 'NONE',  ( -0.9250000000000002665, 0.2500000000000000000, 0.6250000000000001110 ) ) ;
#3719 = DIRECTION ( 'NONE',  ( 0.000000000000000000, 0.000000000000000000, -1.000000000000000000 ) ) ;
#3720 = DIRECTION ( 'NONE',  ( 0.000000000000000000, -1.000000000000000000, 0.000000000000000000 ) ) ;
#3721 = ORIENTED_EDGE ( 'NONE', *, *, #4068, .F. ) ;
#3722 = DIRECTION ( 'NONE',  ( 0.000000000000000000, 0.000000000000000000, 1.000000000000000000 ) ) ;
#3723 = VECTOR ( 'NONE', #1365, 1000.000000000000000 ) ;
#3724 = AXIS2_PLACEMENT_3D ( 'NONE', #3200, #4251, #521 ) ;
#3725 =( GEOMETRIC_REPRESENTATION_CONTEXT ( 3 ) GLOBAL_UNCERTAINTY_ASSIGNED_CONTEXT ( ( #3686 ) ) GLOBAL_UNIT_ASSIGNED_CONTEXT ( ( #3034, #632, #1640 ) ) REPRESENTATION_CONTEXT ( 'NONE', 'WORKASPACE' ) );
#3726 = CARTESIAN_POINT ( 'NONE',  ( 0.3749999999999985567, 0.000000000000000000, 0.9250000000000009326 ) ) ;
#3727 = VECTOR ( 'NONE', #948, 1000.000000000000000 ) ;
#3728 = CARTESIAN_POINT ( 'NONE',  ( 0.2399999999999991029, 0.8249999999999998446, 0.2399999999999991029 ) ) ;
#3729 = ORIENTED_EDGE ( 'NONE', *, *, #618, .T. ) ;
#3730 = LINE ( 'NONE', #802, #1670 ) ;
#3731 = SURFACE_SIDE_STYLE ('',( #361 ) ) ;
#3732 = DIRECTION ( 'NONE',  ( 0.000000000000000000, 0.000000000000000000, -1.000000000000000000 ) ) ;
#3733 = DIRECTION ( 'NONE',  ( -4.987329993433327496E-15, 0.000000000000000000, 1.000000000000000000 ) ) ;
#3734 = ADVANCED_FACE ( 'NONE', ( #166 ), #2811, .F. ) ;
#3735 = EDGE_CURVE ( 'NONE', #3555, #4338, #3146, .T. ) ;
#3736 = ORIENTED_EDGE ( 'NONE', *, *, #3337, .F. ) ;
#3737 = DIRECTION ( 'NONE',  ( 1.734723475976807094E-15, -0.000000000000000000, -1.000000000000000000 ) ) ;
#3738 = LINE ( 'NONE', #2461, #1086 ) ;
#3739 = VERTEX_POINT ( 'NONE', #78 ) ;
#3740 = ORIENTED_EDGE ( 'NONE', *, *, #3546, .F. ) ;
#3741 = EDGE_CURVE ( 'NONE', #202, #445, #143, .T. ) ;
#3742 = CARTESIAN_POINT ( 'NONE',  ( 0.6250000000000011102, 0.03500000000000000333, 0.1249999999999988065 ) ) ;
#3743 = CARTESIAN_POINT ( 'NONE',  ( 0.000000000000000000, 0.03499999999999998251, 0.6250000000000009992 ) ) ;
#3744 = CARTESIAN_POINT ( 'NONE',  ( 0.6249999999999997780, 0.1499999999999999944, 0.9250000000000002665 ) ) ;
#3745 = PLANE ( 'NONE',  #2392 ) ;
#3746 = VECTOR ( 'NONE', #251, 1000.000000000000000 ) ;
#3747 = CARTESIAN_POINT ( 'NONE',  ( -0.5750000000000001776, 0.8399999999999999689, -0.4749999999999998668 ) ) ;
#3748 = DIRECTION ( 'NONE',  ( 0.000000000000000000, -1.000000000000000000, 0.000000000000000000 ) ) ;
#3749 = ORIENTED_EDGE ( 'NONE', *, *, #3247, .F. ) ;
#3750 = EDGE_LOOP ( 'NONE', ( #3210, #3729, #3714, #2497 ) ) ;
#3751 = CARTESIAN_POINT ( 'NONE',  ( 0.000000000000000000, 0.03500000000000000333, 0.000000000000000000 ) ) ;
#3752 = ORIENTED_EDGE ( 'NONE', *, *, #1325, .F. ) ;
#3753 = CARTESIAN_POINT ( 'NONE',  ( 0.6250000000000008882, 0.03500000000000000333, -0.1249999999999999445 ) ) ;
#3754 = EDGE_LOOP ( 'NONE', ( #1134, #2979, #3864, #1222, #2369 ) ) ;
#3755 = CARTESIAN_POINT ( 'NONE',  ( 0.000000000000000000, 0.4255124837953336292, 0.9250000000000009326 ) ) ;
#3756 = FILL_AREA_STYLE ('',( #5 ) ) ;
#3757 = ORIENTED_EDGE ( 'NONE', *, *, #1628, .F. ) ;
#3758 = EDGE_CURVE ( 'NONE', #4385, #2516, #1085, .T. ) ;
#3759 = EDGE_CURVE ( 'NONE', #817, #3205, #2452, .T. ) ;
#3760 = CARTESIAN_POINT ( 'NONE',  ( -0.6250000000000008882, 0.03500000000000000333, -0.1249999999999999445 ) ) ;
#3761 = FACE_OUTER_BOUND ( 'NONE', #2716, .T. ) ;
#3762 = CARTESIAN_POINT ( 'NONE',  ( -0.7250000000000009770, 0.03499999999999998251, -0.3750000000000000000 ) ) ;
#3763 = DIRECTION ( 'NONE',  ( 0.000000000000000000, -1.000000000000000000, 0.000000000000000000 ) ) ;
#3764 = ADVANCED_FACE ( 'NONE', ( #1437 ), #769, .F. ) ;
#3765 = DIRECTION ( 'NONE',  ( 0.000000000000000000, -1.000000000000000000, 0.000000000000000000 ) ) ;
#3766 = CARTESIAN_POINT ( 'NONE',  ( 0.1249999999999999722, 0.03499999999999998251, -0.9250000000000011546 ) ) ;
#3767 = ORIENTED_EDGE ( 'NONE', *, *, #672, .T. ) ;
#3768 = CARTESIAN_POINT ( 'NONE',  ( 0.9249999999999999334, 0.1499999999999999944, 0.6250000000000001110 ) ) ;
#3769 = CARTESIAN_POINT ( 'NONE',  ( -0.6250000000000003331, 0.2500000000000000000, 0.6250000000000001110 ) ) ;
#3770 = ORIENTED_EDGE ( 'NONE', *, *, #3684, .F. ) ;
#3771 = PRESENTATION_STYLE_ASSIGNMENT (( #2306 ) ) ;
#3772 = COLOUR_RGB ( '',0.7921568627450980005, 0.8196078431372548767, 0.9333333333333333481 ) ;
#3773 = EDGE_LOOP ( 'NONE', ( #863, #1445, #3126, #3713 ) ) ;
#3774 = ORIENTED_EDGE ( 'NONE', *, *, #1732, .F. ) ;
#3775 = DIRECTION ( 'NONE',  ( -0.000000000000000000, -1.000000000000000000, -0.000000000000000000 ) ) ;
#3776 = AXIS2_PLACEMENT_3D ( 'NONE', #2597, #3673, #3322 ) ;
#3777 =( LENGTH_UNIT ( ) NAMED_UNIT ( * ) SI_UNIT ( .MILLI., .METRE. ) );
#3778 = CIRCLE ( 'NONE', #516, 0.1499999999999999667 ) ;
#3779 = EDGE_LOOP ( 'NONE', ( #2666, #3533, #2978, #779 ) ) ;
#3780 = AXIS2_PLACEMENT_3D ( 'NONE', #3769, #3425, #2741 ) ;
#3781 = ORIENTED_EDGE ( 'NONE', *, *, #3093, .F. ) ;
#3782 = DIRECTION ( 'NONE',  ( 1.000000000000000000, 0.000000000000000000, 0.000000000000000000 ) ) ;
#3783 = AXIS2_PLACEMENT_3D ( 'NONE', #381, #639, #1414 ) ;
#3784 = LINE ( 'NONE', #4145, #3451 ) ;
#3785 = CARTESIAN_POINT ( 'NONE',  ( 0.000000000000000000, 0.03499999999999998251, 0.6250000000000009992 ) ) ;
#3786 = DIRECTION ( 'NONE',  ( 0.000000000000000000, -1.000000000000000000, 0.000000000000000000 ) ) ;
#3787 = EDGE_CURVE ( 'NONE', #840, #755, #1797, .T. ) ;
#3788 = AXIS2_PLACEMENT_3D ( 'NONE', #2908, #3398, #3697 ) ;
#3789 = ADVANCED_FACE ( 'NONE', ( #2487 ), #3830, .F. ) ;
#3790 = ADVANCED_FACE ( 'NONE', ( #1213 ), #928, .F. ) ;
#3791 = CARTESIAN_POINT ( 'NONE',  ( 0.6250000000000000000, 0.4255124837953336292, -0.9250000000000011546 ) ) ;
#3792 = DIRECTION ( 'NONE',  ( -4.915049848600948964E-15, 0.000000000000000000, 1.000000000000000000 ) ) ;
#3793 = ORIENTED_EDGE ( 'NONE', *, *, #3920, .F. ) ;
#3794 = CIRCLE ( 'NONE', #3860, 0.2499999999999998890 ) ;
#3795 = COLOUR_RGB ( '',0.000000000000000000, 0.5019607843137254832, 0.000000000000000000 ) ;
#3796 = CARTESIAN_POINT ( 'NONE',  ( -0.6250000000000008882, 0.03500000000000000333, -0.1249999999999999445 ) ) ;
#3797 = CARTESIAN_POINT ( 'NONE',  ( -0.6250000000000011102, 0.03500000000000000333, 0.1249999999999988065 ) ) ;
#3798 = CARTESIAN_POINT ( 'NONE',  ( 0.6999999999999997335, 0.6749999999999998224, -0.6250000000000000000 ) ) ;
#3799 = AXIS2_PLACEMENT_3D ( 'NONE', #2135, #1808, #3497 ) ;
#3800 = ORIENTED_EDGE ( 'NONE', *, *, #4227, .T. ) ;
#3801 = ORIENTED_EDGE ( 'NONE', *, *, #2030, .T. ) ;
#3802 = CARTESIAN_POINT ( 'NONE',  ( -0.6250000000000011102, 0.03500000000000000333, 0.1249999999999988065 ) ) ;
#3803 = LINE ( 'NONE', #3863, #2297 ) ;
#3804 = ORIENTED_EDGE ( 'NONE', *, *, #1162, .T. ) ;
#3805 = CARTESIAN_POINT ( 'NONE',  ( 1.000000000000000888, 0.03500000000000000333, -0.1250000000000000000 ) ) ;
#3806 = CARTESIAN_POINT ( 'NONE',  ( 0.3750000000000000000, 0.000000000000000000, -0.6250000000000009992 ) ) ;
#3807 = DIRECTION ( 'NONE',  ( 0.000000000000000000, 0.000000000000000000, 1.000000000000000000 ) ) ;
#3808 = VECTOR ( 'NONE', #3668, 1000.000000000000000 ) ;
#3809 = LINE ( 'NONE', #3826, #1461 ) ;
#3810 = VERTEX_POINT ( 'NONE', #2888 ) ;
#3811 = DIRECTION ( 'NONE',  ( -1.000000000000000000, 0.000000000000000000, 8.673617379884034239E-17 ) ) ;
#3812 = DIRECTION ( 'NONE',  ( -1.445602896647339114E-15, 0.000000000000000000, -1.000000000000000000 ) ) ;
#3813 = EDGE_CURVE ( 'NONE', #4361, #817, #2562, .T. ) ;
#3814 = AXIS2_PLACEMENT_3D ( 'NONE', #2073, #3383, #385 ) ;
#3815 = VECTOR ( 'NONE', #3480, 1000.000000000000000 ) ;
#3816 = EDGE_CURVE ( 'NONE', #2245, #1777, #216, .T. ) ;
#3817 = CARTESIAN_POINT ( 'NONE',  ( -0.8750000000000003331, 0.2999999999999999334, -0.6249999999999997780 ) ) ;
#3818 = CARTESIAN_POINT ( 'NONE',  ( -1.000000000000000888, 0.03500000000000000333, -0.1250000000000000000 ) ) ;
#3819 = EDGE_CURVE ( 'NONE', #1942, #959, #2314, .T. ) ;
#3820 = ORIENTED_EDGE ( 'NONE', *, *, #4347, .F. ) ;
#3821 = CARTESIAN_POINT ( 'NONE',  ( -0.1250000000000000833, 0.03499999999999998251, -0.9250000000000011546 ) ) ;
#3822 = EDGE_LOOP ( 'NONE', ( #957, #2451, #2165, #2595 ) ) ;
#3823 = DIRECTION ( 'NONE',  ( -0.000000000000000000, -1.000000000000000000, -0.000000000000000000 ) ) ;
#3824 = DIRECTION ( 'NONE',  ( -1.000000000000000000, 0.000000000000000000, 0.000000000000000000 ) ) ;
#3825 = DIRECTION ( 'NONE',  ( 1.000000000000000000, -0.000000000000000000, 7.228014483236698281E-17 ) ) ;
#3826 = CARTESIAN_POINT ( 'NONE',  ( -0.8750000000000003331, 0.6749999999999999334, -0.6249999999999997780 ) ) ;
#3827 = ORIENTED_EDGE ( 'NONE', *, *, #1081, .F. ) ;
#3828 = CARTESIAN_POINT ( 'NONE',  ( 0.6250000000000015543, 0.03500000000000000333, 0.3749999999999989453 ) ) ;
#3829 = EDGE_LOOP ( 'NONE', ( #4366, #2722, #1803, #217 ) ) ;
#3830 = PLANE ( 'NONE',  #1802 ) ;
#3831 = DIRECTION ( 'NONE',  ( -6.195440985631453345E-16, 0.000000000000000000, -1.000000000000000000 ) ) ;
#3832 = EDGE_CURVE ( 'NONE', #574, #1339, #2928, .T. ) ;
#3833 = ADVANCED_FACE ( 'NONE', ( #2289 ), #1369, .F. ) ;
#3834 = ORIENTED_EDGE ( 'NONE', *, *, #50, .F. ) ;
#3835 = CARTESIAN_POINT ( 'NONE',  ( 0.6249999999999997780, 0.8499999999999999778, 0.6250000000000002220 ) ) ;
#3836 = CARTESIAN_POINT ( 'NONE',  ( -1.000000000000000888, 0.1499999999999999944, 0.9999999999999991118 ) ) ;
#3837 = PRESENTATION_STYLE_ASSIGNMENT (( #1540 ) ) ;
#3838 = EDGE_CURVE ( 'NONE', #765, #1856, #2649, .T. ) ;
#3839 = EDGE_LOOP ( 'NONE', ( #4138, #3310, #2226, #2058 ) ) ;
#3840 = ORIENTED_EDGE ( 'NONE', *, *, #3759, .T. ) ;
#3841 = VECTOR ( 'NONE', #1138, 1000.000000000000000 ) ;
#3842 = CARTESIAN_POINT ( 'NONE',  ( -0.9250000000000002665, 0.1499999999999999944, -0.6249999999999997780 ) ) ;
#3843 = CIRCLE ( 'NONE', #2857, 0.05000000000000002359 ) ;
#3844 = CARTESIAN_POINT ( 'NONE',  ( 0.6250000000000008882, 0.03499999999999998251, -1.084202172485505420E-15 ) ) ;
#3845 = CARTESIAN_POINT ( 'NONE',  ( 0.3750000000000001665, 0.4255124837953336292, -1.084202172485505174E-16 ) ) ;
#3846 = TOROIDAL_SURFACE ( 'NONE', #4359, 0.07500000000000001110, 0.1749999999999999889 ) ;
#3847 = ORIENTED_EDGE ( 'NONE', *, *, #750, .F. ) ;
#3848 = ORIENTED_EDGE ( 'NONE', *, *, #2114, .T. ) ;
#3849 = DIRECTION ( 'NONE',  ( 0.000000000000000000, -1.000000000000000000, 0.000000000000000000 ) ) ;
#3850 = ORIENTED_EDGE ( 'NONE', *, *, #4287, .T. ) ;
#3851 = PLANE ( 'NONE',  #1730 ) ;
#3852 = ORIENTED_EDGE ( 'NONE', *, *, #46, .F. ) ;
#3853 = ORIENTED_EDGE ( 'NONE', *, *, #353, .F. ) ;
#3854 = ORIENTED_EDGE ( 'NONE', *, *, #227, .T. ) ;
#3855 = CARTESIAN_POINT ( 'NONE',  ( 0.2399999999999991029, 0.7999999999999999334, 0.2399999999999991029 ) ) ;
#3856 = CARTESIAN_POINT ( 'NONE',  ( 0.1250000000000028311, 0.4255124837953336292, 5.692061405549028441E-16 ) ) ;
#3857 = VECTOR ( 'NONE', #575, 1000.000000000000000 ) ;
#3858 = ORIENTED_EDGE ( 'NONE', *, *, #1522, .T. ) ;
#3859 = CIRCLE ( 'NONE', #678, 0.3000000000000000444 ) ;
#3860 = AXIS2_PLACEMENT_3D ( 'NONE', #415, #2107, #2782 ) ;
#3861 = LINE ( 'NONE', #1804, #343 ) ;
#3862 = PLANE ( 'NONE',  #4354 ) ;
#3863 = CARTESIAN_POINT ( 'NONE',  ( -0.6250000000000000000, 0.03500000000000000333, -0.6250000000000009992 ) ) ;
#3864 = ORIENTED_EDGE ( 'NONE', *, *, #1858, .T. ) ;
#3865 = VECTOR ( 'NONE', #2186, 1000.000000000000000 ) ;
#3866 = ADVANCED_FACE ( 'NONE', ( #3944 ), #3916, .T. ) ;
#3867 = LINE ( 'NONE', #3099, #2444 ) ;
#3868 = DIRECTION ( 'NONE',  ( -1.734723475976806306E-15, 0.000000000000000000, -1.000000000000000000 ) ) ;
#3869 = CARTESIAN_POINT ( 'NONE',  ( 0.000000000000000000, 0.4255124837953336292, -0.3750000000000000000 ) ) ;
#3870 = EDGE_CURVE ( 'NONE', #2889, #1120, #2786, .T. ) ;
#3871 = LINE ( 'NONE', #3482, #4088 ) ;
#3872 = FACE_OUTER_BOUND ( 'NONE', #2561, .T. ) ;
#3873 = AXIS2_PLACEMENT_3D ( 'NONE', #178, #3903, #3576 ) ;
#3874 = ORIENTED_EDGE ( 'NONE', *, *, #4285, .T. ) ;
#3875 = ORIENTED_EDGE ( 'NONE', *, *, #2808, .F. ) ;
#3876 = CARTESIAN_POINT ( 'NONE',  ( 0.000000000000000000, 0.000000000000000000, -0.6250000000000009992 ) ) ;
#3877 = ORIENTED_EDGE ( 'NONE', *, *, #2642, .F. ) ;
#3878 = PRODUCT_DEFINITION_FORMATION_WITH_SPECIFIED_SOURCE ( 'ANY', '', #2812, .NOT_KNOWN. ) ;
#3879 = DIRECTION ( 'NONE',  ( 0.000000000000000000, 0.000000000000000000, -1.000000000000000000 ) ) ;
#3880 = DIRECTION ( 'NONE',  ( -0.000000000000000000, -0.000000000000000000, 1.000000000000000000 ) ) ;
#3881 = EDGE_LOOP ( 'NONE', ( #641, #317, #2047, #2748 ) ) ;
#3882 = VECTOR ( 'NONE', #3278, 1000.000000000000000 ) ;
#3883 = ORIENTED_EDGE ( 'NONE', *, *, #2810, .T. ) ;
#3884 = CARTESIAN_POINT ( 'NONE',  ( -1.000000000000000888, 0.03500000000000000333, -0.3750000000000000000 ) ) ;
#3885 = ORIENTED_EDGE ( 'NONE', *, *, #1568, .T. ) ;
#3886 = ORIENTED_EDGE ( 'NONE', *, *, #1485, .T. ) ;
#3887 = DIRECTION ( 'NONE',  ( 0.000000000000000000, 0.000000000000000000, -1.000000000000000000 ) ) ;
#3888 = FACE_OUTER_BOUND ( 'NONE', #1007, .T. ) ;
#3889 = ADVANCED_FACE ( 'NONE', ( #253 ), #3992, .T. ) ;
#3890 = DIRECTION ( 'NONE',  ( 0.000000000000000000, 0.000000000000000000, 1.000000000000000000 ) ) ;
#3891 = VERTEX_POINT ( 'NONE', #2266 ) ;
#3892 = SURFACE_STYLE_FILL_AREA ( #4157 ) ;
#3893 = DIRECTION ( 'NONE',  ( -0.7071067811865477948, 0.000000000000000000, -0.7071067811865473507 ) ) ;
#3894 = EDGE_CURVE ( 'NONE', #1503, #1921, #3659, .T. ) ;
#3895 = ORIENTED_EDGE ( 'NONE', *, *, #2450, .F. ) ;
#3896 = FACE_OUTER_BOUND ( 'NONE', #1891, .T. ) ;
#3897 = VERTEX_POINT ( 'NONE', #1264 ) ;
#3898 = EDGE_LOOP ( 'NONE', ( #2054, #3804, #1926, #3387 ) ) ;
#3899 = ORIENTED_EDGE ( 'NONE', *, *, #2491, .T. ) ;
#3900 = LINE ( 'NONE', #4289, #1739 ) ;
#3901 = CARTESIAN_POINT ( 'NONE',  ( -0.3750000000000000000, 0.000000000000000000, -0.6250000000000009992 ) ) ;
#3902 = ORIENTED_EDGE ( 'NONE', *, *, #2714, .T. ) ;
#3903 = DIRECTION ( 'NONE',  ( 0.000000000000000000, 1.000000000000000000, 0.000000000000000000 ) ) ;
#3904 = LINE ( 'NONE', #3318, #4066 ) ;
#3905 = DIRECTION ( 'NONE',  ( -1.000000000000000000, 0.000000000000000000, -0.000000000000000000 ) ) ;
#3906 = LINE ( 'NONE', #2531, #1408 ) ;
#3907 = FACE_OUTER_BOUND ( 'NONE', #3839, .T. ) ;
#3908 = AXIS2_PLACEMENT_3D ( 'NONE', #2918, #566, #2942 ) ;
#3909 = EDGE_CURVE ( 'NONE', #2055, #2690, #2631, .T. ) ;
#3910 = PRESENTATION_LAYER_ASSIGNMENT (  '', '', ( #1723 ) ) ;
#3911 = CARTESIAN_POINT ( 'NONE',  ( -1.000000000000000888, 0.000000000000000000, -0.3749999999999998890 ) ) ;
#3912 = DIRECTION ( 'NONE',  ( 0.000000000000000000, 1.000000000000000000, 0.000000000000000000 ) ) ;
#3913 = LINE ( 'NONE', #1529, #878 ) ;
#3914 = ADVANCED_FACE ( 'NONE', ( #594 ), #1951, .F. ) ;
#3915 = ORIENTED_EDGE ( 'NONE', *, *, #978, .T. ) ;
#3916 = CYLINDRICAL_SURFACE ( 'NONE', #867, 0.2500000000000000000 ) ;
#3917 = ORIENTED_EDGE ( 'NONE', *, *, #3981, .F. ) ;
#3918 = ORIENTED_EDGE ( 'NONE', *, *, #2616, .F. ) ;
#3919 = AXIS2_PLACEMENT_3D ( 'NONE', #3122, #2790, #435 ) ;
#3920 = EDGE_CURVE ( 'NONE', #1497, #553, #1620, .T. ) ;
#3921 = ADVANCED_FACE ( 'NONE', ( #3896 ), #1377, .T. ) ;
#3922 = ORIENTED_EDGE ( 'NONE', *, *, #1180, .F. ) ;
#3923 = LINE ( 'NONE', #1555, #1459 ) ;
#3924 = ADVANCED_FACE ( 'NONE', ( #2211 ), #1879, .F. ) ;
#3925 = LINE ( 'NONE', #857, #3988 ) ;
#3926 = EDGE_LOOP ( 'NONE', ( #507, #1049, #2327, #410 ) ) ;
#3927 = EDGE_CURVE ( 'NONE', #805, #1859, #3042, .T. ) ;
#3928 = DIRECTION ( 'NONE',  ( -1.000000000000000000, 0.000000000000000000, 1.445602896647339163E-16 ) ) ;
#3929 = CARTESIAN_POINT ( 'NONE',  ( -1.000000000000000888, 0.03500000000000000333, -0.1250000000000000000 ) ) ;
#3930 = ORIENTED_EDGE ( 'NONE', *, *, #2062, .F. ) ;
#3931 = VECTOR ( 'NONE', #372, 1000.000000000000000 ) ;
#3932 = AXIS2_PLACEMENT_3D ( 'NONE', #374, #742, #1833 ) ;
#3933 = VECTOR ( 'NONE', #4305, 1000.000000000000000 ) ;
#3934 = VECTOR ( 'NONE', #4020, 1000.000000000000000 ) ;
#3935 = DIRECTION ( 'NONE',  ( 0.000000000000000000, 0.000000000000000000, 1.000000000000000000 ) ) ;
#3936 = CARTESIAN_POINT ( 'NONE',  ( 0.000000000000000000, 0.4255124837953336292, -0.6250000000000009992 ) ) ;
#3937 = DIRECTION ( 'NONE',  ( 0.000000000000000000, 0.000000000000000000, 1.000000000000000000 ) ) ;
#3938 = AXIS2_PLACEMENT_3D ( 'NONE', #1463, #2485, #3525 ) ;
#3939 = DIRECTION ( 'NONE',  ( 1.000000000000000000, 0.000000000000000000, -1.734723475976807094E-15 ) ) ;
#3940 = DIRECTION ( 'NONE',  ( -1.000000000000000000, 0.000000000000000000, -0.000000000000000000 ) ) ;
#3941 = CARTESIAN_POINT ( 'NONE',  ( 0.000000000000000000, 0.000000000000000000, 0.000000000000000000 ) ) ;
#3942 = FILL_AREA_STYLE_COLOUR ( '', #1252 ) ;
#3943 = CARTESIAN_POINT ( 'NONE',  ( -1.000000000000001110, 0.03500000000000000333, 0.1249999999999982653 ) ) ;
#3944 = FACE_OUTER_BOUND ( 'NONE', #2268, .T. ) ;
#3945 = ORIENTED_EDGE ( 'NONE', *, *, #3524, .F. ) ;
#3946 = PLANE ( 'NONE',  #741 ) ;
#3947 = LINE ( 'NONE', #3315, #2852 ) ;
#3948 = EDGE_LOOP ( 'NONE', ( #2895, #3478, #1005, #2876 ) ) ;
#3949 = EDGE_CURVE ( 'NONE', #291, #3193, #3580, .T. ) ;
#3950 = VECTOR ( 'NONE', #1448, 1000.000000000000000 ) ;
#3951 = EDGE_LOOP ( 'NONE', ( #3972, #2068, #3667, #1600 ) ) ;
#3952 = EDGE_CURVE ( 'NONE', #66, #3132, #2042, .T. ) ;
#3953 = DIRECTION ( 'NONE',  ( -0.000000000000000000, -1.000000000000000000, -0.000000000000000000 ) ) ;
#3954 = MECHANICAL_DESIGN_GEOMETRIC_PRESENTATION_REPRESENTATION (  '', ( #3597 ), #761 ) ;
#3955 = EDGE_CURVE ( 'NONE', #4027, #369, #3512, .T. ) ;
#3956 = VECTOR ( 'NONE', #1550, 1000.000000000000000 ) ;
#3957 = AXIS2_PLACEMENT_3D ( 'NONE', #4069, #341, #3050 ) ;
#3958 = VERTEX_POINT ( 'NONE', #2998 ) ;
#3959 = AXIS2_PLACEMENT_3D ( 'NONE', #1589, #2943, #3868 ) ;
#3960 = CARTESIAN_POINT ( 'NONE',  ( 0.2399999999999991029, 0.7999999999999999334, 0.2399999999999991029 ) ) ;
#3961 = DIRECTION ( 'NONE',  ( -1.000000000000000000, 0.000000000000000000, -0.000000000000000000 ) ) ;
#3962 = DIRECTION ( 'NONE',  ( -1.000000000000000000, 0.000000000000000000, 0.000000000000000000 ) ) ;
#3963 = PLANE ( 'NONE',  #4243 ) ;
#3964 = CARTESIAN_POINT ( 'NONE',  ( -1.000000000000001110, 0.03500000000000000333, 0.1249999999999982653 ) ) ;
#3965 = PLANE ( 'NONE',  #2398 ) ;
#3966 = PLANE ( 'NONE',  #2317 ) ;
#3967 = LINE ( 'NONE', #192, #3956 ) ;
#3968 = ORIENTED_EDGE ( 'NONE', *, *, #613, .F. ) ;
#3969 = DIRECTION ( 'NONE',  ( 0.000000000000000000, 1.000000000000000000, 0.000000000000000000 ) ) ;
#3970 = ORIENTED_EDGE ( 'NONE', *, *, #4342, .F. ) ;
#3971 = ORIENTED_EDGE ( 'NONE', *, *, #642, .F. ) ;
#3972 = ORIENTED_EDGE ( 'NONE', *, *, #3187, .F. ) ;
#3973 = CARTESIAN_POINT ( 'NONE',  ( -0.3750000000000000000, 0.000000000000000000, 0.6250000000000009992 ) ) ;
#3974 = FACE_OUTER_BOUND ( 'NONE', #465, .T. ) ;
#3975 = ORIENTED_EDGE ( 'NONE', *, *, #531, .T. ) ;
#3976 = ORIENTED_EDGE ( 'NONE', *, *, #976, .F. ) ;
#3977 = EDGE_CURVE ( 'NONE', #1121, #66, #636, .T. ) ;
#3978 = DIRECTION ( 'NONE',  ( 1.000000000000000000, 0.000000000000000000, -0.000000000000000000 ) ) ;
#3979 = CARTESIAN_POINT ( 'NONE',  ( 6.505213034913026604E-16, 0.03499999999999998251, 0.3750000000000000000 ) ) ;
#3980 = ORIENTED_EDGE ( 'NONE', *, *, #3422, .T. ) ;
#3981 = EDGE_CURVE ( 'NONE', #2510, #2023, #2355, .T. ) ;
#3982 = EDGE_CURVE ( 'NONE', #4050, #888, #38, .T. ) ;
#3983 = DIRECTION ( 'NONE',  ( 1.000000000000000000, 0.000000000000000000, -2.168404344971009608E-16 ) ) ;
#3984 = FACE_OUTER_BOUND ( 'NONE', #3951, .T. ) ;
#3985 = CARTESIAN_POINT ( 'NONE',  ( 0.000000000000000000, 0.03500000000000000333, 0.000000000000000000 ) ) ;
#3986 = CARTESIAN_POINT ( 'NONE',  ( -0.1250000000000001110, 0.000000000000000000, -1.000000000000000888 ) ) ;
#3987 = ADVANCED_BREP_SHAPE_REPRESENTATION ( 'ICP-20100', ( #3291, #1846, #364, #1779, #1828, #3217, #267, #1728, #258, #1851, #3327, #1742, #344, #2412 ), #3725 ) ;
#3988 = VECTOR ( 'NONE', #4265, 1000.000000000000000 ) ;
#3989 = CARTESIAN_POINT ( 'NONE',  ( -0.7250000000000009770, 0.4255124837953336292, -0.3750000000000000000 ) ) ;
#3990 = CARTESIAN_POINT ( 'NONE',  ( -0.6250000000000003331, 0.2500000000000000000, -0.9249999999999998224 ) ) ;
#3991 = FACE_OUTER_BOUND ( 'NONE', #2005, .T. ) ;
#3992 = PLANE ( 'NONE',  #91 ) ;
#3993 = AXIS2_PLACEMENT_3D ( 'NONE', #2598, #968, #3606 ) ;
#3994 = VECTOR ( 'NONE', #3621, 1000.000000000000000 ) ;
#3995 = AXIS2_PLACEMENT_3D ( 'NONE', #4326, #3249, #2879 ) ;
#3996 = VERTEX_POINT ( 'NONE', #1394 ) ;
#3997 = DIRECTION ( 'NONE',  ( -4.625929269271476645E-15, 0.000000000000000000, 1.000000000000000000 ) ) ;
#3998 = DIRECTION ( 'NONE',  ( -1.000000000000000000, -0.000000000000000000, -1.734723475976807094E-15 ) ) ;
#3999 = AXIS2_PLACEMENT_3D ( 'NONE', #3728, #2342, #309 ) ;
#4000 = ORIENTED_EDGE ( 'NONE', *, *, #3493, .F. ) ;
#4001 = FACE_OUTER_BOUND ( 'NONE', #3530, .T. ) ;
#4002 = LINE ( 'NONE', #963, #2014 ) ;
#4003 = CIRCLE ( 'NONE', #2870, 0.1750000000000000167 ) ;
#4004 = VERTEX_POINT ( 'NONE', #977 ) ;
#4005 = ORIENTED_EDGE ( 'NONE', *, *, #1599, .F. ) ;
#4006 = VECTOR ( 'NONE', #4235, 1000.000000000000000 ) ;
#4007 = CARTESIAN_POINT ( 'NONE',  ( -0.6250000000000000000, 0.03500000000000000333, -0.6250000000000009992 ) ) ;
#4008 = CARTESIAN_POINT ( 'NONE',  ( 1.807003620809169455E-16, 0.4255124837953336292, 0.1249999999999997086 ) ) ;
#4009 = LINE ( 'NONE', #3346, #2296 ) ;
#4010 = CARTESIAN_POINT ( 'NONE',  ( 0.000000000000000000, 0.03499999999999998251, 0.9250000000000009326 ) ) ;
#4011 = VECTOR ( 'NONE', #718, 1000.000000000000000 ) ;
#4012 = EDGE_CURVE ( 'NONE', #2401, #1825, #1014, .T. ) ;
#4013 = FACE_OUTER_BOUND ( 'NONE', #4077, .T. ) ;
#4014 =( NAMED_UNIT ( * ) SI_UNIT ( $, .STERADIAN. ) SOLID_ANGLE_UNIT ( ) );
#4015 = CARTESIAN_POINT ( 'NONE',  ( 0.000000000000000000, 0.03500000000000000333, 0.000000000000000000 ) ) ;
#4016 = EDGE_LOOP ( 'NONE', ( #432, #3847, #960, #1354 ) ) ;
#4017 = CARTESIAN_POINT ( 'NONE',  ( 0.000000000000000000, 0.03500000000000000333, 0.000000000000000000 ) ) ;
#4018 = EDGE_CURVE ( 'NONE', #2031, #840, #2384, .T. ) ;
#4019 = VECTOR ( 'NONE', #4124, 1000.000000000000000 ) ;
#4020 = DIRECTION ( 'NONE',  ( 1.734723475976807094E-15, 0.000000000000000000, 1.000000000000000000 ) ) ;
#4021 = CARTESIAN_POINT ( 'NONE',  ( -1.000000000000000888, 0.03500000000000000333, -0.1250000000000000000 ) ) ;
#4022 = ORIENTED_EDGE ( 'NONE', *, *, #1186, .T. ) ;
#4023 = VERTEX_POINT ( 'NONE', #335 ) ;
#4024 = FACE_OUTER_BOUND ( 'NONE', #3750, .T. ) ;
#4025 = FACE_OUTER_BOUND ( 'NONE', #2248, .T. ) ;
#4026 = CLOSED_SHELL ( 'NONE', ( #1406, #4311, #2060, #2920 ) ) ;
#4027 = VERTEX_POINT ( 'NONE', #4353 ) ;
#4028 = ORIENTED_EDGE ( 'NONE', *, *, #3819, .T. ) ;
#4029 = DIRECTION ( 'NONE',  ( 4.625929269271501888E-15, 0.000000000000000000, -1.000000000000000000 ) ) ;
#4030 = CARTESIAN_POINT ( 'NONE',  ( 1.000000000000000888, 0.03500000000000000333, -0.1250000000000000000 ) ) ;
#4031 = SURFACE_STYLE_USAGE ( .BOTH. , #2680 ) ;
#4032 = ORIENTED_EDGE ( 'NONE', *, *, #3759, .F. ) ;
#4033 = APPLICATION_CONTEXT ( 'automotive_design' ) ;
#4034 = CIRCLE ( 'NONE', #2898, 0.2500000000000000000 ) ;
#4035 = CARTESIAN_POINT ( 'NONE',  ( 0.2399999999999991029, 0.7999999999999999334, 0.2399999999999991029 ) ) ;
#4036 = ADVANCED_FACE ( 'NONE', ( #1685 ), #1330, .F. ) ;
#4037 = LINE ( 'NONE', #2312, #2529 ) ;
#4038 = CARTESIAN_POINT ( 'NONE',  ( 0.000000000000000000, 0.03500000000000000333, 0.000000000000000000 ) ) ;
#4039 = DIRECTION ( 'NONE',  ( 1.000000000000000000, 0.000000000000000000, 1.734723475976807094E-15 ) ) ;
#4040 = EDGE_CURVE ( 'NONE', #2401, #463, #2711, .T. ) ;
#4041 = ORIENTED_EDGE ( 'NONE', *, *, #750, .T. ) ;
#4042 = ADVANCED_FACE ( 'NONE', ( #1308 ), #1061, .F. ) ;
#4043 = DIRECTION ( 'NONE',  ( 4.987329993433327496E-15, 0.000000000000000000, -1.000000000000000000 ) ) ;
#4044 = LINE ( 'NONE', #2755, #2212 ) ;
#4045 = ORIENTED_EDGE ( 'NONE', *, *, #3982, .F. ) ;
#4046 = ORIENTED_EDGE ( 'NONE', *, *, #3952, .F. ) ;
#4047 = FACE_OUTER_BOUND ( 'NONE', #4393, .T. ) ;
#4048 = LINE ( 'NONE', #3706, #28 ) ;
#4049 = ORIENTED_EDGE ( 'NONE', *, *, #3894, .F. ) ;
#4050 = VERTEX_POINT ( 'NONE', #1704 ) ;
#4051 = PLANE ( 'NONE',  #4356 ) ;
#4052 = ORIENTED_EDGE ( 'NONE', *, *, #1597, .F. ) ;
#4053 = ORIENTED_EDGE ( 'NONE', *, *, #3093, .T. ) ;
#4054 = EDGE_LOOP ( 'NONE', ( #154, #1576, #2197, #2077 ) ) ;
#4055 = PLANE ( 'NONE',  #4224 ) ;
#4056 = DIRECTION ( 'NONE',  ( 0.000000000000000000, -1.000000000000000000, 0.000000000000000000 ) ) ;
#4057 = DIRECTION ( 'NONE',  ( -0.000000000000000000, 1.000000000000000000, -0.000000000000000000 ) ) ;
#4058 = CARTESIAN_POINT ( 'NONE',  ( 0.6250000000000011102, 0.03500000000000000333, 0.1249999999999988065 ) ) ;
#4059 = EDGE_LOOP ( 'NONE', ( #487, #2916, #256, #930 ) ) ;
#4060 = CARTESIAN_POINT ( 'NONE',  ( -1.000000000000000888, 0.1499999999999999944, -1.000000000000000888 ) ) ;
#4061 = LINE ( 'NONE', #1044, #3638 ) ;
#4062 = EDGE_LOOP ( 'NONE', ( #3852, #873, #2435, #2407 ) ) ;
#4063 = EDGE_LOOP ( 'NONE', ( #916, #2871 ) ) ;
#4064 = AXIS2_PLACEMENT_3D ( 'NONE', #941, #2305, #1967 ) ;
#4065 = VECTOR ( 'NONE', #27, 1000.000000000000000 ) ;
#4066 = VECTOR ( 'NONE', #3266, 1000.000000000000000 ) ;
#4067 = LINE ( 'NONE', #1025, #2104 ) ;
#4068 = EDGE_CURVE ( 'NONE', #3593, #850, #2602, .T. ) ;
#4069 = CARTESIAN_POINT ( 'NONE',  ( 0.000000000000000000, 0.000000000000000000, 0.000000000000000000 ) ) ;
#4070 = CARTESIAN_POINT ( 'NONE',  ( -0.1250000000000000278, 0.000000000000000000, -0.6250000000000009992 ) ) ;
#4071 = FILL_AREA_STYLE ('',( #49 ) ) ;
#4072 = ORIENTED_EDGE ( 'NONE', *, *, #1681, .T. ) ;
#4073 = VECTOR ( 'NONE', #1934, 1000.000000000000000 ) ;
#4074 = ADVANCED_FACE ( 'NONE', ( #3350 ), #3745, .F. ) ;
#4075 = VERTEX_POINT ( 'NONE', #3083 ) ;
#4076 = DIRECTION ( 'NONE',  ( -8.673617379884036705E-17, 0.000000000000000000, -1.000000000000000000 ) ) ;
#4077 = EDGE_LOOP ( 'NONE', ( #1337, #984, #3455, #3598 ) ) ;
#4078 = EDGE_LOOP ( 'NONE', ( #1720, #1301, #3976, #2387 ) ) ;
#4079 = AXIS2_PLACEMENT_3D ( 'NONE', #548, #3308, #194 ) ;
#4080 = PLANE ( 'NONE',  #102 ) ;
#4081 = VERTEX_POINT ( 'NONE', #2066 ) ;
#4082 = CARTESIAN_POINT ( 'NONE',  ( 0.3750000000000000000, 0.03500000000000000333, -0.6250000000000009992 ) ) ;
#4083 = VECTOR ( 'NONE', #1261, 1000.000000000000000 ) ;
#4084 = FACE_OUTER_BOUND ( 'NONE', #3709, .T. ) ;
#4085 = PLANE ( 'NONE',  #1978 ) ;
#4086 = CARTESIAN_POINT ( 'NONE',  ( -0.6250000000000003331, 0.2500000000000000000, 0.9250000000000000444 ) ) ;
#4087 = DIRECTION ( 'NONE',  ( -0.000000000000000000, 1.000000000000000000, -0.000000000000000000 ) ) ;
#4088 = VECTOR ( 'NONE', #24, 1000.000000000000000 ) ;
#4089 = PLANE ( 'NONE',  #520 ) ;
#4090 = ORIENTED_EDGE ( 'NONE', *, *, #3469, .F. ) ;
#4091 = PRESENTATION_STYLE_ASSIGNMENT (( #3447 ) ) ;
#4092 = DIRECTION ( 'NONE',  ( 0.000000000000000000, 0.000000000000000000, -1.000000000000000000 ) ) ;
#4093 = EDGE_CURVE ( 'NONE', #4338, #3552, #2337, .T. ) ;
#4094 = DIRECTION ( 'NONE',  ( 6.195440985631452359E-16, -0.000000000000000000, 1.000000000000000000 ) ) ;
#4095 = ADVANCED_FACE ( 'NONE', ( #3680 ), #996, .F. ) ;
#4096 = PRODUCT_DEFINITION_SHAPE ( 'NONE', 'NONE',  #4324 ) ;
#4097 = EDGE_LOOP ( 'NONE', ( #19, #167, #4409, #625 ) ) ;
#4098 = ORIENTED_EDGE ( 'NONE', *, *, #2399, .F. ) ;
#4099 = PLANE ( 'NONE',  #229 ) ;
#4100 = SURFACE_SIDE_STYLE ('',( #2706 ) ) ;
#4101 = ADVANCED_FACE ( 'NONE', ( #1792 ), #3118, .F. ) ;
#4102 = ORIENTED_EDGE ( 'NONE', *, *, #2425, .T. ) ;
#4103 = DIRECTION ( 'NONE',  ( -1.000000000000000000, -0.000000000000000000, -0.000000000000000000 ) ) ;
#4104 = DIRECTION ( 'NONE',  ( 0.000000000000000000, -1.000000000000000000, 0.000000000000000000 ) ) ;
#4105 = DIRECTION ( 'NONE',  ( 0.000000000000000000, -1.000000000000000000, 0.000000000000000000 ) ) ;
#4106 = CARTESIAN_POINT ( 'NONE',  ( 0.9250000000000000444, 0.4255124837953336292, -0.3750000000000000000 ) ) ;
#4107 = CIRCLE ( 'NONE', #3248, 0.2499999999999998890 ) ;
#4108 = ORIENTED_EDGE ( 'NONE', *, *, #3004, .T. ) ;
#4109 = VECTOR ( 'NONE', #1849, 1000.000000000000000 ) ;
#4110 = CARTESIAN_POINT ( 'NONE',  ( 0.1249999999999999722, 0.000000000000000000, -0.6250000000000009992 ) ) ;
#4111 = DIRECTION ( 'NONE',  ( 1.000000000000000000, 0.000000000000000000, 0.000000000000000000 ) ) ;
#4112 = DIRECTION ( 'NONE',  ( 0.000000000000000000, 0.000000000000000000, 1.000000000000000000 ) ) ;
#4113 = ORIENTED_EDGE ( 'NONE', *, *, #181, .T. ) ;
#4114 = DIRECTION ( 'NONE',  ( 0.000000000000000000, 0.000000000000000000, 1.000000000000000000 ) ) ;
#4115 = ADVANCED_FACE ( 'NONE', ( #823 ), #762, .F. ) ;
#4116 = ORIENTED_EDGE ( 'NONE', *, *, #2062, .T. ) ;
#4117 = VERTEX_POINT ( 'NONE', #3102 ) ;
#4118 = CARTESIAN_POINT ( 'NONE',  ( 0.6249999999999998890, 0.6749999999999999334, -0.8749999999999998890 ) ) ;
#4119 = CARTESIAN_POINT ( 'NONE',  ( -1.000000000000000888, 0.03500000000000000333, -0.3750000000000000000 ) ) ;
#4120 = EDGE_CURVE ( 'NONE', #2194, #3739, #3794, .T. ) ;
#4121 = ORIENTED_EDGE ( 'NONE', *, *, #4040, .F. ) ;
#4122 = SHAPE_DEFINITION_REPRESENTATION ( #4096, #3987 ) ;
#4123 = ADVANCED_FACE ( 'NONE', ( #3458 ), #431, .F. ) ;
#4124 = DIRECTION ( 'NONE',  ( -0.000000000000000000, -1.000000000000000000, -0.000000000000000000 ) ) ;
#4125 = ADVANCED_FACE ( 'NONE', ( #3500 ), #2854, .F. ) ;
#4126 = DIRECTION ( 'NONE',  ( 4.553649124439120201E-15, 0.000000000000000000, -1.000000000000000000 ) ) ;
#4127 = CARTESIAN_POINT ( 'NONE',  ( -0.1250000000000018319, 0.03500000000000000333, 1.000000000000000444 ) ) ;
#4128 = ORIENTED_EDGE ( 'NONE', *, *, #1976, .F. ) ;
#4129 = CARTESIAN_POINT ( 'NONE',  ( 0.6250000000000015543, 0.000000000000000000, 0.3749999999999989453 ) ) ;
#4130 = CARTESIAN_POINT ( 'NONE',  ( 0.6250000000000008882, 0.000000000000000000, -0.1249999999999999445 ) ) ;
#4131 = VERTEX_POINT ( 'NONE', #2467 ) ;
#4132 = CARTESIAN_POINT ( 'NONE',  ( -0.6250000000000011102, 0.03499999999999998251, 0.1249999999999988065 ) ) ;
#4133 = CARTESIAN_POINT ( 'NONE',  ( 0.3750000000000001665, 0.03499999999999998251, -1.084202172485505174E-16 ) ) ;
#4134 = CARTESIAN_POINT ( 'NONE',  ( 0.6250000000000028866, 0.000000000000000000, 2.891205793294686511E-15 ) ) ;
#4135 = ORIENTED_EDGE ( 'NONE', *, *, #3418, .F. ) ;
#4136 = VECTOR ( 'NONE', #391, 1000.000000000000000 ) ;
#4137 = MECHANICAL_DESIGN_GEOMETRIC_PRESENTATION_REPRESENTATION (  '', ( #3428 ), #1224 ) ;
#4138 = ORIENTED_EDGE ( 'NONE', *, *, #3949, .T. ) ;
#4139 = CARTESIAN_POINT ( 'NONE',  ( -0.3750000000000000000, 0.000000000000000000, -0.6250000000000009992 ) ) ;
#4140 = VECTOR ( 'NONE', #1227, 1000.000000000000000 ) ;
#4141 = CARTESIAN_POINT ( 'NONE',  ( -0.6249999999999997780, -0.000000000000000000, 1.807003620809173892E-16 ) ) ;
#4142 = VECTOR ( 'NONE', #1379, 1000.000000000000000 ) ;
#4143 = EDGE_LOOP ( 'NONE', ( #1247, #2610, #560, #1434 ) ) ;
#4144 = AXIS2_PLACEMENT_3D ( 'NONE', #1595, #3280, #2977 ) ;
#4145 = CARTESIAN_POINT ( 'NONE',  ( 0.3750000000000000000, 0.03500000000000000333, 0.6250000000000009992 ) ) ;
#4146 = DIRECTION ( 'NONE',  ( -1.734723475976806306E-15, 0.000000000000000000, -1.000000000000000000 ) ) ;
#4147 = EDGE_CURVE ( 'NONE', #2760, #2546, #2829, .T. ) ;
#4148 = DIRECTION ( 'NONE',  ( -0.000000000000000000, -1.000000000000000000, -0.000000000000000000 ) ) ;
#4149 = EDGE_CURVE ( 'NONE', #4263, #961, #94, .T. ) ;
#4150 = PLANE ( 'NONE',  #2464 ) ;
#4151 = PLANE ( 'NONE',  #2249 ) ;
#4152 = ADVANCED_FACE ( 'NONE', ( #75 ), #2806, .T. ) ;
#4153 = PLANE ( 'NONE',  #1230 ) ;
#4154 = AXIS2_PLACEMENT_3D ( 'NONE', #4182, #3439, #3481 ) ;
#4155 = COLOUR_RGB ( '',0.7921568627450980005, 0.8196078431372548767, 0.9333333333333333481 ) ;
#4156 = CIRCLE ( 'NONE', #3379, 0.1750000000000000167 ) ;
#4157 = FILL_AREA_STYLE ('',( #3942 ) ) ;
#4158 = CARTESIAN_POINT ( 'NONE',  ( 0.6249999999999997780, 0.6749999999999999334, 0.7000000000000001776 ) ) ;
#4159 = AXIS2_PLACEMENT_3D ( 'NONE', #1830, #3116, #1478 ) ;
#4160 = ORIENTED_EDGE ( 'NONE', *, *, #1542, .F. ) ;
#4161 = LINE ( 'NONE', #426, #582 ) ;
#4162 = VECTOR ( 'NONE', #4184, 1000.000000000000000 ) ;
#4163 = CARTESIAN_POINT ( 'NONE',  ( -0.1250000000000000833, 0.4255124837953336292, -0.9250000000000011546 ) ) ;
#4164 = CARTESIAN_POINT ( 'NONE',  ( 1.000000000000000888, 0.03500000000000000333, -0.3750000000000000000 ) ) ;
#4165 = DIRECTION ( 'NONE',  ( -1.000000000000000000, -0.000000000000000000, -0.000000000000000000 ) ) ;
#4166 = VECTOR ( 'NONE', #222, 1000.000000000000000 ) ;
#4167 = ADVANCED_FACE ( 'NONE', ( #2766 ), #1432, .F. ) ;
#4168 = DIRECTION ( 'NONE',  ( 0.000000000000000000, -0.000000000000000000, -1.000000000000000000 ) ) ;
#4169 = CARTESIAN_POINT ( 'NONE',  ( 0.000000000000000000, 0.03499999999999998251, -0.6250000000000009992 ) ) ;
#4170 = EDGE_CURVE ( 'NONE', #1416, #2031, #138, .T. ) ;
#4171 = VECTOR ( 'NONE', #4105, 1000.000000000000000 ) ;
#4172 = DIRECTION ( 'NONE',  ( 1.000000000000000000, 0.000000000000000000, 0.000000000000000000 ) ) ;
#4173 = ADVANCED_FACE ( 'NONE', ( #1080 ), #2137, .F. ) ;
#4174 = VECTOR ( 'NONE', #4146, 1000.000000000000000 ) ;
#4175 = CARTESIAN_POINT ( 'NONE',  ( -1.214306433183764966E-16, 0.6749999999999999334, 0.7000000000000000666 ) ) ;
#4176 = DIRECTION ( 'NONE',  ( 0.000000000000000000, -0.000000000000000000, -1.000000000000000000 ) ) ;
#4177 = ORIENTED_EDGE ( 'NONE', *, *, #1248, .F. ) ;
#4178 = LINE ( 'NONE', #861, #3950 ) ;
#4179 = DIRECTION ( 'NONE',  ( -1.000000000000000000, 0.000000000000000000, -1.734723475976806848E-16 ) ) ;
#4180 = CYLINDRICAL_SURFACE ( 'NONE', #2783, 0.3000000000000000444 ) ;
#4181 = LINE ( 'NONE', #3806, #3815 ) ;
#4182 = CARTESIAN_POINT ( 'NONE',  ( 0.000000000000000000, 0.03500000000000000333, 0.000000000000000000 ) ) ;
#4183 = DIRECTION ( 'NONE',  ( -0.000000000000000000, -1.000000000000000000, -0.000000000000000000 ) ) ;
#4184 = DIRECTION ( 'NONE',  ( 0.000000000000000000, 0.000000000000000000, -1.000000000000000000 ) ) ;
#4185 = ORIENTED_EDGE ( 'NONE', *, *, #2310, .F. ) ;
#4186 = VERTEX_POINT ( 'NONE', #452 ) ;
#4187 = LINE ( 'NONE', #3529, #2935 ) ;
#4188 = ORIENTED_EDGE ( 'NONE', *, *, #1621, .T. ) ;
#4189 = ORIENTED_EDGE ( 'NONE', *, *, #448, .T. ) ;
#4190 = PLANE ( 'NONE',  #3087 ) ;
#4191 = SURFACE_STYLE_FILL_AREA ( #2795 ) ;
#4192 = EDGE_CURVE ( 'NONE', #1820, #549, #1813, .T. ) ;
#4193 = ORIENTED_EDGE ( 'NONE', *, *, #3108, .T. ) ;
#4194 = EDGE_CURVE ( 'NONE', #850, #3338, #39, .T. ) ;
#4195 = VECTOR ( 'NONE', #1647, 1000.000000000000000 ) ;
#4196 = ORIENTED_EDGE ( 'NONE', *, *, #1999, .T. ) ;
#4197 = CARTESIAN_POINT ( 'NONE',  ( 0.9250000000000000444, 0.4255124837953336292, 0.000000000000000000 ) ) ;
#4198 = LINE ( 'NONE', #427, #590 ) ;
#4199 = VECTOR ( 'NONE', #4371, 1000.000000000000000 ) ;
#4200 = ADVANCED_FACE ( 'NONE', ( #1480 ), #1753, .F. ) ;
#4201 = EDGE_LOOP ( 'NONE', ( #3767, #1260, #809, #4188 ) ) ;
#4202 = VERTEX_POINT ( 'NONE', #1500 ) ;
#4203 = VECTOR ( 'NONE', #565, 1000.000000000000000 ) ;
#4204 = PLANE ( 'NONE',  #4159 ) ;
#4205 = DIRECTION ( 'NONE',  ( 0.000000000000000000, 0.000000000000000000, -1.000000000000000000 ) ) ;
#4206 = VECTOR ( 'NONE', #1107, 1000.000000000000000 ) ;
#4207 = DIRECTION ( 'NONE',  ( -0.000000000000000000, 1.000000000000000000, -0.000000000000000000 ) ) ;
#4208 = DIRECTION ( 'NONE',  ( -1.734723475976806306E-15, 0.000000000000000000, 1.000000000000000000 ) ) ;
#4209 = DIRECTION ( 'NONE',  ( 0.000000000000000000, -0.000000000000000000, -1.000000000000000000 ) ) ;
#4210 = AXIS2_PLACEMENT_3D ( 'NONE', #1761, #1400, #4112 ) ;
#4211 = ORIENTED_EDGE ( 'NONE', *, *, #67, .T. ) ;
#4212 = DIRECTION ( 'NONE',  ( 0.000000000000000000, 0.000000000000000000, -1.000000000000000000 ) ) ;
#4213 = ORIENTED_EDGE ( 'NONE', *, *, #1838, .F. ) ;
#4214 = CARTESIAN_POINT ( 'NONE',  ( -0.1250000000000014710, 0.4255124837953336292, 0.9250000000000009326 ) ) ;
#4215 = CARTESIAN_POINT ( 'NONE',  ( 1.000000000000000888, 0.1499999999999999944, -1.000000000000000888 ) ) ;
#4216 = VECTOR ( 'NONE', #3664, 1000.000000000000000 ) ;
#4217 = ORIENTED_EDGE ( 'NONE', *, *, #3469, .T. ) ;
#4218 = VERTEX_POINT ( 'NONE', #211 ) ;
#4219 = CIRCLE ( 'NONE', #1675, 0.07499999999999987232 ) ;
#4220 = AXIS2_PLACEMENT_3D ( 'NONE', #3540, #2625, #2573 ) ;
#4221 = EDGE_CURVE ( 'NONE', #506, #1825, #1244, .T. ) ;
#4222 = ORIENTED_EDGE ( 'NONE', *, *, #2984, .F. ) ;
#4223 = SURFACE_SIDE_STYLE ('',( #2874 ) ) ;
#4224 = AXIS2_PLACEMENT_3D ( 'NONE', #3718, #679, #799 ) ;
#4225 = ORIENTED_EDGE ( 'NONE', *, *, #2082, .T. ) ;
#4226 = EDGE_CURVE ( 'NONE', #2549, #2760, #1918, .T. ) ;
#4227 = EDGE_CURVE ( 'NONE', #3243, #4027, #1526, .T. ) ;
#4228 = CARTESIAN_POINT ( 'NONE',  ( -0.6250000000000000000, 0.000000000000000000, 0.6250000000000009992 ) ) ;
#4229 = CARTESIAN_POINT ( 'NONE',  ( 0.6249999999999986677, 0.4255124837953336292, 0.9250000000000009326 ) ) ;
#4230 = FACE_OUTER_BOUND ( 'NONE', #2537, .T. ) ;
#4231 = LINE ( 'NONE', #2904, #1815 ) ;
#4232 = PLANE ( 'NONE',  #833 ) ;
#4233 = PLANE ( 'NONE',  #2694 ) ;
#4234 = AXIS2_PLACEMENT_3D ( 'NONE', #1633, #962, #557 ) ;
#4235 = DIRECTION ( 'NONE',  ( -0.000000000000000000, -1.000000000000000000, -0.000000000000000000 ) ) ;
#4236 = DIRECTION ( 'NONE',  ( 0.000000000000000000, -1.000000000000000000, 0.000000000000000000 ) ) ;
#4237 = DIRECTION ( 'NONE',  ( -0.000000000000000000, -1.000000000000000000, -0.000000000000000000 ) ) ;
#4238 = ORIENTED_EDGE ( 'NONE', *, *, #946, .F. ) ;
#4239 = ORIENTED_EDGE ( 'NONE', *, *, #454, .F. ) ;
#4240 = VECTOR ( 'NONE', #719, 1000.000000000000000 ) ;
#4241 = DIRECTION ( 'NONE',  ( 0.000000000000000000, -1.000000000000000000, 0.000000000000000000 ) ) ;
#4242 = PLANE ( 'NONE',  #1302 ) ;
#4243 = AXIS2_PLACEMENT_3D ( 'NONE', #2572, #4205, #3626 ) ;
#4244 = EDGE_LOOP ( 'NONE', ( #235, #3505, #2539, #3452 ) ) ;
#4245 = ORIENTED_EDGE ( 'NONE', *, *, #1081, .T. ) ;
#4246 = VERTEX_POINT ( 'NONE', #2183 ) ;
#4247 = ADVANCED_FACE ( 'NONE', ( #3907 ), #1875, .F. ) ;
#4248 = EDGE_CURVE ( 'NONE', #549, #4081, #2970, .T. ) ;
#4249 = DIRECTION ( 'NONE',  ( 1.000000000000000000, 0.000000000000000000, 8.673617379884034239E-17 ) ) ;
#4250 = DIRECTION ( 'NONE',  ( 0.000000000000000000, -1.000000000000000000, 0.000000000000000000 ) ) ;
#4251 = DIRECTION ( 'NONE',  ( 0.000000000000000000, 1.000000000000000000, 0.000000000000000000 ) ) ;
#4252 = ADVANCED_FACE ( 'NONE', ( #4275 ), #1207, .F. ) ;
#4253 = EDGE_CURVE ( 'NONE', #3236, #1192, #2881, .T. ) ;
#4254 = EDGE_CURVE ( 'NONE', #3891, #3215, #1850, .T. ) ;
#4255 = CARTESIAN_POINT ( 'NONE',  ( 0.9250000000000000444, -0.000000000000000000, -0.3750000000000000000 ) ) ;
#4256 = ORIENTED_EDGE ( 'NONE', *, *, #3359, .F. ) ;
#4257 = CARTESIAN_POINT ( 'NONE',  ( 0.9249999999999998224, 0.2500000000000000000, -0.6250000000000000000 ) ) ;
#4258 = FACE_OUTER_BOUND ( 'NONE', #4288, .T. ) ;
#4259 = ORIENTED_EDGE ( 'NONE', *, *, #1374, .F. ) ;
#4260 = ORIENTED_EDGE ( 'NONE', *, *, #562, .T. ) ;
#4261 = DIRECTION ( 'NONE',  ( 1.000000000000000000, 0.000000000000000000, 0.000000000000000000 ) ) ;
#4262 = EDGE_CURVE ( 'NONE', #393, #1561, #3302, .T. ) ;
#4263 = VERTEX_POINT ( 'NONE', #542 ) ;
#4264 = CARTESIAN_POINT ( 'NONE',  ( 1.000000000000000888, 0.000000000000000000, -1.000000000000000888 ) ) ;
#4265 = DIRECTION ( 'NONE',  ( -0.000000000000000000, -1.000000000000000000, -0.000000000000000000 ) ) ;
#4266 = ORIENTED_EDGE ( 'NONE', *, *, #562, .F. ) ;
#4267 = ORIENTED_EDGE ( 'NONE', *, *, #4253, .F. ) ;
#4268 = DIRECTION ( 'NONE',  ( -1.000000000000000000, 0.000000000000000000, 0.000000000000000000 ) ) ;
#4269 = FILL_AREA_STYLE_COLOUR ( '', #1584 ) ;
#4270 = ORIENTED_EDGE ( 'NONE', *, *, #2159, .T. ) ;
#4271 = AXIS2_PLACEMENT_3D ( 'NONE', #3685, #2432, #3085 ) ;
#4272 = PLANE ( 'NONE',  #1441 ) ;
#4273 = LINE ( 'NONE', #1300, #2506 ) ;
#4274 = DIRECTION ( 'NONE',  ( 1.734723475976806306E-15, 0.000000000000000000, 1.000000000000000000 ) ) ;
#4275 = FACE_OUTER_BOUND ( 'NONE', #2174, .T. ) ;
#4276 = AXIS2_PLACEMENT_3D ( 'NONE', #3516, #2774, #53 ) ;
#4277 = DIRECTION ( 'NONE',  ( -1.000000000000000000, -0.000000000000000000, -1.734723475976806306E-15 ) ) ;
#4278 = EDGE_CURVE ( 'NONE', #851, #628, #3609, .T. ) ;
#4279 = VECTOR ( 'NONE', #4309, 1000.000000000000000 ) ;
#4280 = CARTESIAN_POINT ( 'NONE',  ( -0.9250000000000002665, 0.2500000000000000000, 0.6250000000000001110 ) ) ;
#4281 = CARTESIAN_POINT ( 'NONE',  ( -0.7250000000000009770, 0.03500000000000000333, -0.3750000000000000000 ) ) ;
#4282 = ORIENTED_EDGE ( 'NONE', *, *, #1566, .T. ) ;
#4283 = DIRECTION ( 'NONE',  ( -1.000000000000000000, 0.000000000000000000, 1.734723475976807094E-15 ) ) ;
#4284 = ORIENTED_EDGE ( 'NONE', *, *, #1457, .T. ) ;
#4285 = EDGE_CURVE ( 'NONE', #787, #3532, #3228, .T. ) ;
#4286 = ORIENTED_EDGE ( 'NONE', *, *, #2955, .T. ) ;
#4287 = EDGE_CURVE ( 'NONE', #723, #2031, #4329, .T. ) ;
#4288 = EDGE_LOOP ( 'NONE', ( #1002, #3267, #2776, #2178 ) ) ;
#4289 = CARTESIAN_POINT ( 'NONE',  ( -0.6250000000000000000, 0.4255124837953336292, -0.9250000000000011546 ) ) ;
#4290 = DIRECTION ( 'NONE',  ( -1.000000000000000000, 0.000000000000000000, 0.000000000000000000 ) ) ;
#4291 = VERTEX_POINT ( 'NONE', #1565 ) ;
#4292 = VECTOR ( 'NONE', #120, 1000.000000000000000 ) ;
#4293 = DIRECTION ( 'NONE',  ( 1.000000000000000000, 0.000000000000000000, -0.000000000000000000 ) ) ;
#4294 = DIRECTION ( 'NONE',  ( -1.000000000000000000, 0.000000000000000000, 1.734723475976807094E-15 ) ) ;
#4295 = AXIS2_PLACEMENT_3D ( 'NONE', #270, #2006, #1585 ) ;
#4296 = VECTOR ( 'NONE', #279, 1000.000000000000000 ) ;
#4297 = VECTOR ( 'NONE', #2203, 1000.000000000000000 ) ;
#4298 = AXIS2_PLACEMENT_3D ( 'NONE', #2980, #4336, #3997 ) ;
#4299 = EDGE_LOOP ( 'NONE', ( #1122, #133, #771, #3372, #696, #2924, #1539, #3886, #2873, #1531, #4222, #3394, #1588, #1870, #3853, #3708 ) ) ;
#4300 = PLANE ( 'NONE',  #2738 ) ;
#4301 = LINE ( 'NONE', #865, #3563 ) ;
#4302 = CARTESIAN_POINT ( 'NONE',  ( 0.6999999999999997335, 0.8499999999999999778, -0.6250000000000000000 ) ) ;
#4303 = AXIS2_PLACEMENT_3D ( 'NONE', #1992, #2750, #2380 ) ;
#4304 = DIRECTION ( 'NONE',  ( 0.000000000000000000, 0.000000000000000000, 1.000000000000000000 ) ) ;
#4305 = DIRECTION ( 'NONE',  ( -4.625929269271501888E-15, 0.000000000000000000, 1.000000000000000000 ) ) ;
#4306 = CARTESIAN_POINT ( 'NONE',  ( -0.6250000000000001110, 0.03500000000000000333, -1.000000000000000888 ) ) ;
#4307 = CARTESIAN_POINT ( 'NONE',  ( 0.000000000000000000, 0.000000000000000000, 0.6250000000000009992 ) ) ;
#4308 = LINE ( 'NONE', #2207, #4394 ) ;
#4309 = DIRECTION ( 'NONE',  ( 0.000000000000000000, 0.000000000000000000, 1.000000000000000000 ) ) ;
#4310 = EDGE_LOOP ( 'NONE', ( #3968, #252, #3055, #2145 ) ) ;
#4311 = ADVANCED_FACE ( 'NONE', ( #4230 ), #845, .T. ) ;
#4312 = ORIENTED_EDGE ( 'NONE', *, *, #3982, .T. ) ;
#4313 = EDGE_CURVE ( 'NONE', #1777, #1373, #2944, .T. ) ;
#4314 = LINE ( 'NONE', #3262, #397 ) ;
#4315 = CARTESIAN_POINT ( 'NONE',  ( 0.000000000000000000, 0.000000000000000000, 0.000000000000000000 ) ) ;
#4316 = EDGE_CURVE ( 'NONE', #2693, #604, #1258, .T. ) ;
#4317 = UNCERTAINTY_MEASURE_WITH_UNIT (LENGTH_MEASURE( 1.000000000000000082E-05 ), #974, 'distance_accuracy_value', 'NONE');
#4318 = ORIENTED_EDGE ( 'NONE', *, *, #1892, .F. ) ;
#4319 =( GEOMETRIC_REPRESENTATION_CONTEXT ( 3 ) GLOBAL_UNCERTAINTY_ASSIGNED_CONTEXT ( ( #311 ) ) GLOBAL_UNIT_ASSIGNED_CONTEXT ( ( #3057, #2377, #3675 ) ) REPRESENTATION_CONTEXT ( 'NONE', 'WORKASPACE' ) );
#4320 = CARTESIAN_POINT ( 'NONE',  ( -1.807003620809172105E-17, 0.03499999999999998251, -0.1249999999999998612 ) ) ;
#4321 =( NAMED_UNIT ( * ) SI_UNIT ( $, .STERADIAN. ) SOLID_ANGLE_UNIT ( ) );
#4322 = EDGE_LOOP ( 'NONE', ( #2837, #380, #4121, #501 ) ) ;
#4323 = VECTOR ( 'NONE', #373, 1000.000000000000000 ) ;
#4324 = PRODUCT_DEFINITION ( 'UNKNOWN', '', #3878, #3027 ) ;
#4325 = CARTESIAN_POINT ( 'NONE',  ( -0.9250000000000000444, 0.03499999999999998251, 0.000000000000000000 ) ) ;
#4326 = CARTESIAN_POINT ( 'NONE',  ( -0.5750000000000001776, 0.8399999999999999689, -0.5749999999999999556 ) ) ;
#4327 = LINE ( 'NONE', #272, #2855 ) ;
#4328 = SURFACE_STYLE_USAGE ( .BOTH. , #248 ) ;
#4329 = LINE ( 'NONE', #1898, #1458 ) ;
#4330 = DIRECTION ( 'NONE',  ( 0.000000000000000000, -0.000000000000000000, -1.000000000000000000 ) ) ;
#4331 = PRESENTATION_STYLE_ASSIGNMENT (( #3306 ) ) ;
#4332 = CARTESIAN_POINT ( 'NONE',  ( 0.6250000000000015543, 0.000000000000000000, 0.3749999999999989453 ) ) ;
#4333 = ORIENTED_EDGE ( 'NONE', *, *, #1916, .T. ) ;
#4334 = CARTESIAN_POINT ( 'NONE',  ( 0.9250000000000000444, 0.000000000000000000, 0.000000000000000000 ) ) ;
#4335 = ORIENTED_EDGE ( 'NONE', *, *, #3475, .T. ) ;
#4336 = DIRECTION ( 'NONE',  ( -1.000000000000000000, 0.000000000000000000, -4.625929269271476645E-15 ) ) ;
#4337 = DIRECTION ( 'NONE',  ( 0.000000000000000000, -1.000000000000000000, 0.000000000000000000 ) ) ;
#4338 = VERTEX_POINT ( 'NONE', #1185 ) ;
#4339 = CARTESIAN_POINT ( 'NONE',  ( 0.3750000000000000000, 0.03500000000000000333, 0.6250000000000009992 ) ) ;
#4340 = CARTESIAN_POINT ( 'NONE',  ( 0.9249999999999999334, 0.3000000000000000444, 0.6250000000000002220 ) ) ;
#4341 = ORIENTED_EDGE ( 'NONE', *, *, #4403, .F. ) ;
#4342 = EDGE_CURVE ( 'NONE', #1561, #1146, #2285, .T. ) ;
#4343 = ORIENTED_EDGE ( 'NONE', *, *, #2333, .F. ) ;
#4344 = DIRECTION ( 'NONE',  ( 0.000000000000000000, 0.000000000000000000, 1.000000000000000000 ) ) ;
#4345 = CYLINDRICAL_SURFACE ( 'NONE', #2724, 0.1499999999999999389 ) ;
#4346 = LINE ( 'NONE', #1587, #4199 ) ;
#4347 = EDGE_CURVE ( 'NONE', #936, #2546, #3627, .T. ) ;
#4348 = ORIENTED_EDGE ( 'NONE', *, *, #2717, .T. ) ;
#4349 = CARTESIAN_POINT ( 'NONE',  ( 0.6250000000000008882, 0.03499999999999998251, -0.3750000000000000000 ) ) ;
#4350 = CARTESIAN_POINT ( 'NONE',  ( -0.6250000000000000000, 0.03499999999999998251, -0.6250000000000009992 ) ) ;
#4351 = PLANE ( 'NONE',  #268 ) ;
#4352 = ORIENTED_EDGE ( 'NONE', *, *, #1538, .T. ) ;
#4353 = CARTESIAN_POINT ( 'NONE',  ( 0.2399999999999991307, 0.7999999999999999334, 0.3899999999999990696 ) ) ;
#4354 = AXIS2_PLACEMENT_3D ( 'NONE', #4197, #3015, #2349 ) ;
#4355 = EDGE_LOOP ( 'NONE', ( #2072, #3332, #2171, #4072 ) ) ;
#4356 = AXIS2_PLACEMENT_3D ( 'NONE', #4008, #2032, #1966 ) ;
#4357 = AXIS2_PLACEMENT_3D ( 'NONE', #1906, #3335, #262 ) ;
#4358 = DIRECTION ( 'NONE',  ( 0.000000000000000000, 0.000000000000000000, 1.000000000000000000 ) ) ;
#4359 = AXIS2_PLACEMENT_3D ( 'NONE', #2026, #315, #1315 ) ;
#4360 = LINE ( 'NONE', #1311, #1433 ) ;
#4361 = VERTEX_POINT ( 'NONE', #2644 ) ;
#4362 = UNCERTAINTY_MEASURE_WITH_UNIT (LENGTH_MEASURE( 1.000000000000000082E-05 ), #711, 'distance_accuracy_value', 'NONE');
#4363 = EDGE_LOOP ( 'NONE', ( #3801, #2000, #1335, #2292 ) ) ;
#4364 = DIRECTION ( 'NONE',  ( -8.673617379884034239E-17, 0.000000000000000000, -1.000000000000000000 ) ) ;
#4365 = CARTESIAN_POINT ( 'NONE',  ( 0.9250000000000000444, 0.000000000000000000, 0.3749999999999983902 ) ) ;
#4366 = ORIENTED_EDGE ( 'NONE', *, *, #3418, .T. ) ;
#4367 = VERTEX_POINT ( 'NONE', #3986 ) ;
#4368 = EDGE_CURVE ( 'NONE', #3996, #961, #4374, .T. ) ;
#4369 = CARTESIAN_POINT ( 'NONE',  ( 0.000000000000000000, 0.03499999999999998251, -0.6250000000000009992 ) ) ;
#4370 = DIRECTION ( 'NONE',  ( -0.000000000000000000, -1.000000000000000000, -0.000000000000000000 ) ) ;
#4371 = DIRECTION ( 'NONE',  ( -0.000000000000000000, -1.000000000000000000, -0.000000000000000000 ) ) ;
#4372 = ADVANCED_FACE ( 'NONE', ( #2406 ), #971, .F. ) ;
#4373 = ORIENTED_EDGE ( 'NONE', *, *, #3331, .F. ) ;
#4374 = LINE ( 'NONE', #2307, #2604 ) ;
#4375 = AXIS2_PLACEMENT_3D ( 'NONE', #2259, #897, #2902 ) ;
#4376 = EDGE_CURVE ( 'NONE', #874, #2965, #611, .T. ) ;
#4377 = AXIS2_PLACEMENT_3D ( 'NONE', #2729, #4104, #1059 ) ;
#4378 = CARTESIAN_POINT ( 'NONE',  ( 0.000000000000000000, 0.03500000000000000333, 0.000000000000000000 ) ) ;
#4379 = FACE_OUTER_BOUND ( 'NONE', #3258, .T. ) ;
#4380 = DIRECTION ( 'NONE',  ( -1.000000000000000000, 0.000000000000000000, 0.000000000000000000 ) ) ;
#4381 = DIRECTION ( 'NONE',  ( 0.000000000000000000, 0.000000000000000000, 1.000000000000000000 ) ) ;
#4382 = VECTOR ( 'NONE', #2830, 1000.000000000000000 ) ;
#4383 = DIRECTION ( 'NONE',  ( -4.625929269271476645E-15, 0.000000000000000000, 1.000000000000000000 ) ) ;
#4384 = CARTESIAN_POINT ( 'NONE',  ( -0.6249999999999997780, 0.03499999999999998251, 1.807003620809173892E-16 ) ) ;
#4385 = VERTEX_POINT ( 'NONE', #4349 ) ;
#4386 = ORIENTED_EDGE ( 'NONE', *, *, #90, .F. ) ;
#4387 =( NAMED_UNIT ( * ) SI_UNIT ( $, .STERADIAN. ) SOLID_ANGLE_UNIT ( ) );
#4388 = LINE ( 'NONE', #644, #1941 ) ;
#4389 = ORIENTED_EDGE ( 'NONE', *, *, #2737, .T. ) ;
#4390 = VECTOR ( 'NONE', #3689, 1000.000000000000000 ) ;
#4391 = ORIENTED_EDGE ( 'NONE', *, *, #1787, .T. ) ;
#4392 = FACE_OUTER_BOUND ( 'NONE', #4059, .T. ) ;
#4393 = EDGE_LOOP ( 'NONE', ( #3793, #1515, #3257, #3662 ) ) ;
#4394 = VECTOR ( 'NONE', #1262, 1000.000000000000000 ) ;
#4395 = CARTESIAN_POINT ( 'NONE',  ( 0.1249999999999999722, 0.03500000000000000333, 0.6250000000000009992 ) ) ;
#4396 = CARTESIAN_POINT ( 'NONE',  ( 1.000000000000000888, 0.03500000000000000333, -0.3750000000000000000 ) ) ;
#4397 = DIRECTION ( 'NONE',  ( 0.000000000000000000, 0.000000000000000000, 1.000000000000000000 ) ) ;
#4398 = ADVANCED_FACE ( 'NONE', ( #652 ), #1719, .F. ) ;
#4399 = EDGE_CURVE ( 'NONE', #1101, #1843, #3414, .T. ) ;
#4400 = AXIS2_PLACEMENT_3D ( 'NONE', #2599, #188, #4304 ) ;
#4401 = VERTEX_POINT ( 'NONE', #2059 ) ;
#4402 = DIRECTION ( 'NONE',  ( 1.000000000000000000, 0.000000000000000000, 1.734723475976807094E-15 ) ) ;
#4403 = EDGE_CURVE ( 'NONE', #1397, #787, #3079, .T. ) ;
#4404 = CARTESIAN_POINT ( 'NONE',  ( 1.000000000000001110, 0.03500000000000000333, 0.1249999999999982653 ) ) ;
#4405 = ADVANCED_FACE ( 'NONE', ( #275 ), #4080, .T. ) ;
#4406 = DIRECTION ( 'NONE',  ( 0.000000000000000000, -1.000000000000000000, 0.000000000000000000 ) ) ;
#4407 = ORIENTED_EDGE ( 'NONE', *, *, #3037, .T. ) ;
#4408 = EDGE_LOOP ( 'NONE', ( #3407, #2436, #1424, #2861 ) ) ;
#4409 = ORIENTED_EDGE ( 'NONE', *, *, #353, .T. ) ;
#4410 = CARTESIAN_POINT ( 'NONE',  ( -0.9250000000000002665, 0.2999999999999999334, 0.6250000000000001110 ) ) ;
ENDSEC;
END-ISO-10303-21;
